{
  "cameras": {
    "Camera 1": {
      "rvec": [
        [
          0.4657873803996328
        ],
        [
          -0.5092032118652823
        ],
        [
          0.03128703725514443
        ]
      ],
      "tvec": [
        [
          13.835602119712604
        ],
        [
          131.54777434775033
        ],
        [
          102.05226182668643
        ]
      ],
      "camera_matrix": [
        [
          1740.8,
          0.0,
          1024.0
        ],
        [
          0.0,
          1740.8,
          768.0
        ],
        [
          0.0,
          0.0,
          1.0
        ]
      ],
      "dist_coeffs": [
        0.0,
        0.0,
        0.0,
        0.0,
        0.0
      ],
      "image_size": [
        2048,
        1536
      ]
    },
    "Camera 2": {
      "rvec": [
        [
          0.3434991956291411
        ],
        [
          0.3390133074116199
        ],
        [
          0.05313100584184817
        ]
      ],
      "tvec": [
        [
          -240.97957494022737
        ],
        [
          104.13508584433039
        ],
        [
          169.59375899828066
        ]
      ],
      "camera_matrix": [
        [
          1740.8,
          0.0,
          1024.0
        ],
        [
          0.0,
          1740.8,
          768.0
        ],
        [
          0.0,
          0.0,
          1.0
        ]
      ],
      "dist_coeffs": [
        0.0,
        0.0,
        0.0,
        0.0,
        0.0
      ],
      "image_size": [
        2048,
        1536
      ]
    }
  },
  "synth_width": 800,
  "synth_height": 600,
  "cm_per_pixel": 1.0,
  "calibration_type": "3d_pose",
  "units": "centimeters"
}