{
  "cameras": {
    "Camera 1": {
      "rvec": [
        [
          0.46074300850781336
        ],
        [
          -0.4127805055528336
        ],
        [
          -0.009442638186905642
        ]
      ],
      "tvec": [
        [
          17.243490769234217
        ],
        [
          126.13041019749261
        ],
        [
          97.0784130910368
        ]
      ],
      "camera_matrix": [
        [
          1740.8,
          0.0,
          1024.0
        ],
        [
          0.0,
          1740.8,
          768.0
        ],
        [
          0.0,
          0.0,
          1.0
        ]
      ],
      "dist_coeffs": [
        0.0,
        0.0,
        0.0,
        0.0,
        0.0
      ],
      "image_size": [
        2048,
        1536
      ]
    },
    "Camera 2": {
      "rvec": [
        [
          0.35250408557493773
        ],
        [
          0.34352705393970345
        ],
        [
          0.04796832442276808
        ]
      ],
      "tvec": [
        [
          -242.13380956513308
        ],
        [
          105.72803706977268
        ],
        [
          171.0817657992495
        ]
      ],
      "camera_matrix": [
        [
          1740.8,
          0.0,
          1024.0
        ],
        [
          0.0,
          1740.8,
          768.0
        ],
        [
          0.0,
          0.0,
          1.0
        ]
      ],
      "dist_coeffs": [
        0.0,
        0.0,
        0.0,
        0.0,
        0.0
      ],
      "image_size": [
        2048,
        1536
      ]
    }
  },
  "synth_width": 800,
  "synth_height": 600,
  "cm_per_pixel": 1.0,
  "calibration_type": "3d_pose",
  "units": "centimeters"
}