{
  "cameras": {
    "Camera 1": {
      "rvec": [
        [
          2.4010185518837655
        ],
        [
          1.7891903942839014
        ],
        [
          2.1348711042452293
        ]
      ],
      "tvec": [
        [
          -19.96662565576115
        ],
        [
          -99.24859653022118
        ],
        [
          -41.31233881314605
        ]
      ],
      "camera_matrix": [
        [
          1740.8,
          0.0,
          1024.0
        ],
        [
          0.0,
          1740.8,
          768.0
        ],
        [
          0.0,
          0.0,
          1.0
        ]
      ],
      "dist_coeffs": [
        0.0,
        0.0,
        0.0,
        0.0,
        0.0
      ],
      "image_size": [
        2048,
        1536
      ]
    },
    "Camera 2": {
      "rvec": [
        [
          2.4323719952756018
        ],
        [
          -2.036762899326048
        ],
        [
          -2.2021242589464967
        ]
      ],
      "tvec": [
        [
          19.11496734979797
        ],
        [
          -51.48275933482739
        ],
        [
          185.94403732397072
        ]
      ],
      "camera_matrix": [
        [
          1740.8,
          0.0,
          1024.0
        ],
        [
          0.0,
          1740.8,
          768.0
        ],
        [
          0.0,
          0.0,
          1.0
        ]
      ],
      "dist_coeffs": [
        0.0,
        0.0,
        0.0,
        0.0,
        0.0
      ],
      "image_size": [
        2048,
        1536
      ]
    }
  },
  "synth_width": 800,
  "synth_height": 600,
  "cm_per_pixel": 1.0,
  "calibration_type": "3d_pose",
  "units": "centimeters",
  "street_level_y": -66.0,
  "adjusted_for_street_level": true,
  "height_corrected": true,
  "camera_height_above_street": 50.0
}