
=== Engagement at 2026-03-02 17:03:28 ===
Hour: 17, Period: evening
Mode: idle (duration: 4.5s)
Aggression: 0.02
Flow: direction=0.06, x_offset=-3.5
Light position (normalized): x=0.34, z=0.26
Almost-engaged: False, strategy: none
Person zone: active

=== Engagement at 2026-03-02 17:05:03 ===
Hour: 17, Period: evening
Mode: flow (duration: 81.7s)
Aggression: 0.04
Flow: direction=1.00, x_offset=-60.0
Light position (normalized): x=0.48, z=0.48
Almost-engaged: False, strategy: none
Person zone: active

=== Engagement at 2026-03-02 17:05:32 ===
Hour: 17, Period: evening
Mode: flow (duration: 15.9s)
Aggression: 0.03
Flow: direction=0.28, x_offset=-16.7
Light position (normalized): x=0.39, z=0.57
Almost-engaged: False, strategy: none
Person zone: active

=== Engagement at 2026-03-02 17:05:32 ===
Hour: 17, Period: evening
Mode: flow (duration: 15.9s)
Aggression: 0.03
Flow: direction=0.28, x_offset=-16.7
Light position (normalized): x=0.39, z=0.57
Almost-engaged: False, strategy: none
Person zone: active

=== Engagement at 2026-03-02 17:06:03 ===
Hour: 17, Period: evening
Mode: flow (duration: 18.2s)
Aggression: 0.02
Flow: direction=0.29, x_offset=-17.2
Light position (normalized): x=0.26, z=0.42
Almost-engaged: False, strategy: none
Person zone: active

=== Engagement at 2026-03-02 17:06:04 ===
Hour: 17, Period: evening
Mode: engaged (duration: 0.9s)
Aggression: 0.00
Flow: direction=0.33, x_offset=-20.1
Light position (normalized): x=0.59, z=0.56
Almost-engaged: False, strategy: none
Person zone: active

=== Engagement at 2026-03-02 17:06:04 ===
Hour: 17, Period: evening
Mode: engaged (duration: 0.9s)
Aggression: 0.00
Flow: direction=0.33, x_offset=-20.1
Light position (normalized): x=0.59, z=0.56
Almost-engaged: False, strategy: none
Person zone: active

=== Engagement at 2026-03-02 17:06:30 ===
Hour: 17, Period: evening
Mode: flow (duration: 14.1s)
Aggression: 0.03
Flow: direction=0.50, x_offset=-29.8
Light position (normalized): x=0.71, z=0.20
Almost-engaged: False, strategy: none
Person zone: active

=== Engagement at 2026-03-02 17:07:02 ===
Hour: 17, Period: evening
Mode: flow (duration: 19.2s)
Aggression: 0.01
Flow: direction=0.78, x_offset=-46.6
Light position (normalized): x=0.41, z=0.42
Almost-engaged: False, strategy: none
Person zone: active

=== Engagement at 2026-03-02 17:07:02 ===
Hour: 17, Period: evening
Mode: flow (duration: 19.2s)
Aggression: 0.01
Flow: direction=0.78, x_offset=-46.6
Light position (normalized): x=0.41, z=0.42
Almost-engaged: False, strategy: none
Person zone: active

=== Engagement at 2026-03-02 17:07:04 ===
Hour: 17, Period: evening
Mode: engaged (duration: 1.8s)
Aggression: 0.00
Flow: direction=0.83, x_offset=-50.0
Light position (normalized): x=0.00, z=1.00
Almost-engaged: False, strategy: none
Person zone: active

=== Engagement at 2026-03-02 17:07:07 ===
Hour: 17, Period: evening
Mode: engaged (duration: 4.9s)
Aggression: 0.00
Flow: direction=0.90, x_offset=-54.0
Light position (normalized): x=0.79, z=0.41
Almost-engaged: False, strategy: none
Person zone: active

=== Engagement at 2026-03-02 17:07:07 ===
Hour: 17, Period: evening
Mode: engaged (duration: 4.9s)
Aggression: 0.00
Flow: direction=0.90, x_offset=-54.0
Light position (normalized): x=0.79, z=0.41
Almost-engaged: False, strategy: none
Person zone: active

=== Engagement at 2026-03-02 17:08:38 ===
Hour: 17, Period: evening
Mode: flow (duration: 81.1s)
Aggression: 0.04
Flow: direction=-0.08, x_offset=4.5
Light position (normalized): x=0.63, z=0.35
Almost-engaged: False, strategy: none
Person zone: active

=== Engagement at 2026-03-02 17:08:44 ===
Hour: 17, Period: evening
Mode: engaged (duration: 5.5s)
Aggression: 0.01
Flow: direction=-0.04, x_offset=1.8
Light position (normalized): x=0.39, z=0.27
Almost-engaged: False, strategy: none
Person zone: active

=== Engagement at 2026-03-02 17:10:01 ===
Hour: 17, Period: evening
Mode: flow (duration: 69.6s)
Aggression: 0.07
Flow: direction=0.07, x_offset=-4.1
Light position (normalized): x=0.33, z=0.39
Almost-engaged: False, strategy: none
Person zone: active

=== Engagement at 2026-03-02 17:10:18 ===
Hour: 17, Period: evening
Mode: flow (duration: 4.7s)
Aggression: 0.01
Flow: direction=0.30, x_offset=-18.3
Light position (normalized): x=0.69, z=0.39
Almost-engaged: False, strategy: none
Person zone: active

=== Engagement at 2026-03-02 17:10:29 ===
Hour: 17, Period: evening
Mode: engaged (duration: 10.8s)
Aggression: 0.00
Flow: direction=0.68, x_offset=-40.8
Light position (normalized): x=0.58, z=0.37
Almost-engaged: False, strategy: none
Person zone: active

=== Engagement at 2026-03-02 17:10:29 ===
Hour: 17, Period: evening
Mode: engaged (duration: 10.8s)
Aggression: 0.00
Flow: direction=0.68, x_offset=-40.8
Light position (normalized): x=0.58, z=0.37
Almost-engaged: False, strategy: none
Person zone: active

=== Engagement at 2026-03-02 17:12:12 ===
Hour: 17, Period: evening
Mode: flow (duration: 96.1s)
Aggression: 0.08
Flow: direction=0.53, x_offset=-31.6
Light position (normalized): x=0.74, z=0.38
Almost-engaged: False, strategy: none
Person zone: active

=== Engagement at 2026-03-02 17:12:19 ===
Hour: 17, Period: evening
Mode: engaged (duration: 6.9s)
Aggression: 0.00
Flow: direction=0.27, x_offset=-3.6
Light position (normalized): x=0.67, z=0.39
Almost-engaged: False, strategy: none
Person zone: active

=== Engagement at 2026-03-02 17:12:19 ===
Hour: 17, Period: evening
Mode: engaged (duration: 6.9s)
Aggression: 0.00
Flow: direction=0.27, x_offset=-3.6
Light position (normalized): x=0.67, z=0.39
Almost-engaged: False, strategy: none
Person zone: active

=== Engagement at 2026-03-02 17:12:57 ===
Hour: 17, Period: evening
Mode: flow (duration: 28.5s)
Aggression: 0.05
Flow: direction=0.57, x_offset=-34.1
Light position (normalized): x=0.63, z=0.53
Almost-engaged: False, strategy: none
Person zone: active

=== Engagement at 2026-03-02 17:12:57 ===
Hour: 17, Period: evening
Mode: flow (duration: 28.5s)
Aggression: 0.05
Flow: direction=0.57, x_offset=-34.1
Light position (normalized): x=0.63, z=0.53
Almost-engaged: False, strategy: none
Person zone: active

=== Engagement at 2026-03-02 17:13:25 ===
Hour: 17, Period: evening
Mode: idle (duration: 12.2s)
Aggression: 0.01
Flow: direction=0.82, x_offset=-49.4
Light position (normalized): x=0.72, z=0.28
Almost-engaged: False, strategy: none
Person zone: active

=== Engagement at 2026-03-02 17:13:35 ===
Hour: 17, Period: evening
Mode: engaged (duration: 9.6s)
Aggression: 0.01
Flow: direction=0.45, x_offset=-27.3
Light position (normalized): x=0.47, z=0.08
Almost-engaged: False, strategy: none
Person zone: active

=== Engagement at 2026-03-02 17:13:35 ===
Hour: 17, Period: evening
Mode: engaged (duration: 9.6s)
Aggression: 0.01
Flow: direction=0.45, x_offset=-27.3
Light position (normalized): x=0.47, z=0.08
Almost-engaged: False, strategy: none
Person zone: active

=== Engagement at 2026-03-02 17:14:45 ===
Hour: 17, Period: evening
Mode: flow (duration: 62.7s)
Aggression: 0.06
Flow: direction=0.81, x_offset=-48.7
Light position (normalized): x=0.27, z=0.46
Almost-engaged: False, strategy: none
Person zone: active

=== Engagement at 2026-03-02 17:16:34 ===
Hour: 17, Period: evening
Mode: flow (duration: 96.3s)
Aggression: 0.08
Flow: direction=-0.24, x_offset=14.1
Light position (normalized): x=0.77, z=0.22
Almost-engaged: False, strategy: none
Person zone: active

=== Engagement at 2026-03-02 17:17:00 ===
Hour: 17, Period: evening
Mode: flow (duration: 12.4s)
Aggression: 0.03
Flow: direction=0.61, x_offset=-36.8
Light position (normalized): x=0.42, z=0.12
Almost-engaged: False, strategy: none
Person zone: active

=== Engagement at 2026-03-02 17:17:02 ===
Hour: 17, Period: evening
Mode: engaged (duration: 2.0s)
Aggression: 0.00
Flow: direction=0.61, x_offset=-36.5
Light position (normalized): x=0.27, z=0.12
Almost-engaged: False, strategy: none
Person zone: active

=== Engagement at 2026-03-02 17:17:13 ===
Hour: 17, Period: evening
Mode: flow (duration: 0.1s)
Aggression: 0.01
Flow: direction=0.65, x_offset=-38.8
Light position (normalized): x=0.60, z=0.27
Almost-engaged: False, strategy: none
Person zone: active

=== Engagement at 2026-03-02 17:17:13 ===
Hour: 17, Period: evening
Mode: flow (duration: 0.1s)
Aggression: 0.01
Flow: direction=0.65, x_offset=-38.8
Light position (normalized): x=0.60, z=0.27
Almost-engaged: False, strategy: none
Person zone: active

=== Engagement at 2026-03-02 17:18:25 ===
Hour: 17, Period: evening
Mode: flow (duration: 72.0s)
Aggression: 0.05
Flow: direction=0.06, x_offset=-3.6
Light position (normalized): x=0.38, z=0.37
Almost-engaged: False, strategy: none
Person zone: active

=== Engagement at 2026-03-02 17:18:25 ===
Hour: 17, Period: evening
Mode: flow (duration: 72.0s)
Aggression: 0.05
Flow: direction=0.06, x_offset=-3.6
Light position (normalized): x=0.38, z=0.37
Almost-engaged: False, strategy: none
Person zone: active

=== Engagement at 2026-03-02 17:18:32 ===
Hour: 17, Period: evening
Mode: engaged (duration: 7.5s)
Aggression: 0.01
Flow: direction=0.33, x_offset=-19.8
Light position (normalized): x=0.76, z=0.42
Almost-engaged: False, strategy: none
Person zone: active

=== Engagement at 2026-03-02 17:18:34 ===
Hour: 17, Period: evening
Mode: engaged (duration: 8.9s)
Aggression: 0.00
Flow: direction=0.36, x_offset=-21.4
Light position (normalized): x=0.63, z=0.37
Almost-engaged: False, strategy: none
Person zone: active

=== Engagement at 2026-03-02 17:19:12 ===
Hour: 17, Period: evening
Mode: flow (duration: 32.7s)
Aggression: 0.03
Flow: direction=0.28, x_offset=-17.0
Light position (normalized): x=0.58, z=0.11
Almost-engaged: False, strategy: none
Person zone: active

=== Engagement at 2026-03-02 17:20:10 ===
Hour: 17, Period: evening
Mode: flow (duration: 45.3s)
Aggression: 0.03
Flow: direction=0.29, x_offset=-17.7
Light position (normalized): x=0.26, z=0.30
Almost-engaged: False, strategy: none
Person zone: active

=== Engagement at 2026-03-02 17:20:47 ===
Hour: 17, Period: evening
Mode: flow (duration: 23.9s)
Aggression: 0.02
Flow: direction=0.60, x_offset=-36.1
Light position (normalized): x=0.52, z=0.10
Almost-engaged: False, strategy: none
Person zone: active

=== Engagement at 2026-03-02 17:21:56 ===
Hour: 17, Period: evening
Mode: flow (duration: 56.0s)
Aggression: 0.05
Flow: direction=0.47, x_offset=-28.1
Light position (normalized): x=0.37, z=0.34
Almost-engaged: False, strategy: none
Person zone: active

=== Engagement at 2026-03-02 17:21:56 ===
Hour: 17, Period: evening
Mode: flow (duration: 56.0s)
Aggression: 0.05
Flow: direction=0.47, x_offset=-28.1
Light position (normalized): x=0.37, z=0.34
Almost-engaged: False, strategy: none
Person zone: active

=== Engagement at 2026-03-02 17:22:02 ===
Hour: 17, Period: evening
Mode: engaged (duration: 5.1s)
Aggression: 0.00
Flow: direction=0.17, x_offset=-10.1
Light position (normalized): x=0.22, z=0.47
Almost-engaged: False, strategy: none
Person zone: active

=== Engagement at 2026-03-02 17:22:02 ===
Hour: 17, Period: evening
Mode: engaged (duration: 5.1s)
Aggression: 0.00
Flow: direction=0.17, x_offset=-10.1
Light position (normalized): x=0.22, z=0.47
Almost-engaged: False, strategy: none
Person zone: active

=== Engagement at 2026-03-02 17:25:38 ===
Hour: 17, Period: evening
Mode: flow (duration: 208.2s)
Aggression: 0.09
Flow: direction=-0.27, x_offset=16.0
Light position (normalized): x=0.32, z=0.40
Almost-engaged: False, strategy: none
Person zone: active

=== Engagement at 2026-03-02 17:26:23 ===
Hour: 17, Period: evening
Mode: flow (duration: 32.2s)
Aggression: 0.04
Flow: direction=0.28, x_offset=-16.6
Light position (normalized): x=0.83, z=0.58
Almost-engaged: False, strategy: none
Person zone: active

=== Engagement at 2026-03-02 17:27:06 ===
Hour: 17, Period: evening
Mode: flow (duration: 29.5s)
Aggression: 0.02
Flow: direction=0.91, x_offset=-54.8
Light position (normalized): x=0.58, z=0.45
Almost-engaged: False, strategy: none
Person zone: active

=== Engagement at 2026-03-02 17:27:22 ===
Hour: 17, Period: evening
Mode: flow (duration: 3.3s)
Aggression: 0.01
Flow: direction=0.76, x_offset=-45.8
Light position (normalized): x=0.72, z=0.15
Almost-engaged: False, strategy: none
Person zone: active

=== Engagement at 2026-03-02 17:27:42 ===
Hour: 17, Period: evening
Mode: flow (duration: 7.4s)
Aggression: 0.01
Flow: direction=-0.33, x_offset=19.5
Light position (normalized): x=0.66, z=0.18
Almost-engaged: False, strategy: none
Person zone: active

=== Engagement at 2026-03-02 17:29:58 ===
Hour: 17, Period: evening
Mode: flow (duration: 122.8s)
Aggression: 0.08
Flow: direction=0.62, x_offset=-37.3
Light position (normalized): x=0.69, z=0.06
Almost-engaged: False, strategy: none
Person zone: active

=== Engagement at 2026-03-02 17:30:00 ===
Hour: 17, Period: evening
Mode: engaged (duration: 2.1s)
Aggression: 0.00
Flow: direction=0.55, x_offset=-33.2
Light position (normalized): x=0.86, z=0.07
Almost-engaged: False, strategy: none
Person zone: active

=== Engagement at 2026-03-02 17:30:11 ===
Hour: 17, Period: evening
Mode: engaged (duration: 12.9s)
Aggression: 0.00
Flow: direction=0.31, x_offset=-18.6
Light position (normalized): x=0.72, z=0.10
Almost-engaged: False, strategy: none
Person zone: active

=== Engagement at 2026-03-02 17:30:18 ===
Hour: 17, Period: evening
Mode: flow (duration: 1.2s)
Aggression: 0.02
Flow: direction=0.23, x_offset=-13.7
Light position (normalized): x=0.65, z=0.42
Almost-engaged: False, strategy: none
Person zone: active

=== Engagement at 2026-03-02 17:30:20 ===
Hour: 17, Period: evening
Mode: engaged (duration: 0.9s)
Aggression: 0.00
Flow: direction=0.22, x_offset=-13.0
Light position (normalized): x=0.77, z=0.22
Almost-engaged: False, strategy: none
Person zone: active

=== Engagement at 2026-03-02 17:30:20 ===
Hour: 17, Period: evening
Mode: engaged (duration: 0.9s)
Aggression: 0.00
Flow: direction=0.22, x_offset=-13.0
Light position (normalized): x=0.77, z=0.22
Almost-engaged: False, strategy: none
Person zone: active

=== Engagement at 2026-03-02 17:31:24 ===
Hour: 17, Period: evening
Mode: flow (duration: 52.3s)
Aggression: 0.02
Flow: direction=0.77, x_offset=-46.1
Light position (normalized): x=0.38, z=0.35
Almost-engaged: False, strategy: none
Person zone: active

=== Engagement at 2026-03-02 17:31:24 ===
Hour: 17, Period: evening
Mode: flow (duration: 52.3s)
Aggression: 0.02
Flow: direction=0.77, x_offset=-46.1
Light position (normalized): x=0.38, z=0.35
Almost-engaged: False, strategy: none
Person zone: active

=== Engagement at 2026-03-02 17:32:08 ===
Hour: 17, Period: evening
Mode: flow (duration: 30.6s)
Aggression: 0.05
Flow: direction=0.49, x_offset=-29.1
Light position (normalized): x=0.82, z=0.42
Almost-engaged: False, strategy: none
Person zone: active

=== Engagement at 2026-03-02 17:32:13 ===
Hour: 17, Period: evening
Mode: engaged (duration: 5.0s)
Aggression: 0.00
Flow: direction=0.43, x_offset=-25.9
Light position (normalized): x=0.32, z=0.53
Almost-engaged: False, strategy: none
Person zone: active

=== Engagement at 2026-03-02 17:34:01 ===
Hour: 17, Period: evening
Mode: flow (duration: 100.1s)
Aggression: 0.07
Flow: direction=0.33, x_offset=-20.0
Light position (normalized): x=0.23, z=0.33
Almost-engaged: False, strategy: none
Person zone: active

=== Engagement at 2026-03-02 17:34:01 ===
Hour: 17, Period: evening
Mode: flow (duration: 100.1s)
Aggression: 0.07
Flow: direction=0.33, x_offset=-20.0
Light position (normalized): x=0.23, z=0.33
Almost-engaged: False, strategy: none
Person zone: active

=== Engagement at 2026-03-02 17:35:12 ===
Hour: 17, Period: evening
Mode: flow (duration: 57.6s)
Aggression: 0.02
Flow: direction=0.02, x_offset=-1.4
Light position (normalized): x=0.50, z=0.12
Almost-engaged: False, strategy: none
Person zone: active

=== Engagement at 2026-03-02 17:35:12 ===
Hour: 17, Period: evening
Mode: flow (duration: 57.6s)
Aggression: 0.02
Flow: direction=0.02, x_offset=-1.4
Light position (normalized): x=0.50, z=0.12
Almost-engaged: False, strategy: none
Person zone: active

=== Engagement at 2026-03-02 17:35:29 ===
Hour: 17, Period: evening
Mode: flow (duration: 4.0s)
Aggression: 0.00
Flow: direction=0.06, x_offset=-3.8
Light position (normalized): x=0.27, z=0.15
Almost-engaged: False, strategy: none
Person zone: active

=== Engagement at 2026-03-02 17:35:29 ===
Hour: 17, Period: evening
Mode: flow (duration: 4.0s)
Aggression: 0.00
Flow: direction=0.06, x_offset=-3.8
Light position (normalized): x=0.27, z=0.15
Almost-engaged: False, strategy: none
Person zone: active

=== Engagement at 2026-03-02 17:37:37 ===
Hour: 17, Period: evening
Mode: flow (duration: 114.6s)
Aggression: 0.08
Flow: direction=0.00, x_offset=-0.1
Light position (normalized): x=0.81, z=0.58
Almost-engaged: False, strategy: none
Person zone: active

=== Engagement at 2026-03-02 17:39:39 ===
Hour: 17, Period: evening
Mode: flow (duration: 109.7s)
Aggression: 0.08
Flow: direction=0.32, x_offset=-19.4
Light position (normalized): x=0.80, z=0.33
Almost-engaged: False, strategy: none
Person zone: active

=== Engagement at 2026-03-02 17:39:39 ===
Hour: 17, Period: evening
Mode: flow (duration: 109.7s)
Aggression: 0.08
Flow: direction=0.32, x_offset=-19.4
Light position (normalized): x=0.80, z=0.33
Almost-engaged: False, strategy: none
Person zone: active

=== Engagement at 2026-03-02 17:41:32 ===
Hour: 17, Period: evening
Mode: flow (duration: 99.3s)
Aggression: 0.07
Flow: direction=0.88, x_offset=-52.7
Light position (normalized): x=0.33, z=0.47
Almost-engaged: False, strategy: none
Person zone: active

=== Engagement at 2026-03-02 17:42:38 ===
Hour: 17, Period: evening
Mode: flow (duration: 53.5s)
Aggression: 0.04
Flow: direction=-0.56, x_offset=33.9
Light position (normalized): x=0.28, z=0.51
Almost-engaged: False, strategy: none
Person zone: active

=== Engagement at 2026-03-02 17:42:38 ===
Hour: 17, Period: evening
Mode: flow (duration: 53.5s)
Aggression: 0.04
Flow: direction=-0.56, x_offset=33.9
Light position (normalized): x=0.28, z=0.51
Almost-engaged: False, strategy: none
Person zone: active

=== Engagement at 2026-03-02 17:43:01 ===
Hour: 17, Period: evening
Mode: flow (duration: 9.1s)
Aggression: 0.01
Flow: direction=0.39, x_offset=-23.2
Light position (normalized): x=0.59, z=0.59
Almost-engaged: False, strategy: none
Person zone: active

=== Engagement at 2026-03-02 17:43:01 ===
Hour: 17, Period: evening
Mode: flow (duration: 9.1s)
Aggression: 0.01
Flow: direction=0.39, x_offset=-23.2
Light position (normalized): x=0.59, z=0.59
Almost-engaged: False, strategy: none
Person zone: active

=== Engagement at 2026-03-02 17:43:08 ===
Hour: 17, Period: evening
Mode: engaged (duration: 7.6s)
Aggression: 0.01
Flow: direction=0.63, x_offset=-38.0
Light position (normalized): x=0.38, z=0.52
Almost-engaged: False, strategy: none
Person zone: active

=== Engagement at 2026-03-02 17:43:08 ===
Hour: 17, Period: evening
Mode: engaged (duration: 7.6s)
Aggression: 0.01
Flow: direction=0.63, x_offset=-38.0
Light position (normalized): x=0.38, z=0.52
Almost-engaged: False, strategy: none
Person zone: active

=== Engagement at 2026-03-02 17:43:09 ===
Hour: 17, Period: evening
Mode: engaged (duration: 8.6s)
Aggression: 0.00
Flow: direction=0.64, x_offset=-38.4
Light position (normalized): x=1.00, z=1.00
Almost-engaged: False, strategy: none
Person zone: active

=== Engagement at 2026-03-02 17:43:09 ===
Hour: 17, Period: evening
Mode: engaged (duration: 8.6s)
Aggression: 0.00
Flow: direction=0.64, x_offset=-38.4
Light position (normalized): x=1.00, z=1.00
Almost-engaged: False, strategy: none
Person zone: active

=== Engagement at 2026-03-02 17:43:22 ===
Hour: 17, Period: evening
Mode: flow (duration: 6.8s)
Aggression: 0.01
Flow: direction=0.45, x_offset=-26.9
Light position (normalized): x=0.46, z=0.47
Almost-engaged: False, strategy: none
Person zone: active

=== Engagement at 2026-03-02 17:43:22 ===
Hour: 17, Period: evening
Mode: flow (duration: 6.8s)
Aggression: 0.01
Flow: direction=0.45, x_offset=-26.9
Light position (normalized): x=0.46, z=0.47
Almost-engaged: False, strategy: none
Person zone: active

=== Engagement at 2026-03-02 17:43:37 ===
Hour: 17, Period: evening
Mode: flow (duration: 2.1s)
Aggression: 0.02
Flow: direction=0.53, x_offset=-31.9
Light position (normalized): x=0.33, z=0.43
Almost-engaged: False, strategy: none
Person zone: active

=== Engagement at 2026-03-02 17:43:37 ===
Hour: 17, Period: evening
Mode: flow (duration: 2.1s)
Aggression: 0.02
Flow: direction=0.53, x_offset=-31.9
Light position (normalized): x=0.33, z=0.43
Almost-engaged: False, strategy: none
Person zone: active

=== Engagement at 2026-03-02 17:43:42 ===
Hour: 17, Period: evening
Mode: engaged (duration: 4.6s)
Aggression: 0.00
Flow: direction=0.51, x_offset=-30.8
Light position (normalized): x=0.13, z=0.62
Almost-engaged: False, strategy: none
Person zone: active

=== Engagement at 2026-03-02 17:43:42 ===
Hour: 17, Period: evening
Mode: engaged (duration: 4.6s)
Aggression: 0.00
Flow: direction=0.51, x_offset=-30.8
Light position (normalized): x=0.13, z=0.62
Almost-engaged: False, strategy: none
Person zone: active

=== Engagement at 2026-03-02 17:46:57 ===
Hour: 17, Period: evening
Mode: flow (duration: 186.5s)
Aggression: 0.08
Flow: direction=0.11, x_offset=-1.6
Light position (normalized): x=0.67, z=0.29
Almost-engaged: False, strategy: none
Person zone: active

=== Engagement at 2026-03-02 17:46:57 ===
Hour: 17, Period: evening
Mode: flow (duration: 186.5s)
Aggression: 0.08
Flow: direction=0.11, x_offset=-1.6
Light position (normalized): x=0.67, z=0.29
Almost-engaged: False, strategy: none
Person zone: active

=== Engagement at 2026-03-02 17:49:40 ===
Hour: 17, Period: evening
Mode: flow (duration: 149.9s)
Aggression: 0.08
Flow: direction=0.11, x_offset=-5.8
Light position (normalized): x=0.22, z=0.13
Almost-engaged: False, strategy: none
Person zone: active

=== Engagement at 2026-03-02 17:49:45 ===
Hour: 17, Period: evening
Mode: engaged (duration: 5.6s)
Aggression: 0.00
Flow: direction=0.14, x_offset=-8.2
Light position (normalized): x=0.37, z=0.50
Almost-engaged: False, strategy: none
Person zone: active

=== Engagement at 2026-03-02 17:50:08 ===
Hour: 17, Period: evening
Mode: flow (duration: 15.6s)
Aggression: 0.01
Flow: direction=0.23, x_offset=-13.8
Light position (normalized): x=0.43, z=0.56
Almost-engaged: False, strategy: none
Person zone: active

=== Engagement at 2026-03-02 17:50:08 ===
Hour: 17, Period: evening
Mode: flow (duration: 15.6s)
Aggression: 0.01
Flow: direction=0.23, x_offset=-13.8
Light position (normalized): x=0.43, z=0.56
Almost-engaged: False, strategy: none
Person zone: active

=== Engagement at 2026-03-02 17:50:11 ===
Hour: 17, Period: evening
Mode: engaged (duration: 2.4s)
Aggression: 0.00
Flow: direction=0.28, x_offset=-16.9
Light position (normalized): x=0.94, z=1.00
Almost-engaged: False, strategy: none
Person zone: active

=== Engagement at 2026-03-02 17:50:11 ===
Hour: 17, Period: evening
Mode: engaged (duration: 2.4s)
Aggression: 0.00
Flow: direction=0.28, x_offset=-16.9
Light position (normalized): x=0.94, z=1.00
Almost-engaged: False, strategy: none
Person zone: active

=== Engagement at 2026-03-02 17:50:11 ===
Hour: 17, Period: evening
Mode: engaged (duration: 2.9s)
Aggression: 0.00
Flow: direction=0.28, x_offset=-16.9
Light position (normalized): x=0.92, z=0.97
Almost-engaged: False, strategy: none
Person zone: active

=== Engagement at 2026-03-02 17:50:11 ===
Hour: 17, Period: evening
Mode: engaged (duration: 2.9s)
Aggression: 0.00
Flow: direction=0.28, x_offset=-16.9
Light position (normalized): x=0.92, z=0.97
Almost-engaged: False, strategy: none
Person zone: active

=== Engagement at 2026-03-02 17:51:36 ===
Hour: 17, Period: evening
Mode: flow (duration: 74.2s)
Aggression: 0.04
Flow: direction=0.50, x_offset=-29.7
Light position (normalized): x=0.54, z=0.11
Almost-engaged: False, strategy: none
Person zone: active

=== Engagement at 2026-03-02 17:52:44 ===
Hour: 17, Period: evening
Mode: flow (duration: 55.8s)
Aggression: 0.02
Flow: direction=0.99, x_offset=-59.6
Light position (normalized): x=0.54, z=0.48
Almost-engaged: False, strategy: none
Person zone: active

=== Engagement at 2026-03-02 17:52:44 ===
Hour: 17, Period: evening
Mode: flow (duration: 55.8s)
Aggression: 0.02
Flow: direction=0.99, x_offset=-59.6
Light position (normalized): x=0.54, z=0.48
Almost-engaged: False, strategy: none
Person zone: active

=== Engagement at 2026-03-02 17:53:06 ===
Hour: 17, Period: evening
Mode: flow (duration: 8.7s)
Aggression: 0.01
Flow: direction=0.10, x_offset=-6.1
Light position (normalized): x=0.11, z=0.37
Almost-engaged: False, strategy: none
Person zone: active

=== Engagement at 2026-03-02 17:54:17 ===
Hour: 17, Period: evening
Mode: flow (duration: 57.5s)
Aggression: 0.03
Flow: direction=-0.04, x_offset=2.6
Light position (normalized): x=0.82, z=0.43
Almost-engaged: False, strategy: none
Person zone: active

=== Engagement at 2026-03-02 17:54:17 ===
Hour: 17, Period: evening
Mode: flow (duration: 57.5s)
Aggression: 0.03
Flow: direction=-0.04, x_offset=2.6
Light position (normalized): x=0.82, z=0.43
Almost-engaged: False, strategy: none
Person zone: active

=== Engagement at 2026-03-02 17:54:31 ===
Hour: 17, Period: evening
Mode: flow (duration: 1.4s)
Aggression: 0.00
Flow: direction=0.58, x_offset=-34.9
Light position (normalized): x=0.30, z=0.15
Almost-engaged: False, strategy: none
Person zone: active

=== Engagement at 2026-03-02 17:56:32 ===
Hour: 17, Period: evening
Mode: flow (duration: 122.2s)
Aggression: 0.06
Flow: direction=-0.32, x_offset=19.3
Light position (normalized): x=0.03, z=0.47
Almost-engaged: False, strategy: none
Person zone: active

=== Engagement at 2026-03-02 17:56:32 ===
Hour: 17, Period: evening
Mode: flow (duration: 122.2s)
Aggression: 0.06
Flow: direction=-0.32, x_offset=19.3
Light position (normalized): x=0.03, z=0.47
Almost-engaged: False, strategy: none
Person zone: active

=== Engagement at 2026-03-02 17:56:57 ===
Hour: 17, Period: evening
Mode: flow (duration: 12.1s)
Aggression: 0.02
Flow: direction=0.58, x_offset=-34.6
Light position (normalized): x=0.26, z=0.08
Almost-engaged: False, strategy: none
Person zone: active

=== Engagement at 2026-03-02 17:56:57 ===
Hour: 17, Period: evening
Mode: flow (duration: 12.1s)
Aggression: 0.02
Flow: direction=0.58, x_offset=-34.6
Light position (normalized): x=0.26, z=0.08
Almost-engaged: False, strategy: none
Person zone: active

=== Engagement at 2026-03-02 17:57:10 ===
Hour: 17, Period: evening
Mode: engaged (duration: 12.3s)
Aggression: 0.01
Flow: direction=0.07, x_offset=-4.0
Light position (normalized): x=0.67, z=0.39
Almost-engaged: False, strategy: none
Person zone: active

=== Engagement at 2026-03-02 17:57:10 ===
Hour: 17, Period: evening
Mode: engaged (duration: 12.3s)
Aggression: 0.01
Flow: direction=0.07, x_offset=-4.0
Light position (normalized): x=0.67, z=0.39
Almost-engaged: False, strategy: none
Person zone: active

=== Engagement at 2026-03-02 17:57:46 ===
Hour: 17, Period: evening
Mode: flow (duration: 30.2s)
Aggression: 0.02
Flow: direction=0.12, x_offset=-7.3
Light position (normalized): x=0.43, z=0.59
Almost-engaged: False, strategy: none
Person zone: active

=== Engagement at 2026-03-02 18:00:56 ===
Hour: 18, Period: evening
Mode: flow (duration: 177.7s)
Aggression: 0.08
Flow: direction=0.65, x_offset=-39.0
Light position (normalized): x=0.28, z=0.11
Almost-engaged: False, strategy: none
Person zone: active

=== Engagement at 2026-03-02 18:04:22 ===
Hour: 18, Period: evening
Mode: flow (duration: 193.0s)
Aggression: 0.09
Flow: direction=-0.38, x_offset=22.6
Light position (normalized): x=0.45, z=0.36
Almost-engaged: False, strategy: none
Person zone: active

=== Engagement at 2026-03-02 18:04:23 ===
Hour: 18, Period: evening
Mode: engaged (duration: 0.3s)
Aggression: 0.03
Flow: direction=-0.33, x_offset=19.7
Light position (normalized): x=0.50, z=0.25
Almost-engaged: False, strategy: none
Person zone: active

=== Engagement at 2026-03-02 18:04:23 ===
Hour: 18, Period: evening
Mode: engaged (duration: 0.3s)
Aggression: 0.03
Flow: direction=-0.33, x_offset=19.7
Light position (normalized): x=0.50, z=0.25
Almost-engaged: False, strategy: none
Person zone: active

=== Engagement at 2026-03-02 18:05:50 ===
Hour: 18, Period: evening
Mode: flow (duration: 74.1s)
Aggression: 0.04
Flow: direction=0.66, x_offset=-39.4
Light position (normalized): x=0.77, z=0.44
Almost-engaged: False, strategy: none
Person zone: active

=== Engagement at 2026-03-02 18:05:56 ===
Hour: 18, Period: evening
Mode: engaged (duration: 6.5s)
Aggression: 0.01
Flow: direction=0.25, x_offset=-15.0
Light position (normalized): x=0.37, z=0.34
Almost-engaged: False, strategy: none
Person zone: active

=== Engagement at 2026-03-02 18:06:09 ===
Hour: 18, Period: evening
Mode: flow (duration: 6.8s)
Aggression: 0.01
Flow: direction=-0.07, x_offset=3.8
Light position (normalized): x=0.77, z=0.52
Almost-engaged: False, strategy: none
Person zone: active

=== Engagement at 2026-03-02 18:06:22 ===
Hour: 18, Period: evening
Mode: engaged (duration: 12.5s)
Aggression: 0.01
Flow: direction=0.26, x_offset=-15.6
Light position (normalized): x=0.77, z=0.05
Almost-engaged: False, strategy: none
Person zone: active

=== Engagement at 2026-03-02 18:06:22 ===
Hour: 18, Period: evening
Mode: engaged (duration: 12.9s)
Aggression: 0.00
Flow: direction=0.26, x_offset=-15.6
Light position (normalized): x=0.80, z=0.04
Almost-engaged: False, strategy: none
Person zone: active

=== Engagement at 2026-03-02 18:10:12 ===
Hour: 18, Period: evening
Mode: idle (duration: 26.2s)
Aggression: 0.09
Flow: direction=-0.94, x_offset=56.5
Light position (normalized): x=0.34, z=0.55
Almost-engaged: False, strategy: none
Person zone: active

=== Engagement at 2026-03-02 18:10:12 ===
Hour: 18, Period: evening
Mode: idle (duration: 26.2s)
Aggression: 0.09
Flow: direction=-0.94, x_offset=56.5
Light position (normalized): x=0.34, z=0.55
Almost-engaged: False, strategy: none
Person zone: active

=== Engagement at 2026-03-02 18:10:13 ===
Hour: 18, Period: evening
Mode: engaged (duration: 1.6s)
Aggression: 0.00
Flow: direction=-0.47, x_offset=28.1
Light position (normalized): x=0.96, z=1.00
Almost-engaged: False, strategy: none
Person zone: active

=== Engagement at 2026-03-02 18:11:53 ===
Hour: 18, Period: evening
Mode: flow (duration: 88.1s)
Aggression: 0.06
Flow: direction=0.83, x_offset=-50.0
Light position (normalized): x=0.26, z=0.60
Almost-engaged: False, strategy: none
Person zone: active

=== Engagement at 2026-03-02 18:11:53 ===
Hour: 18, Period: evening
Mode: flow (duration: 88.1s)
Aggression: 0.06
Flow: direction=0.83, x_offset=-50.0
Light position (normalized): x=0.26, z=0.60
Almost-engaged: False, strategy: none
Person zone: active

=== Engagement at 2026-03-02 18:11:57 ===
Hour: 18, Period: evening
Mode: engaged (duration: 4.5s)
Aggression: 0.01
Flow: direction=0.73, x_offset=-43.6
Light position (normalized): x=0.17, z=0.36
Almost-engaged: False, strategy: none
Person zone: active

=== Engagement at 2026-03-02 18:12:58 ===
Hour: 18, Period: evening
Mode: flow (duration: 52.3s)
Aggression: 0.02
Flow: direction=0.89, x_offset=-53.4
Light position (normalized): x=0.51, z=0.35
Almost-engaged: False, strategy: none
Person zone: active

=== Engagement at 2026-03-02 18:13:23 ===
Hour: 18, Period: evening
Mode: flow (duration: 11.1s)
Aggression: 0.01
Flow: direction=-0.86, x_offset=51.8
Light position (normalized): x=0.48, z=0.29
Almost-engaged: False, strategy: none
Person zone: active

=== Engagement at 2026-03-02 18:13:42 ===
Hour: 18, Period: evening
Mode: flow (duration: 6.6s)
Aggression: 0.01
Flow: direction=0.81, x_offset=-48.4
Light position (normalized): x=0.19, z=0.34
Almost-engaged: False, strategy: none
Person zone: active

=== Engagement at 2026-03-02 18:13:42 ===
Hour: 18, Period: evening
Mode: flow (duration: 6.6s)
Aggression: 0.01
Flow: direction=0.81, x_offset=-48.4
Light position (normalized): x=0.19, z=0.34
Almost-engaged: False, strategy: none
Person zone: active

=== Engagement at 2026-03-02 18:13:54 ===
Hour: 18, Period: evening
Mode: engaged (duration: 11.8s)
Aggression: 0.02
Flow: direction=0.48, x_offset=-28.5
Light position (normalized): x=0.75, z=0.46
Almost-engaged: False, strategy: none
Person zone: active

=== Engagement at 2026-03-02 18:15:36 ===
Hour: 18, Period: evening
Mode: flow (duration: 8.7s)
Aggression: 0.02
Flow: direction=-0.80, x_offset=47.8
Light position (normalized): x=0.43, z=0.60
Almost-engaged: False, strategy: none
Person zone: active

=== Engagement at 2026-03-02 18:15:36 ===
Hour: 18, Period: evening
Mode: flow (duration: 8.7s)
Aggression: 0.02
Flow: direction=-0.80, x_offset=47.8
Light position (normalized): x=0.43, z=0.60
Almost-engaged: False, strategy: none
Person zone: active

=== Engagement at 2026-03-02 18:15:38 ===
Hour: 18, Period: evening
Mode: engaged (duration: 2.3s)
Aggression: 0.00
Flow: direction=-0.81, x_offset=48.9
Light position (normalized): x=0.86, z=1.00
Almost-engaged: False, strategy: none
Person zone: active

=== Engagement at 2026-03-02 18:17:31 ===
Hour: 18, Period: evening
Mode: flow (duration: 9.3s)
Aggression: 0.02
Flow: direction=-0.00, x_offset=0.1
Light position (normalized): x=0.18, z=0.18
Almost-engaged: False, strategy: none
Person zone: active

=== Engagement at 2026-03-02 18:17:31 ===
Hour: 18, Period: evening
Mode: flow (duration: 9.3s)
Aggression: 0.02
Flow: direction=-0.00, x_offset=0.1
Light position (normalized): x=0.18, z=0.18
Almost-engaged: False, strategy: none
Person zone: active

=== Engagement at 2026-03-02 18:17:33 ===
Hour: 18, Period: evening
Mode: engaged (duration: 1.4s)
Aggression: 0.00
Flow: direction=0.14, x_offset=-8.2
Light position (normalized): x=0.00, z=1.00
Almost-engaged: False, strategy: none
Person zone: active

=== Engagement at 2026-03-02 18:17:33 ===
Hour: 18, Period: evening
Mode: engaged (duration: 1.9s)
Aggression: 0.00
Flow: direction=0.14, x_offset=-8.2
Light position (normalized): x=0.00, z=1.00
Almost-engaged: False, strategy: none
Person zone: active

=== Engagement at 2026-03-02 18:17:35 ===
Hour: 18, Period: evening
Mode: engaged (duration: 3.5s)
Aggression: 0.00
Flow: direction=0.27, x_offset=-16.0
Light position (normalized): x=0.28, z=0.96
Almost-engaged: False, strategy: none
Person zone: active

=== Engagement at 2026-03-02 18:17:35 ===
Hour: 18, Period: evening
Mode: engaged (duration: 3.7s)
Aggression: 0.00
Flow: direction=0.37, x_offset=-22.0
Light position (normalized): x=0.39, z=0.80
Almost-engaged: False, strategy: none
Person zone: active

=== Engagement at 2026-03-02 18:17:35 ===
Hour: 18, Period: evening
Mode: engaged (duration: 3.7s)
Aggression: 0.00
Flow: direction=0.37, x_offset=-22.0
Light position (normalized): x=0.39, z=0.80
Almost-engaged: False, strategy: none
Person zone: active

=== Engagement at 2026-03-02 18:17:43 ===
Hour: 18, Period: evening
Mode: engaged (duration: 11.7s)
Aggression: 0.00
Flow: direction=0.58, x_offset=-34.5
Light position (normalized): x=0.45, z=0.35
Almost-engaged: False, strategy: none
Person zone: active

=== Engagement at 2026-03-02 18:17:43 ===
Hour: 18, Period: evening
Mode: engaged (duration: 11.7s)
Aggression: 0.00
Flow: direction=0.58, x_offset=-34.5
Light position (normalized): x=0.45, z=0.35
Almost-engaged: False, strategy: none
Person zone: active

=== Engagement at 2026-03-02 18:18:01 ===
Hour: 18, Period: evening
Mode: flow (duration: 11.9s)
Aggression: 0.00
Flow: direction=0.58, x_offset=-34.8
Light position (normalized): x=0.29, z=0.21
Almost-engaged: False, strategy: none
Person zone: active

=== Engagement at 2026-03-02 18:19:32 ===
Hour: 18, Period: evening
Mode: flow (duration: 78.6s)
Aggression: 0.04
Flow: direction=0.82, x_offset=-49.5
Light position (normalized): x=0.93, z=0.34
Almost-engaged: False, strategy: none
Person zone: active

=== Engagement at 2026-03-02 18:20:48 ===
Hour: 18, Period: evening
Mode: flow (duration: 62.1s)
Aggression: 0.02
Flow: direction=0.14, x_offset=-8.4
Light position (normalized): x=0.55, z=0.22
Almost-engaged: False, strategy: none
Person zone: active

=== Engagement at 2026-03-02 18:22:28 ===
Hour: 18, Period: evening
Mode: flow (duration: 87.5s)
Aggression: 0.06
Flow: direction=-0.03, x_offset=2.0
Light position (normalized): x=0.61, z=0.36
Almost-engaged: False, strategy: none
Person zone: active

=== Engagement at 2026-03-02 18:22:28 ===
Hour: 18, Period: evening
Mode: flow (duration: 87.5s)
Aggression: 0.06
Flow: direction=-0.03, x_offset=2.0
Light position (normalized): x=0.61, z=0.36
Almost-engaged: False, strategy: none
Person zone: active

=== Engagement at 2026-03-02 18:23:17 ===
Hour: 18, Period: evening
Mode: flow (duration: 35.5s)
Aggression: 0.01
Flow: direction=0.93, x_offset=-56.0
Light position (normalized): x=0.54, z=0.46
Almost-engaged: False, strategy: none
Person zone: active

=== Engagement at 2026-03-02 18:25:29 ===
Hour: 18, Period: evening
Mode: flow (duration: 118.8s)
Aggression: 0.03
Flow: direction=0.28, x_offset=-5.2
Light position (normalized): x=0.86, z=0.27
Almost-engaged: False, strategy: none
Person zone: active

=== Engagement at 2026-03-02 18:25:29 ===
Hour: 18, Period: evening
Mode: flow (duration: 118.8s)
Aggression: 0.03
Flow: direction=0.28, x_offset=-5.2
Light position (normalized): x=0.86, z=0.27
Almost-engaged: False, strategy: none
Person zone: active

=== Engagement at 2026-03-02 18:25:32 ===
Hour: 18, Period: evening
Mode: engaged (duration: 3.6s)
Aggression: 0.00
Flow: direction=-0.04, x_offset=2.4
Light position (normalized): x=0.83, z=0.25
Almost-engaged: False, strategy: none
Person zone: active

=== Engagement at 2026-03-02 18:25:32 ===
Hour: 18, Period: evening
Mode: engaged (duration: 3.6s)
Aggression: 0.00
Flow: direction=-0.04, x_offset=2.4
Light position (normalized): x=0.83, z=0.25
Almost-engaged: False, strategy: none
Person zone: active

=== Engagement at 2026-03-02 18:26:05 ===
Hour: 18, Period: evening
Mode: flow (duration: 22.8s)
Aggression: 0.01
Flow: direction=0.17, x_offset=-10.0
Light position (normalized): x=0.48, z=0.10
Almost-engaged: False, strategy: none
Person zone: active

=== Engagement at 2026-03-02 18:26:05 ===
Hour: 18, Period: evening
Mode: engaged (duration: 0.6s)
Aggression: 0.00
Flow: direction=0.18, x_offset=-10.6
Light position (normalized): x=0.61, z=0.18
Almost-engaged: False, strategy: none
Person zone: active

=== Engagement at 2026-03-02 18:27:26 ===
Hour: 18, Period: evening
Mode: flow (duration: 68.7s)
Aggression: 0.03
Flow: direction=0.34, x_offset=-20.1
Light position (normalized): x=0.56, z=0.17
Almost-engaged: False, strategy: none
Person zone: active

=== Engagement at 2026-03-02 18:27:26 ===
Hour: 18, Period: evening
Mode: flow (duration: 68.7s)
Aggression: 0.03
Flow: direction=0.34, x_offset=-20.1
Light position (normalized): x=0.56, z=0.17
Almost-engaged: False, strategy: none
Person zone: active

=== Engagement at 2026-03-02 18:28:37 ===
Hour: 18, Period: evening
Mode: flow (duration: 57.5s)
Aggression: 0.02
Flow: direction=0.44, x_offset=-26.7
Light position (normalized): x=0.65, z=0.19
Almost-engaged: False, strategy: none
Person zone: active

=== Engagement at 2026-03-02 18:28:37 ===
Hour: 18, Period: evening
Mode: flow (duration: 57.5s)
Aggression: 0.02
Flow: direction=0.44, x_offset=-26.7
Light position (normalized): x=0.65, z=0.19
Almost-engaged: False, strategy: none
Person zone: active

=== Engagement at 2026-03-02 18:29:36 ===
Hour: 18, Period: evening
Mode: flow (duration: 3.8s)
Aggression: 0.01
Flow: direction=0.81, x_offset=-48.7
Light position (normalized): x=0.61, z=0.09
Almost-engaged: False, strategy: none
Person zone: active

=== Engagement at 2026-03-02 18:29:36 ===
Hour: 18, Period: evening
Mode: flow (duration: 3.8s)
Aggression: 0.01
Flow: direction=0.81, x_offset=-48.7
Light position (normalized): x=0.61, z=0.09
Almost-engaged: False, strategy: none
Person zone: active

=== Engagement at 2026-03-02 18:30:12 ===
Hour: 18, Period: evening
Mode: flow (duration: 22.8s)
Aggression: 0.01
Flow: direction=0.48, x_offset=-28.9
Light position (normalized): x=0.40, z=0.34
Almost-engaged: False, strategy: none
Person zone: active

=== Engagement at 2026-03-02 18:30:12 ===
Hour: 18, Period: evening
Mode: flow (duration: 22.8s)
Aggression: 0.01
Flow: direction=0.48, x_offset=-28.9
Light position (normalized): x=0.40, z=0.34
Almost-engaged: False, strategy: none
Person zone: active

=== Engagement at 2026-03-02 18:30:22 ===
Hour: 18, Period: evening
Mode: engaged (duration: 10.5s)
Aggression: 0.00
Flow: direction=-0.02, x_offset=1.1
Light position (normalized): x=0.62, z=0.50
Almost-engaged: False, strategy: none
Person zone: active

=== Engagement at 2026-03-02 18:30:22 ===
Hour: 18, Period: evening
Mode: engaged (duration: 10.5s)
Aggression: 0.00
Flow: direction=-0.02, x_offset=1.1
Light position (normalized): x=0.62, z=0.50
Almost-engaged: False, strategy: none
Person zone: active

=== Engagement at 2026-03-02 18:30:57 ===
Hour: 18, Period: evening
Mode: flow (duration: 29.1s)
Aggression: 0.02
Flow: direction=-0.49, x_offset=29.5
Light position (normalized): x=0.77, z=0.20
Almost-engaged: False, strategy: none
Person zone: active

=== Engagement at 2026-03-02 18:30:57 ===
Hour: 18, Period: evening
Mode: flow (duration: 29.1s)
Aggression: 0.02
Flow: direction=-0.49, x_offset=29.5
Light position (normalized): x=0.77, z=0.20
Almost-engaged: False, strategy: none
Person zone: active

=== Engagement at 2026-03-02 18:31:12 ===
Hour: 18, Period: evening
Mode: flow (duration: 2.1s)
Aggression: 0.01
Flow: direction=0.41, x_offset=-24.4
Light position (normalized): x=0.24, z=0.21
Almost-engaged: False, strategy: none
Person zone: active

=== Engagement at 2026-03-02 18:31:12 ===
Hour: 18, Period: evening
Mode: flow (duration: 2.1s)
Aggression: 0.01
Flow: direction=0.41, x_offset=-24.4
Light position (normalized): x=0.24, z=0.21
Almost-engaged: False, strategy: none
Person zone: active

=== Engagement at 2026-03-02 18:33:39 ===
Hour: 18, Period: evening
Mode: flow (duration: 134.2s)
Aggression: 0.05
Flow: direction=-0.17, x_offset=9.9
Light position (normalized): x=0.53, z=0.61
Almost-engaged: False, strategy: none
Person zone: active

=== Engagement at 2026-03-02 18:33:39 ===
Hour: 18, Period: evening
Mode: flow (duration: 134.2s)
Aggression: 0.05
Flow: direction=-0.17, x_offset=9.9
Light position (normalized): x=0.53, z=0.61
Almost-engaged: False, strategy: none
Person zone: active

=== Engagement at 2026-03-02 18:35:18 ===
Hour: 18, Period: evening
Mode: flow (duration: 85.1s)
Aggression: 0.04
Flow: direction=0.87, x_offset=-52.4
Light position (normalized): x=0.37, z=0.30
Almost-engaged: False, strategy: none
Person zone: active

=== Engagement at 2026-03-02 18:36:44 ===
Hour: 18, Period: evening
Mode: flow (duration: 73.2s)
Aggression: 0.02
Flow: direction=0.93, x_offset=-55.5
Light position (normalized): x=0.91, z=0.38
Almost-engaged: False, strategy: none
Person zone: active

=== Engagement at 2026-03-02 18:36:44 ===
Hour: 18, Period: evening
Mode: flow (duration: 73.2s)
Aggression: 0.02
Flow: direction=0.93, x_offset=-55.5
Light position (normalized): x=0.91, z=0.38
Almost-engaged: False, strategy: none
Person zone: active

=== Engagement at 2026-03-02 18:38:12 ===
Hour: 18, Period: evening
Mode: flow (duration: 74.8s)
Aggression: 0.04
Flow: direction=-0.89, x_offset=53.1
Light position (normalized): x=0.43, z=0.25
Almost-engaged: False, strategy: none
Person zone: active

=== Engagement at 2026-03-02 18:38:31 ===
Hour: 18, Period: evening
Mode: flow (duration: 6.1s)
Aggression: 0.01
Flow: direction=0.64, x_offset=-38.3
Light position (normalized): x=0.52, z=0.56
Almost-engaged: False, strategy: none
Person zone: active

=== Engagement at 2026-03-02 18:40:55 ===
Hour: 18, Period: evening
Mode: flow (duration: 130.7s)
Aggression: 0.08
Flow: direction=-0.15, x_offset=8.8
Light position (normalized): x=0.43, z=0.46
Almost-engaged: False, strategy: none
Person zone: active

=== Engagement at 2026-03-02 18:41:20 ===
Hour: 18, Period: evening
Mode: flow (duration: 11.9s)
Aggression: 0.00
Flow: direction=0.75, x_offset=-45.3
Light position (normalized): x=0.32, z=0.24
Almost-engaged: False, strategy: none
Person zone: active

=== Engagement at 2026-03-02 18:41:20 ===
Hour: 18, Period: evening
Mode: flow (duration: 11.9s)
Aggression: 0.00
Flow: direction=0.75, x_offset=-45.3
Light position (normalized): x=0.32, z=0.24
Almost-engaged: False, strategy: none
Person zone: active

=== Engagement at 2026-03-02 18:41:26 ===
Hour: 18, Period: evening
Mode: engaged (duration: 5.9s)
Aggression: 0.01
Flow: direction=0.28, x_offset=-17.0
Light position (normalized): x=0.43, z=0.32
Almost-engaged: False, strategy: none
Person zone: active

=== Engagement at 2026-03-02 18:41:26 ===
Hour: 18, Period: evening
Mode: engaged (duration: 5.9s)
Aggression: 0.01
Flow: direction=0.28, x_offset=-17.0
Light position (normalized): x=0.43, z=0.32
Almost-engaged: False, strategy: none
Person zone: active

=== Engagement at 2026-03-02 18:42:05 ===
Hour: 18, Period: evening
Mode: flow (duration: 31.7s)
Aggression: 0.01
Flow: direction=0.28, x_offset=-16.5
Light position (normalized): x=0.60, z=0.24
Almost-engaged: False, strategy: none
Person zone: active

=== Engagement at 2026-03-02 18:42:32 ===
Hour: 18, Period: evening
Mode: flow (duration: 13.9s)
Aggression: 0.01
Flow: direction=0.93, x_offset=-55.5
Light position (normalized): x=0.68, z=0.05
Almost-engaged: False, strategy: none
Person zone: active

=== Engagement at 2026-03-02 18:42:32 ===
Hour: 18, Period: evening
Mode: flow (duration: 13.9s)
Aggression: 0.01
Flow: direction=0.93, x_offset=-55.5
Light position (normalized): x=0.68, z=0.05
Almost-engaged: False, strategy: none
Person zone: active

=== Engagement at 2026-03-02 18:42:46 ===
Hour: 18, Period: evening
Mode: flow (duration: 1.7s)
Aggression: 0.02
Flow: direction=0.58, x_offset=-34.5
Light position (normalized): x=0.54, z=0.14
Almost-engaged: False, strategy: none
Person zone: active

=== Engagement at 2026-03-02 18:45:26 ===
Hour: 18, Period: evening
Mode: flow (duration: 161.8s)
Aggression: 0.05
Flow: direction=1.00, x_offset=-60.0
Light position (normalized): x=0.32, z=0.40
Almost-engaged: False, strategy: none
Person zone: active

=== Engagement at 2026-03-02 18:45:38 ===
Hour: 18, Period: evening
Mode: engaged (duration: 11.5s)
Aggression: 0.00
Flow: direction=1.00, x_offset=-60.0
Light position (normalized): x=0.26, z=0.15
Almost-engaged: False, strategy: none
Person zone: active

=== Engagement at 2026-03-02 18:45:38 ===
Hour: 18, Period: evening
Mode: engaged (duration: 11.5s)
Aggression: 0.00
Flow: direction=1.00, x_offset=-60.0
Light position (normalized): x=0.26, z=0.15
Almost-engaged: False, strategy: none
Person zone: active

=== Engagement at 2026-03-02 18:47:05 ===
Hour: 18, Period: evening
Mode: flow (duration: 81.1s)
Aggression: 0.03
Flow: direction=-0.83, x_offset=49.7
Light position (normalized): x=0.06, z=0.12
Almost-engaged: False, strategy: none
Person zone: active

=== Engagement at 2026-03-02 18:48:30 ===
Hour: 18, Period: evening
Mode: flow (duration: 72.0s)
Aggression: 0.03
Flow: direction=0.20, x_offset=-11.8
Light position (normalized): x=0.58, z=0.57
Almost-engaged: False, strategy: none
Person zone: active

=== Engagement at 2026-03-02 18:48:30 ===
Hour: 18, Period: evening
Mode: flow (duration: 72.0s)
Aggression: 0.03
Flow: direction=0.20, x_offset=-11.8
Light position (normalized): x=0.58, z=0.57
Almost-engaged: False, strategy: none
Person zone: active

=== Engagement at 2026-03-02 18:50:28 ===
Hour: 18, Period: evening
Mode: flow (duration: 105.1s)
Aggression: 0.04
Flow: direction=-0.27, x_offset=16.3
Light position (normalized): x=0.68, z=0.46
Almost-engaged: False, strategy: none
Person zone: active

=== Engagement at 2026-03-02 18:51:48 ===
Hour: 18, Period: evening
Mode: flow (duration: 66.2s)
Aggression: 0.01
Flow: direction=0.78, x_offset=-46.8
Light position (normalized): x=0.13, z=0.09
Almost-engaged: False, strategy: none
Person zone: active

=== Engagement at 2026-03-02 18:51:48 ===
Hour: 18, Period: evening
Mode: flow (duration: 66.2s)
Aggression: 0.01
Flow: direction=0.78, x_offset=-46.8
Light position (normalized): x=0.13, z=0.09
Almost-engaged: False, strategy: none
Person zone: active

=== Engagement at 2026-03-02 18:54:34 ===
Hour: 18, Period: evening
Mode: flow (duration: 119.5s)
Aggression: 0.06
Flow: direction=0.75, x_offset=-45.3
Light position (normalized): x=0.63, z=0.43
Almost-engaged: False, strategy: none
Person zone: active

=== Engagement at 2026-03-02 18:56:06 ===
Hour: 18, Period: evening
Mode: flow (duration: 78.7s)
Aggression: 0.04
Flow: direction=0.75, x_offset=-44.8
Light position (normalized): x=0.57, z=0.49
Almost-engaged: False, strategy: none
Person zone: active

=== Engagement at 2026-03-02 18:56:06 ===
Hour: 18, Period: evening
Mode: flow (duration: 78.7s)
Aggression: 0.04
Flow: direction=0.75, x_offset=-44.8
Light position (normalized): x=0.57, z=0.49
Almost-engaged: False, strategy: none
Person zone: active

=== Engagement at 2026-03-02 18:58:35 ===
Hour: 18, Period: evening
Mode: flow (duration: 135.9s)
Aggression: 0.05
Flow: direction=-0.38, x_offset=22.8
Light position (normalized): x=0.49, z=0.32
Almost-engaged: False, strategy: none
Person zone: active

=== Engagement at 2026-03-02 18:58:35 ===
Hour: 18, Period: evening
Mode: flow (duration: 135.9s)
Aggression: 0.05
Flow: direction=-0.38, x_offset=22.8
Light position (normalized): x=0.49, z=0.32
Almost-engaged: False, strategy: none
Person zone: active

=== Engagement at 2026-03-02 18:59:19 ===
Hour: 18, Period: evening
Mode: idle (duration: 8.7s)
Aggression: 0.02
Flow: direction=0.06, x_offset=-3.8
Light position (normalized): x=0.42, z=0.12
Almost-engaged: False, strategy: none
Person zone: active

=== Engagement at 2026-03-02 18:59:19 ===
Hour: 18, Period: evening
Mode: idle (duration: 8.7s)
Aggression: 0.02
Flow: direction=0.06, x_offset=-3.8
Light position (normalized): x=0.42, z=0.12
Almost-engaged: False, strategy: none
Person zone: active

=== Engagement at 2026-03-02 19:00:19 ===
Hour: 19, Period: evening
Mode: flow (duration: 46.4s)
Aggression: 0.01
Flow: direction=0.24, x_offset=-14.5
Light position (normalized): x=0.44, z=0.30
Almost-engaged: False, strategy: none
Person zone: active

=== Engagement at 2026-03-02 19:00:41 ===
Hour: 19, Period: evening
Mode: idle (duration: 9.7s)
Aggression: 0.00
Flow: direction=0.97, x_offset=-58.4
Light position (normalized): x=0.71, z=0.43
Almost-engaged: False, strategy: none
Person zone: active

=== Engagement at 2026-03-02 19:00:41 ===
Hour: 19, Period: evening
Mode: idle (duration: 9.7s)
Aggression: 0.00
Flow: direction=0.97, x_offset=-58.4
Light position (normalized): x=0.71, z=0.43
Almost-engaged: False, strategy: none
Person zone: active

=== Engagement at 2026-03-02 19:01:50 ===
Hour: 19, Period: evening
Mode: flow (duration: 55.3s)
Aggression: 0.02
Flow: direction=-0.65, x_offset=38.7
Light position (normalized): x=0.19, z=0.40
Almost-engaged: False, strategy: none
Person zone: active

=== Engagement at 2026-03-02 19:01:50 ===
Hour: 19, Period: evening
Mode: flow (duration: 55.3s)
Aggression: 0.02
Flow: direction=-0.65, x_offset=38.7
Light position (normalized): x=0.19, z=0.40
Almost-engaged: False, strategy: none
Person zone: active

=== Engagement at 2026-03-02 19:03:26 ===
Hour: 19, Period: evening
Mode: flow (duration: 83.3s)
Aggression: 0.03
Flow: direction=0.92, x_offset=-55.2
Light position (normalized): x=0.41, z=0.41
Almost-engaged: False, strategy: none
Person zone: active

=== Engagement at 2026-03-02 19:03:26 ===
Hour: 19, Period: evening
Mode: flow (duration: 83.3s)
Aggression: 0.03
Flow: direction=0.92, x_offset=-55.2
Light position (normalized): x=0.41, z=0.41
Almost-engaged: False, strategy: none
Person zone: active

=== Engagement at 2026-03-02 19:03:26 ===
Hour: 19, Period: evening
Mode: flow (duration: 83.3s)
Aggression: 0.03
Flow: direction=0.92, x_offset=-55.2
Light position (normalized): x=0.41, z=0.41
Almost-engaged: False, strategy: none
Person zone: active

=== Engagement at 2026-03-02 19:03:26 ===
Hour: 19, Period: evening
Mode: flow (duration: 83.3s)
Aggression: 0.03
Flow: direction=0.92, x_offset=-55.2
Light position (normalized): x=0.41, z=0.41
Almost-engaged: False, strategy: none
Person zone: active

=== Engagement at 2026-03-02 19:03:26 ===
Hour: 19, Period: evening
Mode: flow (duration: 83.3s)
Aggression: 0.03
Flow: direction=0.92, x_offset=-55.2
Light position (normalized): x=0.41, z=0.41
Almost-engaged: False, strategy: none
Person zone: active

=== Engagement at 2026-03-02 19:03:27 ===
Hour: 19, Period: evening
Mode: engaged (duration: 0.2s)
Aggression: 0.01
Flow: direction=0.91, x_offset=-54.5
Light position (normalized): x=0.59, z=1.00
Almost-engaged: False, strategy: none
Person zone: active

=== Engagement at 2026-03-02 19:03:29 ===
Hour: 19, Period: evening
Mode: engaged (duration: 1.7s)
Aggression: 0.00
Flow: direction=0.86, x_offset=-51.7
Light position (normalized): x=0.92, z=1.00
Almost-engaged: False, strategy: none
Person zone: active

=== Engagement at 2026-03-02 19:04:18 ===
Hour: 19, Period: evening
Mode: flow (duration: 38.6s)
Aggression: 0.01
Flow: direction=0.95, x_offset=-57.2
Light position (normalized): x=0.67, z=0.25
Almost-engaged: False, strategy: none
Person zone: active

=== Engagement at 2026-03-02 19:04:18 ===
Hour: 19, Period: evening
Mode: flow (duration: 38.6s)
Aggression: 0.01
Flow: direction=0.95, x_offset=-57.2
Light position (normalized): x=0.67, z=0.25
Almost-engaged: False, strategy: none
Person zone: active

=== Engagement at 2026-03-02 19:04:31 ===
Hour: 19, Period: evening
Mode: engaged (duration: 12.5s)
Aggression: 0.00
Flow: direction=0.15, x_offset=-3.3
Light position (normalized): x=0.13, z=0.12
Almost-engaged: False, strategy: none
Person zone: active

=== Engagement at 2026-03-02 19:04:31 ===
Hour: 19, Period: evening
Mode: engaged (duration: 12.5s)
Aggression: 0.00
Flow: direction=0.15, x_offset=-3.3
Light position (normalized): x=0.13, z=0.12
Almost-engaged: False, strategy: none
Person zone: active

=== Engagement at 2026-03-02 19:05:17 ===
Hour: 19, Period: evening
Mode: flow (duration: 40.4s)
Aggression: 0.02
Flow: direction=0.60, x_offset=-35.9
Light position (normalized): x=0.29, z=0.26
Almost-engaged: False, strategy: none
Person zone: active

=== Engagement at 2026-03-02 19:06:20 ===
Hour: 19, Period: evening
Mode: flow (duration: 49.4s)
Aggression: 0.01
Flow: direction=0.01, x_offset=-10.3
Light position (normalized): x=0.83, z=0.27
Almost-engaged: False, strategy: none
Person zone: active

=== Engagement at 2026-03-02 19:06:20 ===
Hour: 19, Period: evening
Mode: flow (duration: 49.4s)
Aggression: 0.01
Flow: direction=0.01, x_offset=-10.3
Light position (normalized): x=0.83, z=0.27
Almost-engaged: False, strategy: none
Person zone: active

=== Engagement at 2026-03-02 19:09:32 ===
Hour: 19, Period: evening
Mode: flow (duration: 148.3s)
Aggression: 0.06
Flow: direction=0.70, x_offset=-42.2
Light position (normalized): x=0.88, z=0.62
Almost-engaged: False, strategy: none
Person zone: active

=== Engagement at 2026-03-02 19:09:32 ===
Hour: 19, Period: evening
Mode: flow (duration: 148.3s)
Aggression: 0.06
Flow: direction=0.70, x_offset=-42.2
Light position (normalized): x=0.88, z=0.62
Almost-engaged: False, strategy: none
Person zone: active

=== Engagement at 2026-03-02 19:09:40 ===
Hour: 19, Period: evening
Mode: engaged (duration: 8.4s)
Aggression: 0.00
Flow: direction=-0.10, x_offset=5.8
Light position (normalized): x=0.55, z=0.57
Almost-engaged: False, strategy: none
Person zone: active

=== Engagement at 2026-03-02 19:09:59 ===
Hour: 19, Period: evening
Mode: flow (duration: 13.4s)
Aggression: 0.00
Flow: direction=-0.29, x_offset=17.2
Light position (normalized): x=0.55, z=0.43
Almost-engaged: False, strategy: none
Person zone: active

=== Engagement at 2026-03-02 19:09:59 ===
Hour: 19, Period: evening
Mode: flow (duration: 13.4s)
Aggression: 0.00
Flow: direction=-0.29, x_offset=17.2
Light position (normalized): x=0.55, z=0.43
Almost-engaged: False, strategy: none
Person zone: active

=== Engagement at 2026-03-02 19:10:18 ===
Hour: 19, Period: evening
Mode: flow (duration: 6.4s)
Aggression: 0.02
Flow: direction=0.58, x_offset=-34.7
Light position (normalized): x=0.75, z=0.15
Almost-engaged: False, strategy: none
Person zone: active

=== Engagement at 2026-03-02 19:10:18 ===
Hour: 19, Period: evening
Mode: flow (duration: 6.4s)
Aggression: 0.02
Flow: direction=0.58, x_offset=-34.7
Light position (normalized): x=0.75, z=0.15
Almost-engaged: False, strategy: none
Person zone: active

=== Engagement at 2026-03-02 19:12:47 ===
Hour: 19, Period: evening
Mode: flow (duration: 136.3s)
Aggression: 0.06
Flow: direction=0.95, x_offset=-56.8
Light position (normalized): x=0.63, z=0.61
Almost-engaged: False, strategy: none
Person zone: active

=== Engagement at 2026-03-02 19:12:47 ===
Hour: 19, Period: evening
Mode: flow (duration: 136.3s)
Aggression: 0.06
Flow: direction=0.95, x_offset=-56.8
Light position (normalized): x=0.63, z=0.61
Almost-engaged: False, strategy: none
Person zone: active

=== Engagement at 2026-03-02 19:14:25 ===
Hour: 19, Period: evening
Mode: flow (duration: 84.8s)
Aggression: 0.03
Flow: direction=-0.86, x_offset=51.7
Light position (normalized): x=0.26, z=0.35
Almost-engaged: False, strategy: none
Person zone: active

=== Engagement at 2026-03-02 19:16:21 ===
Hour: 19, Period: evening
Mode: idle (duration: 21.6s)
Aggression: 0.04
Flow: direction=0.02, x_offset=-15.2
Light position (normalized): x=0.65, z=0.27
Almost-engaged: False, strategy: none
Person zone: active

=== Engagement at 2026-03-02 19:16:21 ===
Hour: 19, Period: evening
Mode: idle (duration: 21.6s)
Aggression: 0.04
Flow: direction=0.02, x_offset=-15.2
Light position (normalized): x=0.65, z=0.27
Almost-engaged: False, strategy: none
Person zone: active

=== Engagement at 2026-03-02 19:17:18 ===
Hour: 19, Period: evening
Mode: flow (duration: 4.4s)
Aggression: 0.02
Flow: direction=0.73, x_offset=-44.0
Light position (normalized): x=0.62, z=0.55
Almost-engaged: False, strategy: none
Person zone: active

=== Engagement at 2026-03-02 19:19:11 ===
Hour: 19, Period: evening
Mode: flow (duration: 99.9s)
Aggression: 0.04
Flow: direction=-0.53, x_offset=31.8
Light position (normalized): x=0.84, z=0.23
Almost-engaged: False, strategy: none
Person zone: active

=== Engagement at 2026-03-02 19:20:08 ===
Hour: 19, Period: evening
Mode: idle (duration: 18.1s)
Aggression: 0.01
Flow: direction=0.87, x_offset=-52.0
Light position (normalized): x=0.51, z=0.23
Almost-engaged: False, strategy: none
Person zone: active

=== Engagement at 2026-03-02 19:20:08 ===
Hour: 19, Period: evening
Mode: idle (duration: 18.1s)
Aggression: 0.01
Flow: direction=0.87, x_offset=-52.0
Light position (normalized): x=0.51, z=0.23
Almost-engaged: False, strategy: none
Person zone: active

=== Engagement at 2026-03-02 19:21:50 ===
Hour: 19, Period: evening
Mode: flow (duration: 88.9s)
Aggression: 0.06
Flow: direction=0.02, x_offset=-1.1
Light position (normalized): x=0.12, z=0.29
Almost-engaged: False, strategy: none
Person zone: active

=== Engagement at 2026-03-02 19:21:50 ===
Hour: 19, Period: evening
Mode: flow (duration: 88.9s)
Aggression: 0.06
Flow: direction=0.02, x_offset=-1.1
Light position (normalized): x=0.12, z=0.29
Almost-engaged: False, strategy: none
Person zone: active

=== Engagement at 2026-03-02 19:22:17 ===
Hour: 19, Period: evening
Mode: flow (duration: 14.1s)
Aggression: 0.00
Flow: direction=-0.92, x_offset=55.4
Light position (normalized): x=0.26, z=0.48
Almost-engaged: False, strategy: none
Person zone: active

=== Engagement at 2026-03-02 19:24:15 ===
Hour: 19, Period: evening
Mode: flow (duration: 105.2s)
Aggression: 0.03
Flow: direction=-0.96, x_offset=57.5
Light position (normalized): x=0.60, z=0.36
Almost-engaged: False, strategy: none
Person zone: active

=== Engagement at 2026-03-02 19:24:15 ===
Hour: 19, Period: evening
Mode: flow (duration: 105.2s)
Aggression: 0.03
Flow: direction=-0.96, x_offset=57.5
Light position (normalized): x=0.60, z=0.36
Almost-engaged: False, strategy: none
Person zone: active

=== Engagement at 2026-03-02 19:28:27 ===
Hour: 19, Period: evening
Mode: flow (duration: 138.6s)
Aggression: 0.08
Flow: direction=0.56, x_offset=-33.5
Light position (normalized): x=0.73, z=0.23
Almost-engaged: False, strategy: none
Person zone: active

=== Engagement at 2026-03-02 19:29:07 ===
Hour: 19, Period: evening
Mode: flow (duration: 26.5s)
Aggression: 0.01
Flow: direction=0.74, x_offset=-53.1
Light position (normalized): x=0.54, z=0.27
Almost-engaged: False, strategy: none
Person zone: active

=== Engagement at 2026-03-02 19:29:07 ===
Hour: 19, Period: evening
Mode: flow (duration: 26.5s)
Aggression: 0.01
Flow: direction=0.74, x_offset=-53.1
Light position (normalized): x=0.54, z=0.27
Almost-engaged: False, strategy: none
Person zone: active

=== Engagement at 2026-03-02 19:30:03 ===
Hour: 19, Period: evening
Mode: flow (duration: 43.1s)
Aggression: 0.01
Flow: direction=-0.56, x_offset=48.2
Light position (normalized): x=0.54, z=0.11
Almost-engaged: False, strategy: none
Person zone: active

=== Engagement at 2026-03-02 19:30:11 ===
Hour: 19, Period: evening
Mode: engaged (duration: 8.2s)
Aggression: 0.00
Flow: direction=-0.89, x_offset=53.7
Light position (normalized): x=0.79, z=0.64
Almost-engaged: False, strategy: none
Person zone: active

=== Engagement at 2026-03-02 19:30:11 ===
Hour: 19, Period: evening
Mode: engaged (duration: 8.2s)
Aggression: 0.00
Flow: direction=-0.89, x_offset=53.7
Light position (normalized): x=0.79, z=0.64
Almost-engaged: False, strategy: none
Person zone: active

=== Engagement at 2026-03-02 19:30:49 ===
Hour: 19, Period: evening
Mode: flow (duration: 31.9s)
Aggression: 0.02
Flow: direction=-0.42, x_offset=25.1
Light position (normalized): x=0.36, z=0.15
Almost-engaged: False, strategy: none
Person zone: active

=== Engagement at 2026-03-02 19:34:41 ===
Hour: 19, Period: evening
Mode: idle (duration: 11.7s)
Aggression: 0.06
Flow: direction=1.00, x_offset=-60.0
Light position (normalized): x=0.31, z=0.08
Almost-engaged: False, strategy: none
Person zone: active

=== Engagement at 2026-03-02 19:34:58 ===
Hour: 19, Period: evening
Mode: flow (duration: 4.2s)
Aggression: 0.00
Flow: direction=0.99, x_offset=-59.5
Light position (normalized): x=0.50, z=0.27
Almost-engaged: False, strategy: none
Person zone: active

=== Engagement at 2026-03-02 19:34:58 ===
Hour: 19, Period: evening
Mode: flow (duration: 4.2s)
Aggression: 0.00
Flow: direction=0.99, x_offset=-59.5
Light position (normalized): x=0.50, z=0.27
Almost-engaged: False, strategy: none
Person zone: active

=== Engagement at 2026-03-02 19:34:59 ===
Hour: 19, Period: evening
Mode: engaged (duration: 1.2s)
Aggression: 0.00
Flow: direction=0.83, x_offset=-49.8
Light position (normalized): x=0.94, z=1.00
Almost-engaged: False, strategy: none
Person zone: active

=== Engagement at 2026-03-02 19:35:02 ===
Hour: 19, Period: evening
Mode: engaged (duration: 3.9s)
Aggression: 0.00
Flow: direction=0.54, x_offset=-32.1
Light position (normalized): x=0.67, z=0.30
Almost-engaged: False, strategy: none
Person zone: active

=== Engagement at 2026-03-02 19:35:03 ===
Hour: 19, Period: evening
Mode: engaged (duration: 4.8s)
Aggression: 0.00
Flow: direction=0.29, x_offset=-17.3
Light position (normalized): x=0.52, z=0.32
Almost-engaged: False, strategy: none
Person zone: active

=== Engagement at 2026-03-02 19:37:26 ===
Hour: 19, Period: evening
Mode: idle (duration: 17.9s)
Aggression: 0.03
Flow: direction=0.58, x_offset=-34.7
Light position (normalized): x=0.58, z=0.44
Almost-engaged: False, strategy: none
Person zone: active

=== Engagement at 2026-03-02 19:37:54 ===
Hour: 19, Period: evening
Mode: idle (duration: 14.5s)
Aggression: 0.01
Flow: direction=1.00, x_offset=-59.9
Light position (normalized): x=0.38, z=0.47
Almost-engaged: False, strategy: none
Person zone: active

=== Engagement at 2026-03-02 19:37:54 ===
Hour: 19, Period: evening
Mode: idle (duration: 14.5s)
Aggression: 0.01
Flow: direction=1.00, x_offset=-59.9
Light position (normalized): x=0.38, z=0.47
Almost-engaged: False, strategy: none
Person zone: active

=== Engagement at 2026-03-02 19:40:31 ===
Hour: 19, Period: evening
Mode: flow (duration: 144.5s)
Aggression: 0.04
Flow: direction=0.92, x_offset=-55.3
Light position (normalized): x=0.36, z=0.26
Almost-engaged: False, strategy: none
Person zone: active

=== Engagement at 2026-03-02 19:40:31 ===
Hour: 19, Period: evening
Mode: flow (duration: 144.5s)
Aggression: 0.04
Flow: direction=0.92, x_offset=-55.3
Light position (normalized): x=0.36, z=0.26
Almost-engaged: False, strategy: none
Person zone: active

=== Engagement at 2026-03-02 19:40:35 ===
Hour: 19, Period: evening
Mode: engaged (duration: 3.2s)
Aggression: 0.00
Flow: direction=0.80, x_offset=-47.7
Light position (normalized): x=0.87, z=0.59
Almost-engaged: False, strategy: none
Person zone: active

=== Engagement at 2026-03-02 19:44:44 ===
Hour: 19, Period: evening
Mode: flow (duration: 22.1s)
Aggression: 0.08
Flow: direction=0.59, x_offset=-35.1
Light position (normalized): x=0.76, z=0.42
Almost-engaged: False, strategy: none
Person zone: active

=== Engagement at 2026-03-02 19:44:44 ===
Hour: 19, Period: evening
Mode: flow (duration: 22.1s)
Aggression: 0.08
Flow: direction=0.59, x_offset=-35.1
Light position (normalized): x=0.76, z=0.42
Almost-engaged: False, strategy: none
Person zone: active

=== Engagement at 2026-03-02 19:44:57 ===
Hour: 19, Period: evening
Mode: flow (duration: 0.1s)
Aggression: 0.01
Flow: direction=0.12, x_offset=-6.0
Light position (normalized): x=0.51, z=0.17
Almost-engaged: False, strategy: none
Person zone: active

=== Engagement at 2026-03-02 19:44:57 ===
Hour: 19, Period: evening
Mode: flow (duration: 0.1s)
Aggression: 0.01
Flow: direction=0.12, x_offset=-6.0
Light position (normalized): x=0.51, z=0.17
Almost-engaged: False, strategy: none
Person zone: active

=== Engagement at 2026-03-02 19:49:29 ===
Hour: 19, Period: evening
Mode: idle (duration: 148.6s)
Aggression: 0.04
Flow: direction=0.63, x_offset=-37.6
Light position (normalized): x=0.49, z=0.23
Almost-engaged: False, strategy: none
Person zone: active

=== Engagement at 2026-03-02 19:51:35 ===
Hour: 19, Period: evening
Mode: idle (duration: 55.3s)
Aggression: 0.02
Flow: direction=-0.00, x_offset=3.9
Light position (normalized): x=0.27, z=0.36
Almost-engaged: False, strategy: none
Person zone: active

=== Engagement at 2026-03-02 19:51:35 ===
Hour: 19, Period: evening
Mode: idle (duration: 55.3s)
Aggression: 0.02
Flow: direction=-0.00, x_offset=3.9
Light position (normalized): x=0.27, z=0.36
Almost-engaged: False, strategy: none
Person zone: active

=== Engagement at 2026-03-02 19:52:06 ===
Hour: 19, Period: evening
Mode: idle (duration: 17.7s)
Aggression: 0.01
Flow: direction=0.25, x_offset=-14.9
Light position (normalized): x=0.44, z=0.13
Almost-engaged: False, strategy: none
Person zone: active

=== Engagement at 2026-03-02 19:52:06 ===
Hour: 19, Period: evening
Mode: idle (duration: 17.7s)
Aggression: 0.01
Flow: direction=0.25, x_offset=-14.9
Light position (normalized): x=0.44, z=0.13
Almost-engaged: False, strategy: none
Person zone: active

=== Engagement at 2026-03-02 19:52:11 ===
Hour: 19, Period: evening
Mode: engaged (duration: 5.2s)
Aggression: 0.00
Flow: direction=0.68, x_offset=-40.5
Light position (normalized): x=0.28, z=0.34
Almost-engaged: False, strategy: none
Person zone: active

=== Engagement at 2026-03-02 19:57:26 ===
Hour: 19, Period: evening
Mode: idle (duration: 265.3s)
Aggression: 0.03
Flow: direction=-0.02, x_offset=15.2
Light position (normalized): x=0.31, z=0.28
Almost-engaged: False, strategy: none
Person zone: active

=== Engagement at 2026-03-02 19:58:46 ===
Hour: 19, Period: evening
Mode: flow (duration: 44.7s)
Aggression: 0.02
Flow: direction=0.01, x_offset=-10.1
Light position (normalized): x=0.40, z=0.34
Almost-engaged: False, strategy: none
Person zone: active

=== Engagement at 2026-03-02 19:58:46 ===
Hour: 19, Period: evening
Mode: flow (duration: 44.7s)
Aggression: 0.02
Flow: direction=0.01, x_offset=-10.1
Light position (normalized): x=0.40, z=0.34
Almost-engaged: False, strategy: none
Person zone: active

=== Engagement at 2026-03-02 19:58:59 ===
Hour: 19, Period: evening
Mode: engaged (duration: 12.5s)
Aggression: 0.01
Flow: direction=-0.08, x_offset=3.5
Light position (normalized): x=0.59, z=0.42
Almost-engaged: False, strategy: none
Person zone: active

=== Engagement at 2026-03-02 19:58:59 ===
Hour: 19, Period: evening
Mode: engaged (duration: 12.5s)
Aggression: 0.01
Flow: direction=-0.08, x_offset=3.5
Light position (normalized): x=0.59, z=0.42
Almost-engaged: False, strategy: none
Person zone: active

=== Engagement at 2026-03-02 20:00:02 ===
Hour: 20, Period: evening
Mode: flow (duration: 54.1s)
Aggression: 0.02
Flow: direction=0.96, x_offset=-57.8
Light position (normalized): x=0.80, z=0.58
Almost-engaged: False, strategy: none
Person zone: active

=== Engagement at 2026-03-02 20:00:02 ===
Hour: 20, Period: evening
Mode: flow (duration: 54.1s)
Aggression: 0.02
Flow: direction=0.96, x_offset=-57.8
Light position (normalized): x=0.80, z=0.58
Almost-engaged: False, strategy: none
Person zone: active

=== Engagement at 2026-03-02 20:06:48 ===
Hour: 20, Period: evening
Mode: idle (duration: 2.7s)
Aggression: 0.08
Flow: direction=0.41, x_offset=-42.5
Light position (normalized): x=0.78, z=0.29
Almost-engaged: False, strategy: none
Person zone: active

=== Engagement at 2026-03-02 20:07:54 ===
Hour: 20, Period: evening
Mode: idle (duration: 52.6s)
Aggression: 0.01
Flow: direction=0.92, x_offset=-55.4
Light position (normalized): x=0.55, z=0.47
Almost-engaged: False, strategy: none
Person zone: active

=== Engagement at 2026-03-02 20:11:31 ===
Hour: 20, Period: evening
Mode: flow (duration: 47.1s)
Aggression: 0.05
Flow: direction=0.14, x_offset=-8.5
Light position (normalized): x=0.37, z=0.15
Almost-engaged: False, strategy: none
Person zone: active

=== Engagement at 2026-03-02 20:12:01 ===
Hour: 20, Period: evening
Mode: flow (duration: 17.0s)
Aggression: 0.01
Flow: direction=0.94, x_offset=-56.4
Light position (normalized): x=0.64, z=0.46
Almost-engaged: False, strategy: none
Person zone: active

=== Engagement at 2026-03-02 20:17:30 ===
Hour: 20, Period: evening
Mode: idle (duration: 32.2s)
Aggression: 0.07
Flow: direction=0.90, x_offset=-54.0
Light position (normalized): x=0.71, z=0.26
Almost-engaged: False, strategy: none
Person zone: active

=== Engagement at 2026-03-02 20:18:56 ===
Hour: 20, Period: evening
Mode: idle (duration: 25.6s)
Aggression: 0.01
Flow: direction=0.00, x_offset=-1.2
Light position (normalized): x=0.45, z=0.13
Almost-engaged: False, strategy: none
Person zone: active

=== Engagement at 2026-03-02 20:18:56 ===
Hour: 20, Period: evening
Mode: idle (duration: 25.6s)
Aggression: 0.01
Flow: direction=0.00, x_offset=-1.2
Light position (normalized): x=0.45, z=0.13
Almost-engaged: False, strategy: none
Person zone: active

=== Engagement at 2026-03-02 20:19:37 ===
Hour: 20, Period: evening
Mode: flow (duration: 5.2s)
Aggression: 0.01
Flow: direction=-0.29, x_offset=36.3
Light position (normalized): x=0.12, z=0.37
Almost-engaged: False, strategy: none
Person zone: active

=== Engagement at 2026-03-02 20:19:37 ===
Hour: 20, Period: evening
Mode: flow (duration: 5.2s)
Aggression: 0.01
Flow: direction=-0.29, x_offset=36.3
Light position (normalized): x=0.12, z=0.37
Almost-engaged: False, strategy: none
Person zone: active

=== Engagement at 2026-03-02 20:25:03 ===
Hour: 20, Period: evening
Mode: idle (duration: 206.8s)
Aggression: 0.04
Flow: direction=-0.31, x_offset=18.9
Light position (normalized): x=0.37, z=0.12
Almost-engaged: False, strategy: none
Person zone: active

=== Engagement at 2026-03-02 20:29:24 ===
Hour: 20, Period: evening
Mode: idle (duration: 196.5s)
Aggression: 0.03
Flow: direction=0.98, x_offset=-58.6
Light position (normalized): x=0.42, z=0.33
Almost-engaged: False, strategy: none
Person zone: active

=== Engagement at 2026-03-02 20:31:23 ===
Hour: 20, Period: evening
Mode: flow (duration: 4.5s)
Aggression: 0.02
Flow: direction=0.91, x_offset=-54.4
Light position (normalized): x=0.54, z=0.21
Almost-engaged: False, strategy: none
Person zone: active

=== Engagement at 2026-03-02 20:31:23 ===
Hour: 20, Period: evening
Mode: flow (duration: 4.5s)
Aggression: 0.02
Flow: direction=0.91, x_offset=-54.4
Light position (normalized): x=0.54, z=0.21
Almost-engaged: False, strategy: none
Person zone: active

=== Engagement at 2026-03-02 20:32:43 ===
Hour: 20, Period: evening
Mode: flow (duration: 66.4s)
Aggression: 0.01
Flow: direction=0.93, x_offset=-55.6
Light position (normalized): x=0.77, z=0.50
Almost-engaged: False, strategy: none
Person zone: active

=== Engagement at 2026-03-02 20:33:10 ===
Hour: 20, Period: evening
Mode: idle (duration: 14.3s)
Aggression: 0.01
Flow: direction=1.00, x_offset=-60.0
Light position (normalized): x=0.81, z=0.32
Almost-engaged: False, strategy: none
Person zone: active

=== Engagement at 2026-03-02 20:35:17 ===
Hour: 20, Period: evening
Mode: idle (duration: 27.6s)
Aggression: 0.03
Flow: direction=0.44, x_offset=-26.2
Light position (normalized): x=0.29, z=0.44
Almost-engaged: False, strategy: none
Person zone: active

=== Engagement at 2026-03-02 20:37:20 ===
Hour: 20, Period: evening
Mode: idle (duration: 110.1s)
Aggression: 0.02
Flow: direction=0.25, x_offset=-15.0
Light position (normalized): x=0.52, z=0.36
Almost-engaged: False, strategy: none
Person zone: active

=== Engagement at 2026-03-02 20:39:19 ===
Hour: 20, Period: evening
Mode: flow (duration: 82.2s)
Aggression: 0.02
Flow: direction=0.24, x_offset=-14.3
Light position (normalized): x=0.41, z=0.17
Almost-engaged: False, strategy: none
Person zone: active

=== Engagement at 2026-03-02 20:39:19 ===
Hour: 20, Period: evening
Mode: flow (duration: 82.2s)
Aggression: 0.02
Flow: direction=0.24, x_offset=-14.3
Light position (normalized): x=0.41, z=0.17
Almost-engaged: False, strategy: none
Person zone: active

=== Engagement at 2026-03-02 20:40:51 ===
Hour: 20, Period: evening
Mode: flow (duration: 50.0s)
Aggression: 0.02
Flow: direction=0.15, x_offset=-8.8
Light position (normalized): x=0.51, z=0.11
Almost-engaged: False, strategy: none
Person zone: active

=== Engagement at 2026-03-02 20:43:12 ===
Hour: 20, Period: evening
Mode: flow (duration: 9.6s)
Aggression: 0.02
Flow: direction=0.97, x_offset=-58.3
Light position (normalized): x=0.57, z=0.18
Almost-engaged: False, strategy: none
Person zone: active

=== Engagement at 2026-03-02 20:43:14 ===
Hour: 20, Period: evening
Mode: engaged (duration: 2.4s)
Aggression: 0.00
Flow: direction=0.97, x_offset=-58.0
Light position (normalized): x=0.87, z=0.19
Almost-engaged: False, strategy: none
Person zone: active

=== Engagement at 2026-03-02 20:43:29 ===
Hour: 20, Period: evening
Mode: engaged (duration: 17.1s)
Aggression: 0.00
Flow: direction=-0.76, x_offset=45.4
Light position (normalized): x=0.90, z=0.43
Almost-engaged: False, strategy: none
Person zone: active

=== Engagement at 2026-03-02 20:43:29 ===
Hour: 20, Period: evening
Mode: engaged (duration: 17.1s)
Aggression: 0.00
Flow: direction=-0.76, x_offset=45.4
Light position (normalized): x=0.90, z=0.43
Almost-engaged: False, strategy: none
Person zone: active

=== Engagement at 2026-03-02 20:43:31 ===
Hour: 20, Period: evening
Mode: engaged (duration: 18.9s)
Aggression: 0.00
Flow: direction=-0.75, x_offset=45.1
Light position (normalized): x=0.89, z=1.00
Almost-engaged: False, strategy: none
Person zone: active

=== Engagement at 2026-03-02 20:43:40 ===
Hour: 20, Period: evening
Mode: engaged (duration: 28.4s)
Aggression: 0.00
Flow: direction=-0.17, x_offset=4.2
Light position (normalized): x=0.90, z=0.57
Almost-engaged: False, strategy: none
Person zone: active

=== Engagement at 2026-03-02 20:45:17 ===
Hour: 20, Period: evening
Mode: engaged (duration: 124.8s)
Aggression: 0.00
Flow: direction=0.75, x_offset=-45.2
Light position (normalized): x=0.30, z=0.11
Almost-engaged: False, strategy: none
Person zone: active

=== Engagement at 2026-03-02 20:45:17 ===
Hour: 20, Period: evening
Mode: engaged (duration: 124.8s)
Aggression: 0.00
Flow: direction=0.75, x_offset=-45.2
Light position (normalized): x=0.30, z=0.11
Almost-engaged: False, strategy: none
Person zone: active

=== Engagement at 2026-03-02 20:45:18 ===
Hour: 20, Period: evening
Mode: engaged (duration: 125.8s)
Aggression: 0.00
Flow: direction=0.70, x_offset=-42.2
Light position (normalized): x=0.57, z=1.00
Almost-engaged: False, strategy: none
Person zone: active

=== Engagement at 2026-03-02 20:45:18 ===
Hour: 20, Period: evening
Mode: engaged (duration: 125.8s)
Aggression: 0.00
Flow: direction=0.70, x_offset=-42.2
Light position (normalized): x=0.57, z=1.00
Almost-engaged: False, strategy: none
Person zone: active

=== Engagement at 2026-03-02 20:45:50 ===
Hour: 20, Period: evening
Mode: engaged (duration: 158.1s)
Aggression: 0.00
Flow: direction=-0.01, x_offset=0.8
Light position (normalized): x=0.90, z=0.47
Almost-engaged: False, strategy: none
Person zone: active

=== Engagement at 2026-03-02 20:48:03 ===
Hour: 20, Period: evening
Mode: crowd (duration: 129.9s)
Aggression: 0.00
Flow: direction=-0.92, x_offset=55.3
Light position (normalized): x=0.89, z=0.59
Almost-engaged: False, strategy: none
Person zone: active

=== Engagement at 2026-03-02 20:56:02 ===
Hour: 20, Period: evening
Mode: idle (duration: 268.6s)
Aggression: 0.07
Flow: direction=0.00, x_offset=-5.0
Light position (normalized): x=0.58, z=0.27
Almost-engaged: False, strategy: none
Person zone: active

=== Engagement at 2026-03-02 20:56:02 ===
Hour: 20, Period: evening
Mode: idle (duration: 268.6s)
Aggression: 0.07
Flow: direction=0.00, x_offset=-5.0
Light position (normalized): x=0.58, z=0.27
Almost-engaged: False, strategy: none
Person zone: active

=== Engagement at 2026-03-02 20:56:59 ===
Hour: 20, Period: evening
Mode: idle (duration: 44.0s)
Aggression: 0.01
Flow: direction=-0.08, x_offset=5.0
Light position (normalized): x=0.18, z=0.34
Almost-engaged: False, strategy: none
Person zone: active

=== Engagement at 2026-03-02 20:58:37 ===
Hour: 20, Period: evening
Mode: idle (duration: 15.5s)
Aggression: 0.02
Flow: direction=0.19, x_offset=-11.2
Light position (normalized): x=0.22, z=0.34
Almost-engaged: False, strategy: none
Person zone: active

=== Engagement at 2026-03-02 20:58:56 ===
Hour: 20, Period: evening
Mode: flow (duration: 2.1s)
Aggression: 0.02
Flow: direction=0.59, x_offset=-35.4
Light position (normalized): x=0.42, z=0.34
Almost-engaged: False, strategy: none
Person zone: active

=== Engagement at 2026-03-02 20:58:56 ===
Hour: 20, Period: evening
Mode: engaged (duration: 0.3s)
Aggression: 0.01
Flow: direction=0.59, x_offset=-35.4
Light position (normalized): x=0.46, z=0.33
Almost-engaged: False, strategy: none
Person zone: active

=== Engagement at 2026-03-02 20:58:56 ===
Hour: 20, Period: evening
Mode: engaged (duration: 0.3s)
Aggression: 0.01
Flow: direction=0.59, x_offset=-35.4
Light position (normalized): x=0.46, z=0.33
Almost-engaged: False, strategy: none
Person zone: active

=== Engagement at 2026-03-02 21:00:40 ===
Hour: 21, Period: evening
Mode: idle (duration: 36.1s)
Aggression: 0.01
Flow: direction=0.25, x_offset=-15.0
Light position (normalized): x=0.46, z=0.34
Almost-engaged: False, strategy: none
Person zone: active

=== Engagement at 2026-03-02 21:00:40 ===
Hour: 21, Period: evening
Mode: idle (duration: 36.1s)
Aggression: 0.01
Flow: direction=0.25, x_offset=-15.0
Light position (normalized): x=0.46, z=0.34
Almost-engaged: False, strategy: none
Person zone: active

=== Engagement at 2026-03-02 21:01:27 ===
Hour: 21, Period: evening
Mode: flow (duration: 34.2s)
Aggression: 0.01
Flow: direction=-0.44, x_offset=26.5
Light position (normalized): x=0.63, z=0.32
Almost-engaged: False, strategy: none
Person zone: active

=== Engagement at 2026-03-02 21:04:08 ===
Hour: 21, Period: evening
Mode: flow (duration: 36.7s)
Aggression: 0.02
Flow: direction=0.66, x_offset=-39.8
Light position (normalized): x=0.38, z=0.24
Almost-engaged: False, strategy: none
Person zone: active

=== Engagement at 2026-03-02 21:04:08 ===
Hour: 21, Period: evening
Mode: flow (duration: 36.7s)
Aggression: 0.02
Flow: direction=0.66, x_offset=-39.8
Light position (normalized): x=0.38, z=0.24
Almost-engaged: False, strategy: none
Person zone: active

=== Engagement at 2026-03-02 21:04:49 ===
Hour: 21, Period: evening
Mode: flow (duration: 28.1s)
Aggression: 0.02
Flow: direction=0.88, x_offset=-53.1
Light position (normalized): x=0.72, z=0.04
Almost-engaged: False, strategy: none
Person zone: active

=== Engagement at 2026-03-02 21:04:49 ===
Hour: 21, Period: evening
Mode: flow (duration: 28.1s)
Aggression: 0.02
Flow: direction=0.88, x_offset=-53.1
Light position (normalized): x=0.72, z=0.04
Almost-engaged: False, strategy: none
Person zone: active

=== Engagement at 2026-03-02 21:05:00 ===
Hour: 21, Period: evening
Mode: engaged (duration: 10.5s)
Aggression: 0.02
Flow: direction=0.18, x_offset=-8.0
Light position (normalized): x=0.29, z=0.57
Almost-engaged: False, strategy: none
Person zone: active

=== Engagement at 2026-03-02 21:06:27 ===
Hour: 21, Period: evening
Mode: idle (duration: 22.6s)
Aggression: 0.01
Flow: direction=0.25, x_offset=-15.0
Light position (normalized): x=0.37, z=0.43
Almost-engaged: False, strategy: none
Person zone: active

=== Engagement at 2026-03-02 21:06:49 ===
Hour: 21, Period: evening
Mode: idle (duration: 8.6s)
Aggression: 0.01
Flow: direction=0.99, x_offset=-59.2
Light position (normalized): x=0.41, z=0.15
Almost-engaged: False, strategy: none
Person zone: active

=== Engagement at 2026-03-02 21:10:31 ===
Hour: 21, Period: evening
Mode: idle (duration: 15.4s)
Aggression: 0.05
Flow: direction=-0.51, x_offset=30.7
Light position (normalized): x=0.47, z=0.16
Almost-engaged: False, strategy: none
Person zone: active

=== Engagement at 2026-03-02 21:10:31 ===
Hour: 21, Period: evening
Mode: idle (duration: 15.4s)
Aggression: 0.05
Flow: direction=-0.51, x_offset=30.7
Light position (normalized): x=0.47, z=0.16
Almost-engaged: False, strategy: none
Person zone: active

=== Engagement at 2026-03-02 21:19:21 ===
Hour: 21, Period: evening
Mode: idle (duration: 236.3s)
Aggression: 0.08
Flow: direction=0.44, x_offset=-26.3
Light position (normalized): x=0.61, z=0.34
Almost-engaged: False, strategy: none
Person zone: active

=== Engagement at 2026-03-02 21:21:50 ===
Hour: 21, Period: evening
Mode: idle (duration: 135.8s)
Aggression: 0.01
Flow: direction=0.87, x_offset=-52.0
Light position (normalized): x=0.67, z=0.37
Almost-engaged: False, strategy: none
Person zone: active

=== Engagement at 2026-03-02 21:21:50 ===
Hour: 21, Period: evening
Mode: idle (duration: 135.8s)
Aggression: 0.01
Flow: direction=0.87, x_offset=-52.0
Light position (normalized): x=0.67, z=0.37
Almost-engaged: False, strategy: none
Person zone: active

=== Engagement at 2026-03-02 21:23:22 ===
Hour: 21, Period: evening
Mode: idle (duration: 4.2s)
Aggression: 0.03
Flow: direction=1.00, x_offset=-59.8
Light position (normalized): x=0.33, z=0.15
Almost-engaged: False, strategy: none
Person zone: active

=== Engagement at 2026-03-02 21:26:36 ===
Hour: 21, Period: evening
Mode: idle (duration: 40.1s)
Aggression: 0.03
Flow: direction=1.00, x_offset=-59.7
Light position (normalized): x=0.64, z=0.37
Almost-engaged: False, strategy: none
Person zone: active

=== Engagement at 2026-03-02 21:26:48 ===
Hour: 21, Period: evening
Mode: engaged (duration: 11.4s)
Aggression: 0.01
Flow: direction=1.00, x_offset=-60.0
Light position (normalized): x=0.84, z=0.57
Almost-engaged: False, strategy: none
Person zone: active

=== Engagement at 2026-03-02 21:26:55 ===
Hour: 21, Period: evening
Mode: flow (duration: 2.5s)
Aggression: 0.00
Flow: direction=0.95, x_offset=-57.2
Light position (normalized): x=0.27, z=0.26
Almost-engaged: False, strategy: none
Person zone: active

=== Engagement at 2026-03-02 21:26:55 ===
Hour: 21, Period: evening
Mode: flow (duration: 2.5s)
Aggression: 0.00
Flow: direction=0.95, x_offset=-57.2
Light position (normalized): x=0.27, z=0.26
Almost-engaged: False, strategy: none
Person zone: active

=== Engagement at 2026-03-02 21:27:37 ===
Hour: 21, Period: evening
Mode: flow (duration: 28.3s)
Aggression: 0.01
Flow: direction=-0.02, x_offset=0.4
Light position (normalized): x=0.78, z=0.55
Almost-engaged: False, strategy: none
Person zone: active

=== Engagement at 2026-03-02 21:27:37 ===
Hour: 21, Period: evening
Mode: flow (duration: 28.3s)
Aggression: 0.01
Flow: direction=-0.02, x_offset=0.4
Light position (normalized): x=0.78, z=0.55
Almost-engaged: False, strategy: none
Person zone: active

=== Engagement at 2026-03-02 21:35:52 ===
Hour: 21, Period: evening
Mode: idle (duration: 199.8s)
Aggression: 0.08
Flow: direction=0.44, x_offset=-26.2
Light position (normalized): x=0.51, z=0.36
Almost-engaged: False, strategy: none
Person zone: active

=== Engagement at 2026-03-02 21:39:59 ===
Hour: 21, Period: evening
Mode: idle (duration: 46.6s)
Aggression: 0.03
Flow: direction=0.25, x_offset=-15.0
Light position (normalized): x=0.54, z=0.48
Almost-engaged: False, strategy: none
Person zone: active

=== Engagement at 2026-03-02 21:43:41 ===
Hour: 21, Period: evening
Mode: idle (duration: 209.0s)
Aggression: 0.01
Flow: direction=0.00, x_offset=-0.0
Light position (normalized): x=0.58, z=0.40
Almost-engaged: False, strategy: none
Person zone: active

=== Engagement at 2026-03-02 21:43:41 ===
Hour: 21, Period: evening
Mode: idle (duration: 209.0s)
Aggression: 0.01
Flow: direction=0.00, x_offset=-0.0
Light position (normalized): x=0.58, z=0.40
Almost-engaged: False, strategy: none
Person zone: active

=== Engagement at 2026-03-02 21:44:49 ===
Hour: 21, Period: evening
Mode: flow (duration: 54.5s)
Aggression: 0.01
Flow: direction=-0.00, x_offset=2.6
Light position (normalized): x=0.40, z=0.16
Almost-engaged: False, strategy: none
Person zone: active

=== Engagement at 2026-03-02 21:44:49 ===
Hour: 21, Period: evening
Mode: flow (duration: 54.5s)
Aggression: 0.01
Flow: direction=-0.00, x_offset=2.6
Light position (normalized): x=0.40, z=0.16
Almost-engaged: False, strategy: none
Person zone: active

=== Engagement at 2026-03-02 21:48:06 ===
Hour: 21, Period: evening
Mode: idle (duration: 184.3s)
Aggression: 0.02
Flow: direction=0.44, x_offset=-26.3
Light position (normalized): x=0.51, z=0.43
Almost-engaged: False, strategy: none
Person zone: active

=== Engagement at 2026-03-02 21:54:04 ===
Hour: 21, Period: evening
Mode: idle (duration: 53.3s)
Aggression: 0.06
Flow: direction=0.08, x_offset=-4.5
Light position (normalized): x=0.36, z=0.48
Almost-engaged: False, strategy: none
Person zone: active

=== Engagement at 2026-03-02 22:01:42 ===
Hour: 22, Period: evening
Mode: flow (duration: 45.4s)
Aggression: 0.06
Flow: direction=0.61, x_offset=-36.6
Light position (normalized): x=0.26, z=0.49
Almost-engaged: False, strategy: none
Person zone: active

=== Engagement at 2026-03-02 22:01:42 ===
Hour: 22, Period: evening
Mode: flow (duration: 45.4s)
Aggression: 0.06
Flow: direction=0.61, x_offset=-36.6
Light position (normalized): x=0.26, z=0.49
Almost-engaged: False, strategy: none
Person zone: active

=== Engagement at 2026-03-02 22:02:35 ===
Hour: 22, Period: evening
Mode: flow (duration: 40.3s)
Aggression: 0.00
Flow: direction=-0.01, x_offset=8.4
Light position (normalized): x=0.42, z=0.24
Almost-engaged: False, strategy: none
Person zone: active

=== Engagement at 2026-03-02 22:02:35 ===
Hour: 22, Period: evening
Mode: flow (duration: 40.3s)
Aggression: 0.00
Flow: direction=-0.01, x_offset=8.4
Light position (normalized): x=0.42, z=0.24
Almost-engaged: False, strategy: none
Person zone: active

=== Engagement at 2026-03-02 22:07:34 ===
Hour: 22, Period: evening
Mode: flow (duration: 9.5s)
Aggression: 0.04
Flow: direction=1.00, x_offset=-60.0
Light position (normalized): x=0.67, z=0.26
Almost-engaged: False, strategy: none
Person zone: active

=== Engagement at 2026-03-02 22:07:34 ===
Hour: 22, Period: evening
Mode: flow (duration: 9.5s)
Aggression: 0.04
Flow: direction=1.00, x_offset=-60.0
Light position (normalized): x=0.67, z=0.26
Almost-engaged: False, strategy: none
Person zone: active

=== Engagement at 2026-03-02 22:12:55 ===
Hour: 22, Period: evening
Mode: idle (duration: 184.1s)
Aggression: 0.04
Flow: direction=1.00, x_offset=-59.9
Light position (normalized): x=0.48, z=0.47
Almost-engaged: False, strategy: none
Person zone: active

=== Engagement at 2026-03-02 22:20:15 ===
Hour: 22, Period: evening
Mode: flow (duration: 29.6s)
Aggression: 0.07
Flow: direction=0.45, x_offset=-27.3
Light position (normalized): x=0.86, z=0.60
Almost-engaged: False, strategy: none
Person zone: active

=== Engagement at 2026-03-02 22:26:25 ===
Hour: 22, Period: evening
Mode: idle (duration: 11.2s)
Aggression: 0.06
Flow: direction=-0.01, x_offset=12.3
Light position (normalized): x=0.33, z=0.30
Almost-engaged: False, strategy: none
Person zone: active

=== Engagement at 2026-03-02 22:26:25 ===
Hour: 22, Period: evening
Mode: idle (duration: 11.2s)
Aggression: 0.06
Flow: direction=-0.01, x_offset=12.3
Light position (normalized): x=0.33, z=0.30
Almost-engaged: False, strategy: none
Person zone: active

=== Engagement at 2026-03-02 22:27:16 ===
Hour: 22, Period: evening
Mode: idle (duration: 37.8s)
Aggression: 0.02
Flow: direction=0.87, x_offset=-52.4
Light position (normalized): x=0.43, z=0.13
Almost-engaged: False, strategy: none
Person zone: active

=== Engagement at 2026-03-02 22:27:16 ===
Hour: 22, Period: evening
Mode: idle (duration: 37.8s)
Aggression: 0.02
Flow: direction=0.87, x_offset=-52.4
Light position (normalized): x=0.43, z=0.13
Almost-engaged: False, strategy: none
Person zone: active

=== Engagement at 2026-03-02 22:33:31 ===
Hour: 22, Period: evening
Mode: flow (duration: 68.2s)
Aggression: 0.08
Flow: direction=0.94, x_offset=-56.6
Light position (normalized): x=0.74, z=0.61
Almost-engaged: False, strategy: none
Person zone: active

=== Engagement at 2026-03-02 22:33:47 ===
Hour: 22, Period: evening
Mode: flow (duration: 2.5s)
Aggression: 0.01
Flow: direction=0.07, x_offset=-4.3
Light position (normalized): x=0.50, z=0.53
Almost-engaged: False, strategy: none
Person zone: active

=== Engagement at 2026-03-02 22:35:02 ===
Hour: 22, Period: evening
Mode: flow (duration: 61.8s)
Aggression: 0.02
Flow: direction=-0.52, x_offset=31.3
Light position (normalized): x=0.27, z=0.27
Almost-engaged: False, strategy: none
Person zone: active

=== Engagement at 2026-03-02 22:35:18 ===
Hour: 22, Period: evening
Mode: flow (duration: 3.1s)
Aggression: 0.01
Flow: direction=0.56, x_offset=-33.3
Light position (normalized): x=0.18, z=0.38
Almost-engaged: False, strategy: none
Person zone: active

=== Engagement at 2026-03-02 22:35:36 ===
Hour: 22, Period: evening
Mode: flow (duration: 5.0s)
Aggression: 0.01
Flow: direction=0.27, x_offset=-16.2
Light position (normalized): x=0.40, z=0.13
Almost-engaged: False, strategy: none
Person zone: active

=== Engagement at 2026-03-02 22:35:36 ===
Hour: 22, Period: evening
Mode: flow (duration: 5.0s)
Aggression: 0.01
Flow: direction=0.27, x_offset=-16.2
Light position (normalized): x=0.40, z=0.13
Almost-engaged: False, strategy: none
Person zone: active

=== Engagement at 2026-03-02 22:37:46 ===
Hour: 22, Period: evening
Mode: flow (duration: 27.6s)
Aggression: 0.03
Flow: direction=-0.92, x_offset=54.9
Light position (normalized): x=0.54, z=0.28
Almost-engaged: False, strategy: none
Person zone: active

=== Engagement at 2026-03-02 22:37:46 ===
Hour: 22, Period: evening
Mode: flow (duration: 27.6s)
Aggression: 0.03
Flow: direction=-0.92, x_offset=54.9
Light position (normalized): x=0.54, z=0.28
Almost-engaged: False, strategy: none
Person zone: active

=== Engagement at 2026-03-02 22:37:46 ===
Hour: 22, Period: evening
Mode: engaged (duration: 0.4s)
Aggression: 0.01
Flow: direction=-0.92, x_offset=54.9
Light position (normalized): x=0.57, z=0.45
Almost-engaged: False, strategy: none
Person zone: active

=== Engagement at 2026-03-02 22:37:46 ===
Hour: 22, Period: evening
Mode: engaged (duration: 0.4s)
Aggression: 0.01
Flow: direction=-0.92, x_offset=54.9
Light position (normalized): x=0.57, z=0.45
Almost-engaged: False, strategy: none
Person zone: active

=== Engagement at 2026-03-02 22:37:49 ===
Hour: 22, Period: evening
Mode: engaged (duration: 2.8s)
Aggression: 0.01
Flow: direction=-0.84, x_offset=50.3
Light position (normalized): x=0.91, z=0.51
Almost-engaged: False, strategy: none
Person zone: active

=== Engagement at 2026-03-02 22:38:20 ===
Hour: 22, Period: evening
Mode: flow (duration: 21.2s)
Aggression: 0.02
Flow: direction=-0.89, x_offset=53.4
Light position (normalized): x=0.53, z=0.29
Almost-engaged: False, strategy: none
Person zone: active

=== Engagement at 2026-03-02 22:38:20 ===
Hour: 22, Period: evening
Mode: flow (duration: 21.2s)
Aggression: 0.02
Flow: direction=-0.89, x_offset=53.4
Light position (normalized): x=0.53, z=0.29
Almost-engaged: False, strategy: none
Person zone: active

=== Engagement at 2026-03-02 22:40:12 ===
Hour: 22, Period: evening
Mode: flow (duration: 99.2s)
Aggression: 0.03
Flow: direction=-0.05, x_offset=1.3
Light position (normalized): x=0.29, z=0.43
Almost-engaged: False, strategy: none
Person zone: active

=== Engagement at 2026-03-02 22:40:12 ===
Hour: 22, Period: evening
Mode: flow (duration: 99.2s)
Aggression: 0.03
Flow: direction=-0.05, x_offset=1.3
Light position (normalized): x=0.29, z=0.43
Almost-engaged: False, strategy: none
Person zone: active

=== Engagement at 2026-03-02 22:40:39 ===
Hour: 22, Period: evening
Mode: flow (duration: 13.9s)
Aggression: 0.01
Flow: direction=-0.01, x_offset=0.7
Light position (normalized): x=0.63, z=0.26
Almost-engaged: False, strategy: none
Person zone: active

=== Engagement at 2026-03-02 22:40:39 ===
Hour: 22, Period: evening
Mode: flow (duration: 13.9s)
Aggression: 0.01
Flow: direction=-0.01, x_offset=0.7
Light position (normalized): x=0.63, z=0.26
Almost-engaged: False, strategy: none
Person zone: active

=== Engagement at 2026-03-02 22:42:20 ===
Hour: 22, Period: evening
Mode: flow (duration: 87.6s)
Aggression: 0.06
Flow: direction=-0.61, x_offset=36.5
Light position (normalized): x=0.35, z=0.31
Almost-engaged: False, strategy: none
Person zone: active

=== Engagement at 2026-03-02 22:42:20 ===
Hour: 22, Period: evening
Mode: flow (duration: 87.6s)
Aggression: 0.06
Flow: direction=-0.61, x_offset=36.5
Light position (normalized): x=0.35, z=0.31
Almost-engaged: False, strategy: none
Person zone: active

=== Engagement at 2026-03-02 22:42:39 ===
Hour: 22, Period: evening
Mode: flow (duration: 6.3s)
Aggression: 0.00
Flow: direction=-0.43, x_offset=25.8
Light position (normalized): x=0.66, z=0.54
Almost-engaged: False, strategy: none
Person zone: active

=== Engagement at 2026-03-02 22:42:43 ===
Hour: 22, Period: evening
Mode: engaged (duration: 3.1s)
Aggression: 0.01
Flow: direction=-0.30, x_offset=18.1
Light position (normalized): x=0.83, z=0.13
Almost-engaged: False, strategy: none
Person zone: active

=== Engagement at 2026-03-02 22:43:39 ===
Hour: 22, Period: evening
Mode: flow (duration: 46.4s)
Aggression: 0.01
Flow: direction=-0.01, x_offset=5.2
Light position (normalized): x=0.48, z=0.27
Almost-engaged: False, strategy: none
Person zone: active

=== Engagement at 2026-03-02 22:43:40 ===
Hour: 22, Period: evening
Mode: engaged (duration: 1.0s)
Aggression: 0.00
Flow: direction=-0.23, x_offset=13.6
Light position (normalized): x=0.71, z=0.13
Almost-engaged: False, strategy: none
Person zone: active

=== Engagement at 2026-03-02 22:43:40 ===
Hour: 22, Period: evening
Mode: engaged (duration: 1.0s)
Aggression: 0.00
Flow: direction=-0.23, x_offset=13.6
Light position (normalized): x=0.72, z=0.12
Almost-engaged: False, strategy: none
Person zone: active

=== Engagement at 2026-03-02 22:53:42 ===
Hour: 22, Period: evening
Mode: idle (duration: 102.1s)
Aggression: 0.11
Flow: direction=-0.00, x_offset=1.0
Light position (normalized): x=0.36, z=0.33
Almost-engaged: False, strategy: none
Person zone: active

=== Engagement at 2026-03-02 22:53:42 ===
Hour: 22, Period: evening
Mode: idle (duration: 102.1s)
Aggression: 0.11
Flow: direction=-0.00, x_offset=1.0
Light position (normalized): x=0.36, z=0.33
Almost-engaged: False, strategy: none
Person zone: active

=== Engagement at 2026-03-02 22:53:44 ===
Hour: 22, Period: evening
Mode: engaged (duration: 1.9s)
Aggression: 0.00
Flow: direction=-0.21, x_offset=12.8
Light position (normalized): x=0.07, z=1.00
Almost-engaged: False, strategy: none
Person zone: active

=== Engagement at 2026-03-02 22:59:21 ===
Hour: 22, Period: evening
Mode: idle (duration: 15.1s)
Aggression: 0.05
Flow: direction=-0.87, x_offset=52.0
Light position (normalized): x=0.26, z=0.39
Almost-engaged: False, strategy: none
Person zone: active

=== Engagement at 2026-03-02 23:00:47 ===
Hour: 23, Period: evening
Mode: idle (duration: 25.9s)
Aggression: 0.02
Flow: direction=-1.00, x_offset=59.9
Light position (normalized): x=0.23, z=0.32
Almost-engaged: False, strategy: none
Person zone: active

=== Engagement at 2026-03-02 23:01:39 ===
Hour: 23, Period: evening
Mode: flow (duration: 38.1s)
Aggression: 0.01
Flow: direction=0.41, x_offset=-24.5
Light position (normalized): x=0.71, z=0.55
Almost-engaged: False, strategy: none
Person zone: active

=== Engagement at 2026-03-02 23:10:00 ===
Hour: 23, Period: evening
Mode: idle (duration: 125.1s)
Aggression: 0.08
Flow: direction=-0.92, x_offset=55.5
Light position (normalized): x=0.26, z=0.39
Almost-engaged: False, strategy: none
Person zone: active

=== Engagement at 2026-03-02 23:10:00 ===
Hour: 23, Period: evening
Mode: idle (duration: 125.1s)
Aggression: 0.08
Flow: direction=-0.92, x_offset=55.5
Light position (normalized): x=0.26, z=0.39
Almost-engaged: False, strategy: none
Person zone: active

=== Engagement at 2026-03-02 23:21:14 ===
Hour: 23, Period: evening
Mode: idle (duration: 151.7s)
Aggression: 0.10
Flow: direction=0.02, x_offset=-15.2
Light position (normalized): x=0.63, z=0.31
Almost-engaged: False, strategy: none
Person zone: active

=== Engagement at 2026-03-02 23:25:17 ===
Hour: 23, Period: evening
Mode: idle (duration: 41.2s)
Aggression: 0.03
Flow: direction=0.94, x_offset=-56.6
Light position (normalized): x=0.56, z=0.09
Almost-engaged: False, strategy: none
Person zone: active

=== Engagement at 2026-03-02 23:25:17 ===
Hour: 23, Period: evening
Mode: idle (duration: 41.2s)
Aggression: 0.03
Flow: direction=0.94, x_offset=-56.6
Light position (normalized): x=0.56, z=0.09
Almost-engaged: False, strategy: none
Person zone: active

=== Engagement at 2026-03-02 23:25:32 ===
Hour: 23, Period: evening
Mode: idle (duration: 2.5s)
Aggression: 0.00
Flow: direction=0.10, x_offset=-2.3
Light position (normalized): x=0.31, z=0.45
Almost-engaged: False, strategy: none
Person zone: active

=== Engagement at 2026-03-02 23:25:32 ===
Hour: 23, Period: evening
Mode: idle (duration: 2.5s)
Aggression: 0.00
Flow: direction=0.10, x_offset=-2.3
Light position (normalized): x=0.31, z=0.45
Almost-engaged: False, strategy: none
Person zone: active

=== Engagement at 2026-03-02 23:34:51 ===
Hour: 23, Period: evening
Mode: idle (duration: 408.0s)
Aggression: 0.06
Flow: direction=-0.10, x_offset=25.8
Light position (normalized): x=0.47, z=0.44
Almost-engaged: False, strategy: none
Person zone: active

=== Engagement at 2026-03-02 23:34:51 ===
Hour: 23, Period: evening
Mode: idle (duration: 408.0s)
Aggression: 0.06
Flow: direction=-0.10, x_offset=25.8
Light position (normalized): x=0.47, z=0.44
Almost-engaged: False, strategy: none
Person zone: active

=== Engagement at 2026-03-02 23:37:42 ===
Hour: 23, Period: evening
Mode: idle (duration: 158.6s)
Aggression: 0.02
Flow: direction=0.21, x_offset=-12.4
Light position (normalized): x=0.58, z=0.22
Almost-engaged: False, strategy: none
Person zone: active

=== Engagement at 2026-03-02 23:38:33 ===
Hour: 23, Period: evening
Mode: idle (duration: 37.3s)
Aggression: 0.01
Flow: direction=-0.22, x_offset=13.1
Light position (normalized): x=0.54, z=0.24
Almost-engaged: False, strategy: none
Person zone: active

=== Engagement at 2026-03-02 23:40:26 ===
Hour: 23, Period: evening
Mode: idle (duration: 98.6s)
Aggression: 0.01
Flow: direction=0.25, x_offset=-14.8
Light position (normalized): x=0.35, z=0.46
Almost-engaged: False, strategy: none
Person zone: active

=== Engagement at 2026-03-02 23:48:21 ===
Hour: 23, Period: evening
Mode: idle (duration: 401.6s)
Aggression: 0.06
Flow: direction=0.19, x_offset=-11.6
Light position (normalized): x=0.15, z=0.45
Almost-engaged: False, strategy: none
Person zone: active

=== Engagement at 2026-03-02 23:53:52 ===
Hour: 23, Period: evening
Mode: idle (duration: 314.1s)
Aggression: 0.03
Flow: direction=0.00, x_offset=-5.5
Light position (normalized): x=0.60, z=0.33
Almost-engaged: False, strategy: none
Person zone: active

=== Engagement at 2026-03-02 23:53:52 ===
Hour: 23, Period: evening
Mode: idle (duration: 314.1s)
Aggression: 0.03
Flow: direction=0.00, x_offset=-5.5
Light position (normalized): x=0.60, z=0.33
Almost-engaged: False, strategy: none
Person zone: active

=== Engagement at 2026-03-02 23:54:38 ===
Hour: 23, Period: evening
Mode: idle (duration: 32.1s)
Aggression: 0.01
Flow: direction=-0.10, x_offset=23.2
Light position (normalized): x=0.31, z=0.32
Almost-engaged: False, strategy: none
Person zone: active

=== Engagement at 2026-03-02 23:54:38 ===
Hour: 23, Period: evening
Mode: idle (duration: 32.1s)
Aggression: 0.01
Flow: direction=-0.10, x_offset=23.2
Light position (normalized): x=0.31, z=0.32
Almost-engaged: False, strategy: none
Person zone: active

=== Engagement at 2026-03-02 23:56:03 ===
Hour: 23, Period: evening
Mode: idle (duration: 72.2s)
Aggression: 0.01
Flow: direction=0.23, x_offset=-14.0
Light position (normalized): x=0.48, z=0.31
Almost-engaged: False, strategy: none
Person zone: active

=== Engagement at 2026-03-02 23:56:03 ===
Hour: 23, Period: evening
Mode: idle (duration: 72.4s)
Aggression: 0.01
Flow: direction=0.23, x_offset=-14.0
Light position (normalized): x=0.48, z=0.31
Almost-engaged: False, strategy: none
Person zone: active

=== Engagement at 2026-03-02 23:56:03 ===
Hour: 23, Period: evening
Mode: idle (duration: 72.4s)
Aggression: 0.01
Flow: direction=0.23, x_offset=-14.0
Light position (normalized): x=0.48, z=0.31
Almost-engaged: False, strategy: none
Person zone: active

=== Engagement at 2026-03-02 23:56:03 ===
Hour: 23, Period: evening
Mode: engaged (duration: 0.0s)
Aggression: 0.01
Flow: direction=0.23, x_offset=-14.0
Light position (normalized): x=0.48, z=0.31
Almost-engaged: False, strategy: none
Person zone: active

=== Engagement at 2026-03-03 00:01:49 ===
Hour: 0, Period: late_night
Mode: idle (duration: 271.7s)
Aggression: 0.04
Flow: direction=-0.25, x_offset=15.0
Light position (normalized): x=0.46, z=0.53
Almost-engaged: False, strategy: none
Person zone: active

=== Engagement at 2026-03-03 00:01:49 ===
Hour: 0, Period: late_night
Mode: idle (duration: 271.7s)
Aggression: 0.04
Flow: direction=-0.25, x_offset=15.0
Light position (normalized): x=0.46, z=0.53
Almost-engaged: False, strategy: none
Person zone: active

=== Engagement at 2026-03-03 00:02:21 ===
Hour: 0, Period: late_night
Mode: flow (duration: 18.6s)
Aggression: 0.01
Flow: direction=-0.82, x_offset=49.0
Light position (normalized): x=0.42, z=0.28
Almost-engaged: False, strategy: none
Person zone: active

=== Engagement at 2026-03-03 00:02:21 ===
Hour: 0, Period: late_night
Mode: flow (duration: 18.6s)
Aggression: 0.01
Flow: direction=-0.82, x_offset=49.0
Light position (normalized): x=0.42, z=0.28
Almost-engaged: False, strategy: none
Person zone: active

=== Engagement at 2026-03-03 00:02:25 ===
Hour: 0, Period: late_night
Mode: engaged (duration: 3.9s)
Aggression: 0.00
Flow: direction=-0.90, x_offset=54.2
Light position (normalized): x=0.37, z=0.66
Almost-engaged: False, strategy: none
Person zone: active

=== Engagement at 2026-03-03 00:02:25 ===
Hour: 0, Period: late_night
Mode: engaged (duration: 3.9s)
Aggression: 0.00
Flow: direction=-0.90, x_offset=54.2
Light position (normalized): x=0.37, z=0.66
Almost-engaged: False, strategy: none
Person zone: active

=== Engagement at 2026-03-03 00:33:46 ===
Hour: 0, Period: late_night
Mode: idle (duration: 253.4s)
Aggression: 0.19
Flow: direction=-0.82, x_offset=49.4
Light position (normalized): x=0.42, z=0.60
Almost-engaged: False, strategy: none
Person zone: active

=== Engagement at 2026-03-03 00:33:46 ===
Hour: 0, Period: late_night
Mode: idle (duration: 253.4s)
Aggression: 0.19
Flow: direction=-0.82, x_offset=49.4
Light position (normalized): x=0.42, z=0.60
Almost-engaged: False, strategy: none
Person zone: active

=== Engagement at 2026-03-03 00:33:52 ===
Hour: 0, Period: late_night
Mode: engaged (duration: 5.9s)
Aggression: 0.00
Flow: direction=-0.86, x_offset=51.8
Light position (normalized): x=0.05, z=0.23
Almost-engaged: False, strategy: none
Person zone: active

=== Engagement at 2026-03-03 00:33:52 ===
Hour: 0, Period: late_night
Mode: engaged (duration: 5.9s)
Aggression: 0.00
Flow: direction=-0.86, x_offset=51.8
Light position (normalized): x=0.05, z=0.23
Almost-engaged: False, strategy: none
Person zone: active

=== Engagement at 2026-03-03 00:34:00 ===
Hour: 0, Period: late_night
Mode: engaged (duration: 13.8s)
Aggression: 0.00
Flow: direction=-0.88, x_offset=52.6
Light position (normalized): x=0.05, z=0.35
Almost-engaged: False, strategy: none
Person zone: active

=== Engagement at 2026-03-03 00:34:00 ===
Hour: 0, Period: late_night
Mode: engaged (duration: 13.8s)
Aggression: 0.00
Flow: direction=-0.88, x_offset=52.6
Light position (normalized): x=0.05, z=0.35
Almost-engaged: False, strategy: none
Person zone: active

=== Engagement at 2026-03-03 00:34:01 ===
Hour: 0, Period: late_night
Mode: engaged (duration: 14.9s)
Aggression: 0.00
Flow: direction=-0.88, x_offset=52.6
Light position (normalized): x=0.02, z=1.00
Almost-engaged: False, strategy: none
Person zone: active

=== Engagement at 2026-03-03 00:34:01 ===
Hour: 0, Period: late_night
Mode: engaged (duration: 14.9s)
Aggression: 0.00
Flow: direction=-0.88, x_offset=52.6
Light position (normalized): x=0.02, z=1.00
Almost-engaged: False, strategy: none
Person zone: active

=== Engagement at 2026-03-03 00:34:08 ===
Hour: 0, Period: late_night
Mode: engaged (duration: 22.1s)
Aggression: 0.00
Flow: direction=-0.84, x_offset=50.5
Light position (normalized): x=0.31, z=0.38
Almost-engaged: False, strategy: none
Person zone: active

=== Engagement at 2026-03-03 00:34:08 ===
Hour: 0, Period: late_night
Mode: engaged (duration: 22.1s)
Aggression: 0.00
Flow: direction=-0.84, x_offset=50.5
Light position (normalized): x=0.31, z=0.38
Almost-engaged: False, strategy: none
Person zone: active

=== Engagement at 2026-03-03 00:34:24 ===
Hour: 0, Period: late_night
Mode: flow (duration: 3.6s)
Aggression: 0.00
Flow: direction=-0.22, x_offset=13.2
Light position (normalized): x=0.31, z=0.26
Almost-engaged: False, strategy: none
Person zone: active

=== Engagement at 2026-03-03 00:34:24 ===
Hour: 0, Period: late_night
Mode: flow (duration: 3.6s)
Aggression: 0.00
Flow: direction=-0.22, x_offset=13.2
Light position (normalized): x=0.31, z=0.26
Almost-engaged: False, strategy: none
Person zone: active

=== Engagement at 2026-03-03 00:34:30 ===
Hour: 0, Period: late_night
Mode: engaged (duration: 6.0s)
Aggression: 0.00
Flow: direction=-0.19, x_offset=11.2
Light position (normalized): x=0.78, z=0.76
Almost-engaged: False, strategy: none
Person zone: active

=== Engagement at 2026-03-03 00:34:30 ===
Hour: 0, Period: late_night
Mode: engaged (duration: 6.0s)
Aggression: 0.00
Flow: direction=-0.19, x_offset=11.2
Light position (normalized): x=0.78, z=0.76
Almost-engaged: False, strategy: none
Person zone: active

=== Engagement at 2026-03-03 00:34:39 ===
Hour: 0, Period: late_night
Mode: engaged (duration: 14.6s)
Aggression: 0.00
Flow: direction=0.06, x_offset=-3.5
Light position (normalized): x=0.19, z=0.72
Almost-engaged: False, strategy: none
Person zone: active

=== Engagement at 2026-03-03 00:34:39 ===
Hour: 0, Period: late_night
Mode: engaged (duration: 14.6s)
Aggression: 0.00
Flow: direction=0.06, x_offset=-3.5
Light position (normalized): x=0.19, z=0.72
Almost-engaged: False, strategy: none
Person zone: active

=== Engagement at 2026-03-03 00:43:04 ===
Hour: 0, Period: late_night
Mode: idle (duration: 264.3s)
Aggression: 0.04
Flow: direction=-0.82, x_offset=49.3
Light position (normalized): x=0.39, z=0.39
Almost-engaged: False, strategy: none
Person zone: active

=== Engagement at 2026-03-03 00:43:04 ===
Hour: 0, Period: late_night
Mode: idle (duration: 264.3s)
Aggression: 0.04
Flow: direction=-0.82, x_offset=49.3
Light position (normalized): x=0.39, z=0.39
Almost-engaged: False, strategy: none
Person zone: active

=== Engagement at 2026-03-03 00:55:16 ===
Hour: 0, Period: late_night
Mode: idle (duration: 718.3s)
Aggression: 0.06
Flow: direction=-0.68, x_offset=41.1
Light position (normalized): x=0.40, z=0.35
Almost-engaged: False, strategy: none
Person zone: active

=== Engagement at 2026-03-03 00:55:25 ===
Hour: 0, Period: late_night
Mode: engaged (duration: 8.8s)
Aggression: 0.00
Flow: direction=-0.58, x_offset=35.1
Light position (normalized): x=0.35, z=0.57
Almost-engaged: False, strategy: none
Person zone: active

=== Engagement at 2026-03-03 00:55:25 ===
Hour: 0, Period: late_night
Mode: engaged (duration: 8.8s)
Aggression: 0.00
Flow: direction=-0.58, x_offset=35.1
Light position (normalized): x=0.35, z=0.57
Almost-engaged: False, strategy: none
Person zone: active

=== Engagement at 2026-03-03 00:58:51 ===
Hour: 0, Period: late_night
Mode: idle (duration: 151.9s)
Aggression: 0.02
Flow: direction=0.20, x_offset=-11.8
Light position (normalized): x=0.27, z=0.44
Almost-engaged: False, strategy: none
Person zone: active

=== Engagement at 2026-03-03 01:34:28 ===
Hour: 1, Period: late_night
Mode: idle (duration: 807.0s)
Aggression: 0.18
Flow: direction=-0.00, x_offset=0.0
Light position (normalized): x=0.58, z=0.42
Almost-engaged: False, strategy: none
Person zone: active

=== Engagement at 2026-03-03 02:19:43 ===
Hour: 2, Period: late_night
Mode: idle (duration: 2701.9s)
Aggression: 0.20
Flow: direction=0.00, x_offset=-0.0
Light position (normalized): x=0.44, z=0.45
Almost-engaged: False, strategy: none
Person zone: active

=== Engagement at 2026-03-03 02:19:43 ===
Hour: 2, Period: late_night
Mode: idle (duration: 2701.9s)
Aggression: 0.20
Flow: direction=0.00, x_offset=-0.0
Light position (normalized): x=0.44, z=0.45
Almost-engaged: False, strategy: none
Person zone: active

=== Engagement at 2026-03-03 04:55:57 ===
Hour: 4, Period: late_night
Mode: idle (duration: 8667.3s)
Aggression: 0.20
Flow: direction=0.00, x_offset=-0.0
Light position (normalized): x=0.58, z=0.33
Almost-engaged: False, strategy: none
Person zone: active

=== Engagement at 2026-03-03 05:41:05 ===
Hour: 5, Period: late_night
Mode: idle (duration: 2694.8s)
Aggression: 0.20
Flow: direction=-0.76, x_offset=45.8
Light position (normalized): x=0.43, z=0.51
Almost-engaged: False, strategy: none
Person zone: active

=== Engagement at 2026-03-03 05:41:26 ===
Hour: 5, Period: late_night
Mode: idle (duration: 7.8s)
Aggression: 0.00
Flow: direction=-1.00, x_offset=59.7
Light position (normalized): x=0.55, z=0.05
Almost-engaged: False, strategy: none
Person zone: active

=== Engagement at 2026-03-03 05:41:26 ===
Hour: 5, Period: late_night
Mode: idle (duration: 7.8s)
Aggression: 0.00
Flow: direction=-1.00, x_offset=59.7
Light position (normalized): x=0.55, z=0.05
Almost-engaged: False, strategy: none
Person zone: active

=== Engagement at 2026-03-03 05:41:26 ===
Hour: 5, Period: late_night
Mode: engaged (duration: 0.3s)
Aggression: 0.00
Flow: direction=-1.00, x_offset=59.7
Light position (normalized): x=0.45, z=0.34
Almost-engaged: False, strategy: none
Person zone: active

=== Engagement at 2026-03-03 05:41:26 ===
Hour: 5, Period: late_night
Mode: engaged (duration: 0.3s)
Aggression: 0.00
Flow: direction=-1.00, x_offset=59.7
Light position (normalized): x=0.45, z=0.34
Almost-engaged: False, strategy: none
Person zone: active

=== Engagement at 2026-03-03 06:05:42 ===
Hour: 6, Period: morning
Mode: idle (duration: 94.7s)
Aggression: 0.16
Flow: direction=0.02, x_offset=-13.7
Light position (normalized): x=0.51, z=0.41
Almost-engaged: False, strategy: none
Person zone: active

=== Engagement at 2026-03-03 06:14:06 ===
Hour: 6, Period: morning
Mode: idle (duration: 45.8s)
Aggression: 0.07
Flow: direction=-0.00, x_offset=0.2
Light position (normalized): x=0.42, z=0.29
Almost-engaged: False, strategy: none
Person zone: active

=== Engagement at 2026-03-03 06:14:06 ===
Hour: 6, Period: morning
Mode: idle (duration: 45.8s)
Aggression: 0.07
Flow: direction=-0.00, x_offset=0.2
Light position (normalized): x=0.42, z=0.29
Almost-engaged: False, strategy: none
Person zone: active

=== Engagement at 2026-03-03 06:14:44 ===
Hour: 6, Period: morning
Mode: idle (duration: 25.1s)
Aggression: 0.01
Flow: direction=0.02, x_offset=-1.0
Light position (normalized): x=0.29, z=0.25
Almost-engaged: False, strategy: none
Person zone: active

=== Engagement at 2026-03-03 06:16:14 ===
Hour: 6, Period: morning
Mode: idle (duration: 77.4s)
Aggression: 0.01
Flow: direction=0.94, x_offset=-56.6
Light position (normalized): x=0.43, z=0.19
Almost-engaged: False, strategy: none
Person zone: active

=== Engagement at 2026-03-03 06:29:13 ===
Hour: 6, Period: morning
Mode: flow (duration: 21.9s)
Aggression: 0.09
Flow: direction=-0.73, x_offset=43.9
Light position (normalized): x=0.37, z=0.43
Almost-engaged: False, strategy: none
Person zone: active

=== Engagement at 2026-03-03 06:33:53 ===
Hour: 6, Period: morning
Mode: idle (duration: 234.2s)
Aggression: 0.02
Flow: direction=0.05, x_offset=-20.2
Light position (normalized): x=0.65, z=0.39
Almost-engaged: False, strategy: none
Person zone: active

=== Engagement at 2026-03-03 06:33:53 ===
Hour: 6, Period: morning
Mode: idle (duration: 234.2s)
Aggression: 0.02
Flow: direction=0.05, x_offset=-20.2
Light position (normalized): x=0.65, z=0.39
Almost-engaged: False, strategy: none
Person zone: active

=== Engagement at 2026-03-03 06:41:29 ===
Hour: 6, Period: morning
Mode: idle (duration: 57.6s)
Aggression: 0.05
Flow: direction=-0.02, x_offset=13.7
Light position (normalized): x=0.18, z=0.28
Almost-engaged: False, strategy: none
Person zone: active

=== Engagement at 2026-03-03 07:03:48 ===
Hour: 7, Period: morning
Mode: idle (duration: 72.9s)
Aggression: 0.16
Flow: direction=0.26, x_offset=-15.7
Light position (normalized): x=0.29, z=0.28
Almost-engaged: False, strategy: none
Person zone: active

=== Engagement at 2026-03-03 07:03:48 ===
Hour: 7, Period: morning
Mode: idle (duration: 72.9s)
Aggression: 0.16
Flow: direction=0.26, x_offset=-15.7
Light position (normalized): x=0.29, z=0.28
Almost-engaged: False, strategy: none
Person zone: active

=== Engagement at 2026-03-03 07:24:00 ===
Hour: 7, Period: morning
Mode: idle (duration: 32.7s)
Aggression: 0.15
Flow: direction=-1.00, x_offset=59.9
Light position (normalized): x=0.39, z=0.41
Almost-engaged: False, strategy: none
Person zone: active

=== Engagement at 2026-03-03 07:24:03 ===
Hour: 7, Period: morning
Mode: engaged (duration: 2.8s)
Aggression: 0.00
Flow: direction=-1.00, x_offset=60.0
Light position (normalized): x=0.72, z=0.39
Almost-engaged: False, strategy: none
Person zone: active

=== Engagement at 2026-03-03 07:25:28 ===
Hour: 7, Period: morning
Mode: idle (duration: 11.6s)
Aggression: 0.02
Flow: direction=0.87, x_offset=-52.2
Light position (normalized): x=0.68, z=0.36
Almost-engaged: False, strategy: none
Person zone: active

=== Engagement at 2026-03-03 07:25:28 ===
Hour: 7, Period: morning
Mode: idle (duration: 11.6s)
Aggression: 0.02
Flow: direction=0.87, x_offset=-52.2
Light position (normalized): x=0.68, z=0.36
Almost-engaged: False, strategy: none
Person zone: active

=== Engagement at 2026-03-03 07:26:19 ===
Hour: 7, Period: morning
Mode: idle (duration: 9.8s)
Aggression: 0.01
Flow: direction=-0.09, x_offset=24.3
Light position (normalized): x=0.02, z=0.39
Almost-engaged: False, strategy: none
Person zone: active

=== Engagement at 2026-03-03 07:34:23 ===
Hour: 7, Period: morning
Mode: flow (duration: 7.6s)
Aggression: 0.09
Flow: direction=-0.20, x_offset=12.1
Light position (normalized): x=0.55, z=0.25
Almost-engaged: False, strategy: none
Person zone: active

=== Engagement at 2026-03-03 07:34:23 ===
Hour: 7, Period: morning
Mode: flow (duration: 7.6s)
Aggression: 0.09
Flow: direction=-0.20, x_offset=12.1
Light position (normalized): x=0.55, z=0.25
Almost-engaged: False, strategy: none
Person zone: active

=== Engagement at 2026-03-03 07:39:04 ===
Hour: 7, Period: morning
Mode: flow (duration: 267.1s)
Aggression: 0.09
Flow: direction=-0.44, x_offset=26.2
Light position (normalized): x=0.32, z=0.19
Almost-engaged: False, strategy: none
Person zone: active

=== Engagement at 2026-03-03 07:45:00 ===
Hour: 7, Period: morning
Mode: flow (duration: 238.7s)
Aggression: 0.10
Flow: direction=-0.51, x_offset=30.6
Light position (normalized): x=0.32, z=0.30
Almost-engaged: False, strategy: none
Person zone: active

=== Engagement at 2026-03-03 07:45:00 ===
Hour: 7, Period: morning
Mode: flow (duration: 238.7s)
Aggression: 0.10
Flow: direction=-0.51, x_offset=30.6
Light position (normalized): x=0.32, z=0.30
Almost-engaged: False, strategy: none
Person zone: active

=== Engagement at 2026-03-03 07:46:33 ===
Hour: 7, Period: morning
Mode: idle (duration: 19.5s)
Aggression: 0.02
Flow: direction=0.44, x_offset=-26.1
Light position (normalized): x=0.28, z=0.14
Almost-engaged: False, strategy: none
Person zone: active

=== Engagement at 2026-03-03 07:46:48 ===
Hour: 7, Period: morning
Mode: idle (duration: 1.8s)
Aggression: 0.00
Flow: direction=0.97, x_offset=-58.1
Light position (normalized): x=0.27, z=0.21
Almost-engaged: False, strategy: none
Person zone: active

=== Engagement at 2026-03-03 07:47:18 ===
Hour: 7, Period: morning
Mode: flow (duration: 9.0s)
Aggression: 0.01
Flow: direction=-0.55, x_offset=33.0
Light position (normalized): x=0.48, z=0.41
Almost-engaged: False, strategy: none
Person zone: active

=== Engagement at 2026-03-03 07:50:34 ===
Hour: 7, Period: morning
Mode: flow (duration: 183.0s)
Aggression: 0.06
Flow: direction=0.39, x_offset=-23.5
Light position (normalized): x=0.60, z=0.52
Almost-engaged: False, strategy: none
Person zone: active

=== Engagement at 2026-03-03 07:50:34 ===
Hour: 7, Period: morning
Mode: flow (duration: 183.0s)
Aggression: 0.06
Flow: direction=0.39, x_offset=-23.5
Light position (normalized): x=0.60, z=0.52
Almost-engaged: False, strategy: none
Person zone: active

=== Engagement at 2026-03-03 07:51:45 ===
Hour: 7, Period: morning
Mode: flow (duration: 57.2s)
Aggression: 0.02
Flow: direction=0.28, x_offset=-16.8
Light position (normalized): x=0.59, z=0.04
Almost-engaged: False, strategy: none
Person zone: active

=== Engagement at 2026-03-03 07:51:45 ===
Hour: 7, Period: morning
Mode: flow (duration: 57.2s)
Aggression: 0.02
Flow: direction=0.28, x_offset=-16.8
Light position (normalized): x=0.59, z=0.04
Almost-engaged: False, strategy: none
Person zone: active

=== Engagement at 2026-03-03 07:51:45 ===
Hour: 7, Period: morning
Mode: flow (duration: 57.2s)
Aggression: 0.02
Flow: direction=0.28, x_offset=-16.8
Light position (normalized): x=0.59, z=0.04
Almost-engaged: False, strategy: none
Person zone: active

=== Engagement at 2026-03-03 07:52:17 ===
Hour: 7, Period: morning
Mode: flow (duration: 18.3s)
Aggression: 0.01
Flow: direction=-0.54, x_offset=32.7
Light position (normalized): x=0.41, z=0.31
Almost-engaged: False, strategy: none
Person zone: active

=== Engagement at 2026-03-03 07:52:18 ===
Hour: 7, Period: morning
Mode: engaged (duration: 1.1s)
Aggression: 0.00
Flow: direction=-0.54, x_offset=32.7
Light position (normalized): x=0.74, z=0.10
Almost-engaged: False, strategy: none
Person zone: active

=== Engagement at 2026-03-03 07:52:18 ===
Hour: 7, Period: morning
Mode: engaged (duration: 1.1s)
Aggression: 0.00
Flow: direction=-0.54, x_offset=32.7
Light position (normalized): x=0.74, z=0.10
Almost-engaged: False, strategy: none
Person zone: active

=== Engagement at 2026-03-03 07:55:35 ===
Hour: 7, Period: morning
Mode: flow (duration: 185.0s)
Aggression: 0.09
Flow: direction=0.10, x_offset=-6.0
Light position (normalized): x=0.39, z=0.12
Almost-engaged: False, strategy: none
Person zone: active

=== Engagement at 2026-03-03 07:55:35 ===
Hour: 7, Period: morning
Mode: flow (duration: 185.0s)
Aggression: 0.09
Flow: direction=0.10, x_offset=-6.0
Light position (normalized): x=0.39, z=0.12
Almost-engaged: False, strategy: none
Person zone: active

=== Engagement at 2026-03-03 07:57:16 ===
Hour: 7, Period: morning
Mode: flow (duration: 88.4s)
Aggression: 0.03
Flow: direction=-0.07, x_offset=4.4
Light position (normalized): x=0.54, z=0.34
Almost-engaged: False, strategy: none
Person zone: active

=== Engagement at 2026-03-03 07:57:16 ===
Hour: 7, Period: morning
Mode: flow (duration: 88.4s)
Aggression: 0.03
Flow: direction=-0.07, x_offset=4.4
Light position (normalized): x=0.54, z=0.34
Almost-engaged: False, strategy: none
Person zone: active

=== Engagement at 2026-03-03 07:57:18 ===
Hour: 7, Period: morning
Mode: engaged (duration: 1.6s)
Aggression: 0.00
Flow: direction=-0.10, x_offset=6.0
Light position (normalized): x=0.97, z=1.00
Almost-engaged: False, strategy: none
Person zone: active

=== Engagement at 2026-03-03 07:57:18 ===
Hour: 7, Period: morning
Mode: engaged (duration: 1.6s)
Aggression: 0.00
Flow: direction=-0.10, x_offset=6.0
Light position (normalized): x=0.97, z=1.00
Almost-engaged: False, strategy: none
Person zone: active

=== Engagement at 2026-03-03 07:58:37 ===
Hour: 7, Period: morning
Mode: flow (duration: 67.7s)
Aggression: 0.03
Flow: direction=-0.76, x_offset=45.5
Light position (normalized): x=0.48, z=0.23
Almost-engaged: False, strategy: none
Person zone: active

=== Engagement at 2026-03-03 07:58:37 ===
Hour: 7, Period: morning
Mode: flow (duration: 67.7s)
Aggression: 0.03
Flow: direction=-0.76, x_offset=45.5
Light position (normalized): x=0.48, z=0.23
Almost-engaged: False, strategy: none
Person zone: active

=== Engagement at 2026-03-03 07:58:56 ===
Hour: 7, Period: morning
Mode: flow (duration: 6.3s)
Aggression: 0.01
Flow: direction=-0.07, x_offset=4.0
Light position (normalized): x=0.67, z=0.13
Almost-engaged: False, strategy: none
Person zone: active

=== Engagement at 2026-03-03 07:59:41 ===
Hour: 7, Period: morning
Mode: flow (duration: 31.7s)
Aggression: 0.02
Flow: direction=-0.90, x_offset=54.2
Light position (normalized): x=0.36, z=0.48
Almost-engaged: False, strategy: none
Person zone: active

=== Engagement at 2026-03-03 07:59:41 ===
Hour: 7, Period: morning
Mode: flow (duration: 31.7s)
Aggression: 0.02
Flow: direction=-0.90, x_offset=54.2
Light position (normalized): x=0.36, z=0.48
Almost-engaged: False, strategy: none
Person zone: active

=== Engagement at 2026-03-03 08:03:04 ===
Hour: 8, Period: morning
Mode: flow (duration: 22.3s)
Aggression: 0.06
Flow: direction=0.73, x_offset=-44.0
Light position (normalized): x=0.19, z=0.25
Almost-engaged: False, strategy: none
Person zone: active

=== Engagement at 2026-03-03 08:03:04 ===
Hour: 8, Period: morning
Mode: flow (duration: 22.3s)
Aggression: 0.06
Flow: direction=0.73, x_offset=-44.0
Light position (normalized): x=0.19, z=0.25
Almost-engaged: False, strategy: none
Person zone: active

=== Engagement at 2026-03-03 08:04:20 ===
Hour: 8, Period: morning
Mode: flow (duration: 62.7s)
Aggression: 0.03
Flow: direction=-0.36, x_offset=21.8
Light position (normalized): x=0.09, z=0.04
Almost-engaged: False, strategy: none
Person zone: active

=== Engagement at 2026-03-03 08:05:45 ===
Hour: 8, Period: morning
Mode: flow (duration: 72.0s)
Aggression: 0.04
Flow: direction=-0.92, x_offset=55.1
Light position (normalized): x=0.54, z=0.39
Almost-engaged: False, strategy: none
Person zone: active

=== Engagement at 2026-03-03 08:05:45 ===
Hour: 8, Period: morning
Mode: flow (duration: 72.0s)
Aggression: 0.04
Flow: direction=-0.92, x_offset=55.1
Light position (normalized): x=0.54, z=0.39
Almost-engaged: False, strategy: none
Person zone: active

=== Engagement at 2026-03-03 08:07:26 ===
Hour: 8, Period: morning
Mode: flow (duration: 87.7s)
Aggression: 0.05
Flow: direction=-0.08, x_offset=4.9
Light position (normalized): x=0.27, z=0.07
Almost-engaged: False, strategy: none
Person zone: active

=== Engagement at 2026-03-03 08:07:46 ===
Hour: 8, Period: morning
Mode: flow (duration: 7.1s)
Aggression: 0.02
Flow: direction=-0.50, x_offset=29.8
Light position (normalized): x=0.24, z=0.46
Almost-engaged: False, strategy: none
Person zone: active

=== Engagement at 2026-03-03 08:09:07 ===
Hour: 8, Period: morning
Mode: idle (duration: 18.5s)
Aggression: 0.02
Flow: direction=-0.37, x_offset=22.3
Light position (normalized): x=0.27, z=0.21
Almost-engaged: False, strategy: none
Person zone: active

=== Engagement at 2026-03-03 08:12:42 ===
Hour: 8, Period: morning
Mode: flow (duration: 202.5s)
Aggression: 0.09
Flow: direction=-0.82, x_offset=49.4
Light position (normalized): x=0.63, z=0.37
Almost-engaged: False, strategy: none
Person zone: active

=== Engagement at 2026-03-03 08:13:13 ===
Hour: 8, Period: morning
Mode: flow (duration: 17.3s)
Aggression: 0.03
Flow: direction=-0.62, x_offset=37.3
Light position (normalized): x=0.14, z=0.08
Almost-engaged: False, strategy: none
Person zone: active

=== Engagement at 2026-03-03 08:14:33 ===
Hour: 8, Period: morning
Mode: flow (duration: 67.4s)
Aggression: 0.03
Flow: direction=-0.44, x_offset=26.3
Light position (normalized): x=0.18, z=0.18
Almost-engaged: False, strategy: none
Person zone: active

=== Engagement at 2026-03-03 08:15:56 ===
Hour: 8, Period: morning
Mode: flow (duration: 70.1s)
Aggression: 0.03
Flow: direction=-0.58, x_offset=34.6
Light position (normalized): x=0.70, z=0.12
Almost-engaged: False, strategy: none
Person zone: active

=== Engagement at 2026-03-03 08:18:08 ===
Hour: 8, Period: morning
Mode: flow (duration: 119.0s)
Aggression: 0.03
Flow: direction=-0.87, x_offset=52.3
Light position (normalized): x=0.67, z=0.45
Almost-engaged: False, strategy: none
Person zone: active

=== Engagement at 2026-03-03 08:20:50 ===
Hour: 8, Period: morning
Mode: flow (duration: 148.2s)
Aggression: 0.07
Flow: direction=-0.61, x_offset=36.4
Light position (normalized): x=0.27, z=0.26
Almost-engaged: False, strategy: none
Person zone: active

=== Engagement at 2026-03-03 08:20:50 ===
Hour: 8, Period: morning
Mode: engaged (duration: 0.7s)
Aggression: 0.01
Flow: direction=-0.61, x_offset=36.4
Light position (normalized): x=0.48, z=0.22
Almost-engaged: False, strategy: none
Person zone: active

=== Engagement at 2026-03-03 08:20:50 ===
Hour: 8, Period: morning
Mode: engaged (duration: 0.7s)
Aggression: 0.01
Flow: direction=-0.61, x_offset=36.4
Light position (normalized): x=0.48, z=0.22
Almost-engaged: False, strategy: none
Person zone: active

=== Engagement at 2026-03-03 08:21:00 ===
Hour: 8, Period: morning
Mode: engaged (duration: 10.8s)
Aggression: 0.01
Flow: direction=-0.61, x_offset=36.5
Light position (normalized): x=0.67, z=0.44
Almost-engaged: False, strategy: none
Person zone: active

=== Engagement at 2026-03-03 08:25:19 ===
Hour: 8, Period: morning
Mode: flow (duration: 253.6s)
Aggression: 0.09
Flow: direction=0.90, x_offset=-53.9
Light position (normalized): x=0.59, z=0.20
Almost-engaged: False, strategy: none
Person zone: active

=== Engagement at 2026-03-03 08:26:23 ===
Hour: 8, Period: morning
Mode: flow (duration: 51.0s)
Aggression: 0.03
Flow: direction=-0.53, x_offset=9.5
Light position (normalized): x=0.08, z=0.15
Almost-engaged: False, strategy: none
Person zone: active

=== Engagement at 2026-03-03 08:26:23 ===
Hour: 8, Period: morning
Mode: flow (duration: 51.0s)
Aggression: 0.03
Flow: direction=-0.53, x_offset=9.5
Light position (normalized): x=0.08, z=0.15
Almost-engaged: False, strategy: none
Person zone: active

=== Engagement at 2026-03-03 08:27:21 ===
Hour: 8, Period: morning
Mode: flow (duration: 44.8s)
Aggression: 0.03
Flow: direction=0.16, x_offset=-9.7
Light position (normalized): x=0.05, z=0.39
Almost-engaged: False, strategy: none
Person zone: active

=== Engagement at 2026-03-03 08:28:05 ===
Hour: 8, Period: morning
Mode: flow (duration: 30.5s)
Aggression: 0.01
Flow: direction=-0.90, x_offset=54.1
Light position (normalized): x=0.17, z=0.32
Almost-engaged: False, strategy: none
Person zone: active

=== Engagement at 2026-03-03 08:29:06 ===
Hour: 8, Period: morning
Mode: flow (duration: 47.8s)
Aggression: 0.05
Flow: direction=0.12, x_offset=-7.1
Light position (normalized): x=0.26, z=0.51
Almost-engaged: False, strategy: none
Person zone: active

=== Engagement at 2026-03-03 08:30:34 ===
Hour: 8, Period: morning
Mode: flow (duration: 75.8s)
Aggression: 0.05
Flow: direction=-0.02, x_offset=1.3
Light position (normalized): x=0.57, z=0.57
Almost-engaged: False, strategy: none
Person zone: active

=== Engagement at 2026-03-03 08:30:53 ===
Hour: 8, Period: morning
Mode: flow (duration: 6.0s)
Aggression: 0.03
Flow: direction=-0.26, x_offset=15.4
Light position (normalized): x=0.19, z=0.40
Almost-engaged: False, strategy: none
Person zone: active

=== Engagement at 2026-03-03 08:31:26 ===
Hour: 8, Period: morning
Mode: flow (duration: 19.7s)
Aggression: 0.01
Flow: direction=-0.22, x_offset=13.1
Light position (normalized): x=0.71, z=0.34
Almost-engaged: False, strategy: none
Person zone: active

=== Engagement at 2026-03-03 08:31:40 ===
Hour: 8, Period: morning
Mode: flow (duration: 0.7s)
Aggression: 0.01
Flow: direction=-0.21, x_offset=12.6
Light position (normalized): x=0.42, z=0.22
Almost-engaged: False, strategy: none
Person zone: active

=== Engagement at 2026-03-03 08:31:47 ===
Hour: 8, Period: morning
Mode: flow (duration: 7.4s)
Aggression: 0.00
Flow: direction=-0.12, x_offset=7.1
Light position (normalized): x=0.28, z=0.22
Almost-engaged: False, strategy: none
Person zone: active

=== Engagement at 2026-03-03 08:32:10 ===
Hour: 8, Period: morning
Mode: flow (duration: 10.4s)
Aggression: 0.01
Flow: direction=-0.47, x_offset=28.4
Light position (normalized): x=0.59, z=0.39
Almost-engaged: False, strategy: none
Person zone: active

=== Engagement at 2026-03-03 08:32:10 ===
Hour: 8, Period: morning
Mode: flow (duration: 10.4s)
Aggression: 0.01
Flow: direction=-0.47, x_offset=28.4
Light position (normalized): x=0.59, z=0.39
Almost-engaged: False, strategy: none
Person zone: active

=== Engagement at 2026-03-03 08:32:18 ===
Hour: 8, Period: morning
Mode: engaged (duration: 8.1s)
Aggression: 0.01
Flow: direction=-0.43, x_offset=25.6
Light position (normalized): x=0.72, z=0.27
Almost-engaged: False, strategy: none
Person zone: active

=== Engagement at 2026-03-03 08:32:42 ===
Hour: 8, Period: morning
Mode: flow (duration: 18.5s)
Aggression: 0.03
Flow: direction=-0.20, x_offset=12.3
Light position (normalized): x=0.36, z=0.32
Almost-engaged: False, strategy: none
Person zone: active

=== Engagement at 2026-03-03 08:32:42 ===
Hour: 8, Period: morning
Mode: flow (duration: 18.5s)
Aggression: 0.03
Flow: direction=-0.20, x_offset=12.3
Light position (normalized): x=0.36, z=0.32
Almost-engaged: False, strategy: none
Person zone: active

=== Engagement at 2026-03-03 08:32:47 ===
Hour: 8, Period: morning
Mode: engaged (duration: 5.1s)
Aggression: 0.00
Flow: direction=-0.26, x_offset=15.7
Light position (normalized): x=0.30, z=0.33
Almost-engaged: False, strategy: none
Person zone: active

=== Engagement at 2026-03-03 08:32:47 ===
Hour: 8, Period: morning
Mode: engaged (duration: 5.1s)
Aggression: 0.00
Flow: direction=-0.26, x_offset=15.7
Light position (normalized): x=0.30, z=0.33
Almost-engaged: False, strategy: none
Person zone: active

=== Engagement at 2026-03-03 08:33:57 ===
Hour: 8, Period: morning
Mode: flow (duration: 60.8s)
Aggression: 0.02
Flow: direction=0.73, x_offset=-43.6
Light position (normalized): x=0.88, z=0.55
Almost-engaged: False, strategy: none
Person zone: active

=== Engagement at 2026-03-03 08:33:57 ===
Hour: 8, Period: morning
Mode: flow (duration: 60.8s)
Aggression: 0.02
Flow: direction=0.73, x_offset=-43.6
Light position (normalized): x=0.88, z=0.55
Almost-engaged: False, strategy: none
Person zone: active

=== Engagement at 2026-03-03 08:36:24 ===
Hour: 8, Period: morning
Mode: flow (duration: 134.1s)
Aggression: 0.05
Flow: direction=1.00, x_offset=-59.9
Light position (normalized): x=0.55, z=0.28
Almost-engaged: False, strategy: none
Person zone: active

=== Engagement at 2026-03-03 08:37:32 ===
Hour: 8, Period: morning
Mode: flow (duration: 54.9s)
Aggression: 0.03
Flow: direction=-0.95, x_offset=57.2
Light position (normalized): x=0.16, z=0.42
Almost-engaged: False, strategy: none
Person zone: active

=== Engagement at 2026-03-03 08:38:55 ===
Hour: 8, Period: morning
Mode: flow (duration: 69.6s)
Aggression: 0.05
Flow: direction=-0.38, x_offset=20.2
Light position (normalized): x=0.73, z=0.52
Almost-engaged: False, strategy: none
Person zone: active

=== Engagement at 2026-03-03 08:38:55 ===
Hour: 8, Period: morning
Mode: flow (duration: 69.6s)
Aggression: 0.05
Flow: direction=-0.38, x_offset=20.2
Light position (normalized): x=0.73, z=0.52
Almost-engaged: False, strategy: none
Person zone: active

=== Engagement at 2026-03-03 08:38:59 ===
Hour: 8, Period: morning
Mode: engaged (duration: 4.3s)
Aggression: 0.01
Flow: direction=-0.17, x_offset=10.5
Light position (normalized): x=0.47, z=0.16
Almost-engaged: False, strategy: none
Person zone: active

=== Engagement at 2026-03-03 08:39:07 ===
Hour: 8, Period: morning
Mode: engaged (duration: 11.8s)
Aggression: 0.01
Flow: direction=-0.35, x_offset=21.0
Light position (normalized): x=0.72, z=0.37
Almost-engaged: False, strategy: none
Person zone: active

=== Engagement at 2026-03-03 08:39:14 ===
Hour: 8, Period: morning
Mode: flow (duration: 1.6s)
Aggression: 0.00
Flow: direction=-0.31, x_offset=18.8
Light position (normalized): x=0.39, z=0.26
Almost-engaged: False, strategy: none
Person zone: active

=== Engagement at 2026-03-03 08:39:14 ===
Hour: 8, Period: morning
Mode: flow (duration: 1.6s)
Aggression: 0.00
Flow: direction=-0.31, x_offset=18.8
Light position (normalized): x=0.39, z=0.26
Almost-engaged: False, strategy: none
Person zone: active

=== Engagement at 2026-03-03 08:39:14 ===
Hour: 8, Period: morning
Mode: flow (duration: 1.6s)
Aggression: 0.00
Flow: direction=-0.31, x_offset=18.8
Light position (normalized): x=0.43, z=0.42
Almost-engaged: False, strategy: none
Person zone: active

=== Engagement at 2026-03-03 08:39:14 ===
Hour: 8, Period: morning
Mode: flow (duration: 1.6s)
Aggression: 0.00
Flow: direction=-0.31, x_offset=18.8
Light position (normalized): x=0.43, z=0.42
Almost-engaged: False, strategy: none
Person zone: active

=== Engagement at 2026-03-03 08:39:33 ===
Hour: 8, Period: morning
Mode: flow (duration: 5.2s)
Aggression: 0.01
Flow: direction=-0.09, x_offset=5.5
Light position (normalized): x=0.09, z=0.42
Almost-engaged: False, strategy: none
Person zone: active

=== Engagement at 2026-03-03 08:39:46 ===
Hour: 8, Period: morning
Mode: flow (duration: 0.1s)
Aggression: 0.02
Flow: direction=-0.01, x_offset=0.9
Light position (normalized): x=0.60, z=0.34
Almost-engaged: False, strategy: none
Person zone: active

=== Engagement at 2026-03-03 08:39:49 ===
Hour: 8, Period: morning
Mode: flow (duration: 2.9s)
Aggression: 0.00
Flow: direction=-0.10, x_offset=6.1
Light position (normalized): x=0.16, z=0.34
Almost-engaged: False, strategy: none
Person zone: active

=== Engagement at 2026-03-03 08:40:35 ===
Hour: 8, Period: morning
Mode: flow (duration: 32.6s)
Aggression: 0.02
Flow: direction=-0.25, x_offset=15.1
Light position (normalized): x=0.45, z=0.57
Almost-engaged: False, strategy: none
Person zone: active

=== Engagement at 2026-03-03 08:40:35 ===
Hour: 8, Period: morning
Mode: flow (duration: 32.6s)
Aggression: 0.02
Flow: direction=-0.25, x_offset=15.1
Light position (normalized): x=0.45, z=0.57
Almost-engaged: False, strategy: none
Person zone: active

=== Engagement at 2026-03-03 08:40:44 ===
Hour: 8, Period: morning
Mode: engaged (duration: 9.4s)
Aggression: 0.02
Flow: direction=-0.90, x_offset=54.0
Light position (normalized): x=0.46, z=0.29
Almost-engaged: False, strategy: none
Person zone: active

=== Engagement at 2026-03-03 08:41:42 ===
Hour: 8, Period: morning
Mode: flow (duration: 52.3s)
Aggression: 0.05
Flow: direction=-0.18, x_offset=10.7
Light position (normalized): x=0.38, z=0.32
Almost-engaged: False, strategy: none
Person zone: active

=== Engagement at 2026-03-03 08:42:20 ===
Hour: 8, Period: morning
Mode: flow (duration: 25.1s)
Aggression: 0.02
Flow: direction=0.13, x_offset=-2.7
Light position (normalized): x=0.51, z=0.43
Almost-engaged: False, strategy: none
Person zone: active

=== Engagement at 2026-03-03 08:42:20 ===
Hour: 8, Period: morning
Mode: flow (duration: 25.1s)
Aggression: 0.02
Flow: direction=0.13, x_offset=-2.7
Light position (normalized): x=0.51, z=0.43
Almost-engaged: False, strategy: none
Person zone: active

=== Engagement at 2026-03-03 08:42:23 ===
Hour: 8, Period: morning
Mode: engaged (duration: 2.4s)
Aggression: 0.00
Flow: direction=-0.08, x_offset=5.0
Light position (normalized): x=0.70, z=0.92
Almost-engaged: False, strategy: none
Person zone: active

=== Engagement at 2026-03-03 08:42:23 ===
Hour: 8, Period: morning
Mode: engaged (duration: 2.4s)
Aggression: 0.00
Flow: direction=-0.08, x_offset=5.0
Light position (normalized): x=0.70, z=0.92
Almost-engaged: False, strategy: none
Person zone: active

=== Engagement at 2026-03-03 08:43:07 ===
Hour: 8, Period: morning
Mode: flow (duration: 33.5s)
Aggression: 0.04
Flow: direction=-0.10, x_offset=6.0
Light position (normalized): x=0.28, z=0.40
Almost-engaged: False, strategy: none
Person zone: active

=== Engagement at 2026-03-03 08:43:58 ===
Hour: 8, Period: morning
Mode: flow (duration: 37.4s)
Aggression: 0.03
Flow: direction=-0.38, x_offset=22.5
Light position (normalized): x=0.82, z=0.31
Almost-engaged: False, strategy: none
Person zone: active

=== Engagement at 2026-03-03 08:43:58 ===
Hour: 8, Period: morning
Mode: flow (duration: 37.4s)
Aggression: 0.03
Flow: direction=-0.38, x_offset=22.5
Light position (normalized): x=0.82, z=0.31
Almost-engaged: False, strategy: none
Person zone: active

=== Engagement at 2026-03-03 08:44:02 ===
Hour: 8, Period: morning
Mode: engaged (duration: 4.5s)
Aggression: 0.01
Flow: direction=-0.70, x_offset=42.2
Light position (normalized): x=0.42, z=0.50
Almost-engaged: False, strategy: none
Person zone: active

=== Engagement at 2026-03-03 08:44:05 ===
Hour: 8, Period: morning
Mode: engaged (duration: 7.3s)
Aggression: 0.00
Flow: direction=-0.81, x_offset=48.8
Light position (normalized): x=0.34, z=0.39
Almost-engaged: False, strategy: none
Person zone: active

=== Engagement at 2026-03-03 08:44:05 ===
Hour: 8, Period: morning
Mode: engaged (duration: 7.3s)
Aggression: 0.00
Flow: direction=-0.81, x_offset=48.8
Light position (normalized): x=0.34, z=0.39
Almost-engaged: False, strategy: none
Person zone: active

=== Engagement at 2026-03-03 08:44:39 ===
Hour: 8, Period: morning
Mode: flow (duration: 28.7s)
Aggression: 0.02
Flow: direction=-0.91, x_offset=54.5
Light position (normalized): x=0.66, z=0.24
Almost-engaged: False, strategy: none
Person zone: active

=== Engagement at 2026-03-03 08:44:39 ===
Hour: 8, Period: morning
Mode: flow (duration: 28.7s)
Aggression: 0.02
Flow: direction=-0.91, x_offset=54.5
Light position (normalized): x=0.66, z=0.24
Almost-engaged: False, strategy: none
Person zone: active

=== Engagement at 2026-03-03 08:47:13 ===
Hour: 8, Period: morning
Mode: flow (duration: 140.7s)
Aggression: 0.08
Flow: direction=-0.09, x_offset=2.8
Light position (normalized): x=0.43, z=0.24
Almost-engaged: False, strategy: none
Person zone: active

=== Engagement at 2026-03-03 08:47:13 ===
Hour: 8, Period: morning
Mode: flow (duration: 140.7s)
Aggression: 0.08
Flow: direction=-0.09, x_offset=2.8
Light position (normalized): x=0.43, z=0.24
Almost-engaged: False, strategy: none
Person zone: active

=== Engagement at 2026-03-03 08:47:14 ===
Hour: 8, Period: morning
Mode: engaged (duration: 0.9s)
Aggression: 0.01
Flow: direction=-0.10, x_offset=6.1
Light position (normalized): x=0.94, z=1.00
Almost-engaged: False, strategy: none
Person zone: active

=== Engagement at 2026-03-03 08:47:14 ===
Hour: 8, Period: morning
Mode: engaged (duration: 0.9s)
Aggression: 0.01
Flow: direction=-0.10, x_offset=6.1
Light position (normalized): x=0.94, z=1.00
Almost-engaged: False, strategy: none
Person zone: active

=== Engagement at 2026-03-03 08:47:16 ===
Hour: 8, Period: morning
Mode: engaged (duration: 3.3s)
Aggression: 0.00
Flow: direction=-0.17, x_offset=10.1
Light position (normalized): x=0.84, z=0.50
Almost-engaged: False, strategy: none
Person zone: active

=== Engagement at 2026-03-03 08:47:19 ===
Hour: 8, Period: morning
Mode: engaged (duration: 5.8s)
Aggression: 0.00
Flow: direction=-0.37, x_offset=22.1
Light position (normalized): x=0.79, z=0.15
Almost-engaged: False, strategy: none
Person zone: active

=== Engagement at 2026-03-03 08:47:23 ===
Hour: 8, Period: morning
Mode: engaged (duration: 9.7s)
Aggression: 0.00
Flow: direction=-0.52, x_offset=31.4
Light position (normalized): x=0.51, z=0.41
Almost-engaged: False, strategy: none
Person zone: active

=== Engagement at 2026-03-03 08:48:17 ===
Hour: 8, Period: morning
Mode: flow (duration: 48.9s)
Aggression: 0.03
Flow: direction=-0.36, x_offset=21.5
Light position (normalized): x=0.61, z=0.15
Almost-engaged: False, strategy: none
Person zone: active

=== Engagement at 2026-03-03 08:48:55 ===
Hour: 8, Period: morning
Mode: flow (duration: 25.0s)
Aggression: 0.02
Flow: direction=0.63, x_offset=-37.7
Light position (normalized): x=0.35, z=0.25
Almost-engaged: False, strategy: none
Person zone: active

=== Engagement at 2026-03-03 08:48:55 ===
Hour: 8, Period: morning
Mode: flow (duration: 25.0s)
Aggression: 0.02
Flow: direction=0.63, x_offset=-37.7
Light position (normalized): x=0.35, z=0.25
Almost-engaged: False, strategy: none
Person zone: active

=== Engagement at 2026-03-03 08:48:59 ===
Hour: 8, Period: morning
Mode: engaged (duration: 3.5s)
Aggression: 0.01
Flow: direction=0.35, x_offset=-20.8
Light position (normalized): x=0.43, z=0.70
Almost-engaged: False, strategy: none
Person zone: active

=== Engagement at 2026-03-03 08:49:31 ===
Hour: 8, Period: morning
Mode: flow (duration: 22.4s)
Aggression: 0.03
Flow: direction=-0.09, x_offset=5.7
Light position (normalized): x=0.34, z=0.43
Almost-engaged: False, strategy: none
Person zone: active

=== Engagement at 2026-03-03 08:49:59 ===
Hour: 8, Period: morning
Mode: flow (duration: 15.5s)
Aggression: 0.01
Flow: direction=0.81, x_offset=-48.7
Light position (normalized): x=0.77, z=0.29
Almost-engaged: False, strategy: none
Person zone: active

=== Engagement at 2026-03-03 08:50:00 ===
Hour: 8, Period: morning
Mode: engaged (duration: 0.9s)
Aggression: 0.00
Flow: direction=0.82, x_offset=-49.3
Light position (normalized): x=0.83, z=0.28
Almost-engaged: False, strategy: none
Person zone: active

=== Engagement at 2026-03-03 08:50:00 ===
Hour: 8, Period: morning
Mode: engaged (duration: 0.9s)
Aggression: 0.00
Flow: direction=0.82, x_offset=-49.3
Light position (normalized): x=0.83, z=0.28
Almost-engaged: False, strategy: none
Person zone: active

=== Engagement at 2026-03-03 08:50:37 ===
Hour: 8, Period: morning
Mode: flow (duration: 25.1s)
Aggression: 0.02
Flow: direction=0.62, x_offset=-37.2
Light position (normalized): x=0.56, z=0.37
Almost-engaged: False, strategy: none
Person zone: active

=== Engagement at 2026-03-03 08:50:37 ===
Hour: 8, Period: morning
Mode: flow (duration: 25.1s)
Aggression: 0.02
Flow: direction=0.62, x_offset=-37.2
Light position (normalized): x=0.56, z=0.37
Almost-engaged: False, strategy: none
Person zone: active

=== Engagement at 2026-03-03 08:55:43 ===
Hour: 8, Period: morning
Mode: flow (duration: 27.3s)
Aggression: 0.09
Flow: direction=0.25, x_offset=-15.3
Light position (normalized): x=0.59, z=0.45
Almost-engaged: False, strategy: none
Person zone: active

=== Engagement at 2026-03-03 08:56:42 ===
Hour: 8, Period: morning
Mode: flow (duration: 46.4s)
Aggression: 0.02
Flow: direction=-0.99, x_offset=59.5
Light position (normalized): x=0.14, z=0.56
Almost-engaged: False, strategy: none
Person zone: active

=== Engagement at 2026-03-03 08:56:42 ===
Hour: 8, Period: morning
Mode: flow (duration: 46.4s)
Aggression: 0.02
Flow: direction=-0.99, x_offset=59.5
Light position (normalized): x=0.14, z=0.56
Almost-engaged: False, strategy: none
Person zone: active

=== Engagement at 2026-03-03 08:57:15 ===
Hour: 8, Period: morning
Mode: flow (duration: 20.0s)
Aggression: 0.03
Flow: direction=0.12, x_offset=-7.3
Light position (normalized): x=0.32, z=0.22
Almost-engaged: False, strategy: none
Person zone: active

=== Engagement at 2026-03-03 08:57:17 ===
Hour: 8, Period: morning
Mode: engaged (duration: 2.0s)
Aggression: 0.01
Flow: direction=0.20, x_offset=-12.3
Light position (normalized): x=0.43, z=0.32
Almost-engaged: False, strategy: none
Person zone: active

=== Engagement at 2026-03-03 08:57:17 ===
Hour: 8, Period: morning
Mode: engaged (duration: 2.0s)
Aggression: 0.01
Flow: direction=0.20, x_offset=-12.3
Light position (normalized): x=0.43, z=0.32
Almost-engaged: False, strategy: none
Person zone: active

=== Engagement at 2026-03-03 08:57:21 ===
Hour: 8, Period: morning
Mode: engaged (duration: 5.4s)
Aggression: 0.01
Flow: direction=0.22, x_offset=-13.3
Light position (normalized): x=0.93, z=1.00
Almost-engaged: False, strategy: none
Person zone: active

=== Engagement at 2026-03-03 08:57:21 ===
Hour: 8, Period: morning
Mode: engaged (duration: 5.9s)
Aggression: 0.00
Flow: direction=0.16, x_offset=-9.6
Light position (normalized): x=0.81, z=0.72
Almost-engaged: False, strategy: none
Person zone: active

=== Engagement at 2026-03-03 08:57:21 ===
Hour: 8, Period: morning
Mode: engaged (duration: 6.0s)
Aggression: 0.00
Flow: direction=0.16, x_offset=-9.6
Light position (normalized): x=0.77, z=0.56
Almost-engaged: False, strategy: none
Person zone: active

=== Engagement at 2026-03-03 08:57:21 ===
Hour: 8, Period: morning
Mode: engaged (duration: 6.0s)
Aggression: 0.00
Flow: direction=0.16, x_offset=-9.6
Light position (normalized): x=0.77, z=0.56
Almost-engaged: False, strategy: none
Person zone: active

=== Engagement at 2026-03-03 08:59:01 ===
Hour: 8, Period: morning
Mode: flow (duration: 92.6s)
Aggression: 0.05
Flow: direction=-0.98, x_offset=58.9
Light position (normalized): x=0.29, z=0.22
Almost-engaged: False, strategy: none
Person zone: active

=== Engagement at 2026-03-03 08:59:02 ===
Hour: 8, Period: morning
Mode: engaged (duration: 0.4s)
Aggression: 0.01
Flow: direction=-0.98, x_offset=58.9
Light position (normalized): x=0.45, z=0.35
Almost-engaged: False, strategy: none
Person zone: active

=== Engagement at 2026-03-03 09:01:05 ===
Hour: 9, Period: morning
Mode: flow (duration: 110.8s)
Aggression: 0.07
Flow: direction=-0.54, x_offset=32.6
Light position (normalized): x=0.59, z=0.50
Almost-engaged: False, strategy: none
Person zone: active

=== Engagement at 2026-03-03 09:02:19 ===
Hour: 9, Period: morning
Mode: flow (duration: 60.5s)
Aggression: 0.02
Flow: direction=-0.59, x_offset=35.4
Light position (normalized): x=0.58, z=0.18
Almost-engaged: False, strategy: none
Person zone: active

=== Engagement at 2026-03-03 09:02:19 ===
Hour: 9, Period: morning
Mode: flow (duration: 60.5s)
Aggression: 0.02
Flow: direction=-0.59, x_offset=35.4
Light position (normalized): x=0.58, z=0.18
Almost-engaged: False, strategy: none
Person zone: active

=== Engagement at 2026-03-03 09:03:58 ===
Hour: 9, Period: morning
Mode: flow (duration: 85.8s)
Aggression: 0.06
Flow: direction=0.21, x_offset=-12.4
Light position (normalized): x=0.80, z=0.31
Almost-engaged: False, strategy: none
Person zone: active

=== Engagement at 2026-03-03 09:03:58 ===
Hour: 9, Period: morning
Mode: flow (duration: 85.8s)
Aggression: 0.06
Flow: direction=0.21, x_offset=-12.4
Light position (normalized): x=0.80, z=0.31
Almost-engaged: False, strategy: none
Person zone: active

=== Engagement at 2026-03-03 09:04:00 ===
Hour: 9, Period: morning
Mode: engaged (duration: 2.2s)
Aggression: 0.00
Flow: direction=0.01, x_offset=-0.4
Light position (normalized): x=0.73, z=0.91
Almost-engaged: False, strategy: none
Person zone: active

=== Engagement at 2026-03-03 09:04:00 ===
Hour: 9, Period: morning
Mode: engaged (duration: 2.2s)
Aggression: 0.00
Flow: direction=0.01, x_offset=-0.4
Light position (normalized): x=0.73, z=0.91
Almost-engaged: False, strategy: none
Person zone: active

=== Engagement at 2026-03-03 09:05:53 ===
Hour: 9, Period: morning
Mode: flow (duration: 101.8s)
Aggression: 0.07
Flow: direction=-0.78, x_offset=46.9
Light position (normalized): x=0.24, z=0.27
Almost-engaged: False, strategy: none
Person zone: active

=== Engagement at 2026-03-03 09:06:18 ===
Hour: 9, Period: morning
Mode: flow (duration: 12.2s)
Aggression: 0.01
Flow: direction=0.14, x_offset=-8.2
Light position (normalized): x=0.21, z=0.62
Almost-engaged: False, strategy: none
Person zone: active

=== Engagement at 2026-03-03 09:07:18 ===
Hour: 9, Period: morning
Mode: flow (duration: 46.9s)
Aggression: 0.04
Flow: direction=0.59, x_offset=-35.5
Light position (normalized): x=0.49, z=0.49
Almost-engaged: False, strategy: none
Person zone: active

=== Engagement at 2026-03-03 09:07:18 ===
Hour: 9, Period: morning
Mode: flow (duration: 46.9s)
Aggression: 0.04
Flow: direction=0.59, x_offset=-35.5
Light position (normalized): x=0.49, z=0.49
Almost-engaged: False, strategy: none
Person zone: active

=== Engagement at 2026-03-03 09:07:28 ===
Hour: 9, Period: morning
Mode: engaged (duration: 10.4s)
Aggression: 0.01
Flow: direction=-0.15, x_offset=8.9
Light position (normalized): x=0.65, z=0.17
Almost-engaged: False, strategy: none
Person zone: active

=== Engagement at 2026-03-03 09:07:28 ===
Hour: 9, Period: morning
Mode: engaged (duration: 10.5s)
Aggression: 0.01
Flow: direction=-0.23, x_offset=13.9
Light position (normalized): x=0.66, z=0.17
Almost-engaged: False, strategy: none
Person zone: active

=== Engagement at 2026-03-03 09:07:28 ===
Hour: 9, Period: morning
Mode: engaged (duration: 10.5s)
Aggression: 0.01
Flow: direction=-0.23, x_offset=13.9
Light position (normalized): x=0.66, z=0.17
Almost-engaged: False, strategy: none
Person zone: active

=== Engagement at 2026-03-03 09:07:37 ===
Hour: 9, Period: morning
Mode: flow (duration: 2.6s)
Aggression: 0.01
Flow: direction=-0.62, x_offset=37.5
Light position (normalized): x=0.62, z=0.56
Almost-engaged: False, strategy: none
Person zone: active

=== Engagement at 2026-03-03 09:07:37 ===
Hour: 9, Period: morning
Mode: flow (duration: 2.6s)
Aggression: 0.01
Flow: direction=-0.62, x_offset=37.5
Light position (normalized): x=0.62, z=0.56
Almost-engaged: False, strategy: none
Person zone: active

=== Engagement at 2026-03-03 09:08:24 ===
Hour: 9, Period: morning
Mode: flow (duration: 34.6s)
Aggression: 0.03
Flow: direction=-0.19, x_offset=11.6
Light position (normalized): x=0.16, z=0.22
Almost-engaged: False, strategy: none
Person zone: active

=== Engagement at 2026-03-03 09:08:59 ===
Hour: 9, Period: morning
Mode: flow (duration: 21.8s)
Aggression: 0.03
Flow: direction=0.05, x_offset=-2.7
Light position (normalized): x=0.43, z=0.55
Almost-engaged: False, strategy: none
Person zone: active

=== Engagement at 2026-03-03 09:09:02 ===
Hour: 9, Period: morning
Mode: engaged (duration: 3.2s)
Aggression: 0.00
Flow: direction=-0.22, x_offset=13.5
Light position (normalized): x=0.45, z=0.20
Almost-engaged: False, strategy: none
Person zone: active

=== Engagement at 2026-03-03 09:09:02 ===
Hour: 9, Period: morning
Mode: engaged (duration: 3.2s)
Aggression: 0.00
Flow: direction=-0.22, x_offset=13.5
Light position (normalized): x=0.45, z=0.20
Almost-engaged: False, strategy: none
Person zone: active

=== Engagement at 2026-03-03 09:09:03 ===
Hour: 9, Period: morning
Mode: engaged (duration: 4.3s)
Aggression: 0.00
Flow: direction=-0.22, x_offset=13.5
Light position (normalized): x=0.98, z=1.00
Almost-engaged: False, strategy: none
Person zone: active

=== Engagement at 2026-03-03 09:09:03 ===
Hour: 9, Period: morning
Mode: engaged (duration: 4.3s)
Aggression: 0.00
Flow: direction=-0.22, x_offset=13.5
Light position (normalized): x=0.98, z=1.00
Almost-engaged: False, strategy: none
Person zone: active

=== Engagement at 2026-03-03 09:09:25 ===
Hour: 9, Period: morning
Mode: flow (duration: 12.9s)
Aggression: 0.01
Flow: direction=-0.74, x_offset=44.5
Light position (normalized): x=0.69, z=0.18
Almost-engaged: False, strategy: none
Person zone: active

=== Engagement at 2026-03-03 09:09:47 ===
Hour: 9, Period: morning
Mode: flow (duration: 8.8s)
Aggression: 0.02
Flow: direction=0.26, x_offset=-15.7
Light position (normalized): x=0.27, z=0.09
Almost-engaged: False, strategy: none
Person zone: active

=== Engagement at 2026-03-03 09:11:22 ===
Hour: 9, Period: morning
Mode: flow (duration: 81.7s)
Aggression: 0.05
Flow: direction=-0.86, x_offset=51.4
Light position (normalized): x=0.46, z=0.33
Almost-engaged: False, strategy: none
Person zone: active

=== Engagement at 2026-03-03 09:11:22 ===
Hour: 9, Period: morning
Mode: flow (duration: 81.7s)
Aggression: 0.05
Flow: direction=-0.86, x_offset=51.4
Light position (normalized): x=0.46, z=0.33
Almost-engaged: False, strategy: none
Person zone: active

=== Engagement at 2026-03-03 09:12:26 ===
Hour: 9, Period: morning
Mode: flow (duration: 51.0s)
Aggression: 0.03
Flow: direction=-0.73, x_offset=43.8
Light position (normalized): x=0.40, z=0.25
Almost-engaged: False, strategy: none
Person zone: active

=== Engagement at 2026-03-03 09:12:26 ===
Hour: 9, Period: morning
Mode: flow (duration: 51.0s)
Aggression: 0.03
Flow: direction=-0.73, x_offset=43.8
Light position (normalized): x=0.40, z=0.25
Almost-engaged: False, strategy: none
Person zone: active

=== Engagement at 2026-03-03 09:13:12 ===
Hour: 9, Period: morning
Mode: flow (duration: 32.9s)
Aggression: 0.03
Flow: direction=0.00, x_offset=-0.2
Light position (normalized): x=0.47, z=0.07
Almost-engaged: False, strategy: none
Person zone: active

=== Engagement at 2026-03-03 09:13:13 ===
Hour: 9, Period: morning
Mode: engaged (duration: 0.8s)
Aggression: 0.00
Flow: direction=0.00, x_offset=-0.2
Light position (normalized): x=0.51, z=0.12
Almost-engaged: False, strategy: none
Person zone: active

=== Engagement at 2026-03-03 09:13:13 ===
Hour: 9, Period: morning
Mode: engaged (duration: 0.8s)
Aggression: 0.00
Flow: direction=0.00, x_offset=-0.2
Light position (normalized): x=0.51, z=0.12
Almost-engaged: False, strategy: none
Person zone: active

=== Engagement at 2026-03-03 09:13:16 ===
Hour: 9, Period: morning
Mode: engaged (duration: 4.2s)
Aggression: 0.00
Flow: direction=0.23, x_offset=-13.6
Light position (normalized): x=0.87, z=0.46
Almost-engaged: False, strategy: none
Person zone: active

=== Engagement at 2026-03-03 09:13:16 ===
Hour: 9, Period: morning
Mode: engaged (duration: 4.2s)
Aggression: 0.00
Flow: direction=0.23, x_offset=-13.6
Light position (normalized): x=0.87, z=0.46
Almost-engaged: False, strategy: none
Person zone: active

=== Engagement at 2026-03-03 09:13:21 ===
Hour: 9, Period: morning
Mode: engaged (duration: 9.0s)
Aggression: 0.00
Flow: direction=0.49, x_offset=-29.4
Light position (normalized): x=0.38, z=0.49
Almost-engaged: False, strategy: none
Person zone: active

=== Engagement at 2026-03-03 09:13:21 ===
Hour: 9, Period: morning
Mode: engaged (duration: 9.0s)
Aggression: 0.00
Flow: direction=0.49, x_offset=-29.4
Light position (normalized): x=0.38, z=0.49
Almost-engaged: False, strategy: none
Person zone: active

=== Engagement at 2026-03-03 09:16:07 ===
Hour: 9, Period: morning
Mode: flow (duration: 160.3s)
Aggression: 0.06
Flow: direction=-0.43, x_offset=26.1
Light position (normalized): x=0.61, z=0.49
Almost-engaged: False, strategy: none
Person zone: active

=== Engagement at 2026-03-03 09:16:07 ===
Hour: 9, Period: morning
Mode: flow (duration: 160.3s)
Aggression: 0.06
Flow: direction=-0.43, x_offset=26.1
Light position (normalized): x=0.61, z=0.49
Almost-engaged: False, strategy: none
Person zone: active

=== Engagement at 2026-03-03 09:16:34 ===
Hour: 9, Period: morning
Mode: flow (duration: 13.9s)
Aggression: 0.02
Flow: direction=-0.03, x_offset=2.1
Light position (normalized): x=0.47, z=0.15
Almost-engaged: False, strategy: none
Person zone: active

=== Engagement at 2026-03-03 09:16:35 ===
Hour: 9, Period: morning
Mode: engaged (duration: 1.1s)
Aggression: 0.00
Flow: direction=0.02, x_offset=-1.1
Light position (normalized): x=0.55, z=0.26
Almost-engaged: False, strategy: none
Person zone: active

=== Engagement at 2026-03-03 09:17:28 ===
Hour: 9, Period: morning
Mode: flow (duration: 41.3s)
Aggression: 0.03
Flow: direction=-0.91, x_offset=54.6
Light position (normalized): x=0.49, z=0.16
Almost-engaged: False, strategy: none
Person zone: active

=== Engagement at 2026-03-03 09:20:44 ===
Hour: 9, Period: morning
Mode: flow (duration: 182.9s)
Aggression: 0.09
Flow: direction=0.06, x_offset=-3.8
Light position (normalized): x=0.53, z=0.34
Almost-engaged: False, strategy: none
Person zone: active

=== Engagement at 2026-03-03 09:20:47 ===
Hour: 9, Period: morning
Mode: engaged (duration: 2.5s)
Aggression: 0.01
Flow: direction=-0.08, x_offset=4.7
Light position (normalized): x=0.60, z=0.37
Almost-engaged: False, strategy: none
Person zone: active

=== Engagement at 2026-03-03 09:20:47 ===
Hour: 9, Period: morning
Mode: engaged (duration: 2.5s)
Aggression: 0.01
Flow: direction=-0.08, x_offset=4.7
Light position (normalized): x=0.60, z=0.37
Almost-engaged: False, strategy: none
Person zone: active

=== Engagement at 2026-03-03 09:21:56 ===
Hour: 9, Period: morning
Mode: flow (duration: 58.9s)
Aggression: 0.03
Flow: direction=-0.10, x_offset=5.9
Light position (normalized): x=0.43, z=0.55
Almost-engaged: False, strategy: none
Person zone: active

=== Engagement at 2026-03-03 09:22:54 ===
Hour: 9, Period: morning
Mode: flow (duration: 44.6s)
Aggression: 0.03
Flow: direction=-0.54, x_offset=32.6
Light position (normalized): x=0.39, z=0.10
Almost-engaged: False, strategy: none
Person zone: active

=== Engagement at 2026-03-03 09:22:54 ===
Hour: 9, Period: morning
Mode: flow (duration: 44.6s)
Aggression: 0.03
Flow: direction=-0.54, x_offset=32.6
Light position (normalized): x=0.39, z=0.10
Almost-engaged: False, strategy: none
Person zone: active

=== Engagement at 2026-03-03 09:23:23 ===
Hour: 9, Period: morning
Mode: flow (duration: 16.4s)
Aggression: 0.01
Flow: direction=-0.36, x_offset=21.7
Light position (normalized): x=0.39, z=0.22
Almost-engaged: False, strategy: none
Person zone: active

=== Engagement at 2026-03-03 09:25:00 ===
Hour: 9, Period: morning
Mode: flow (duration: 84.0s)
Aggression: 0.04
Flow: direction=-0.99, x_offset=59.6
Light position (normalized): x=0.02, z=0.43
Almost-engaged: False, strategy: none
Person zone: active

=== Engagement at 2026-03-03 09:25:00 ===
Hour: 9, Period: morning
Mode: flow (duration: 84.0s)
Aggression: 0.04
Flow: direction=-0.99, x_offset=59.6
Light position (normalized): x=0.02, z=0.43
Almost-engaged: False, strategy: none
Person zone: active

=== Engagement at 2026-03-03 09:25:06 ===
Hour: 9, Period: morning
Mode: engaged (duration: 6.0s)
Aggression: 0.01
Flow: direction=-0.96, x_offset=57.5
Light position (normalized): x=0.59, z=0.62
Almost-engaged: False, strategy: none
Person zone: active

=== Engagement at 2026-03-03 09:25:07 ===
Hour: 9, Period: morning
Mode: engaged (duration: 7.4s)
Aggression: 0.00
Flow: direction=-0.95, x_offset=57.3
Light position (normalized): x=0.72, z=0.61
Almost-engaged: False, strategy: none
Person zone: active

=== Engagement at 2026-03-03 09:25:07 ===
Hour: 9, Period: morning
Mode: engaged (duration: 7.4s)
Aggression: 0.00
Flow: direction=-0.95, x_offset=57.3
Light position (normalized): x=0.72, z=0.61
Almost-engaged: False, strategy: none
Person zone: active

=== Engagement at 2026-03-03 09:27:15 ===
Hour: 9, Period: morning
Mode: flow (duration: 121.6s)
Aggression: 0.06
Flow: direction=0.57, x_offset=-33.9
Light position (normalized): x=0.66, z=0.14
Almost-engaged: False, strategy: none
Person zone: active

=== Engagement at 2026-03-03 09:28:56 ===
Hour: 9, Period: morning
Mode: flow (duration: 88.1s)
Aggression: 0.04
Flow: direction=-0.29, x_offset=17.7
Light position (normalized): x=0.69, z=0.30
Almost-engaged: False, strategy: none
Person zone: active

=== Engagement at 2026-03-03 09:29:06 ===
Hour: 9, Period: morning
Mode: engaged (duration: 10.1s)
Aggression: 0.01
Flow: direction=-0.49, x_offset=29.3
Light position (normalized): x=0.54, z=0.52
Almost-engaged: False, strategy: none
Person zone: active

=== Engagement at 2026-03-03 09:29:06 ===
Hour: 9, Period: morning
Mode: engaged (duration: 10.1s)
Aggression: 0.01
Flow: direction=-0.49, x_offset=29.3
Light position (normalized): x=0.54, z=0.52
Almost-engaged: False, strategy: none
Person zone: active

=== Engagement at 2026-03-03 09:30:41 ===
Hour: 9, Period: morning
Mode: flow (duration: 89.6s)
Aggression: 0.04
Flow: direction=-0.15, x_offset=8.8
Light position (normalized): x=0.67, z=0.50
Almost-engaged: False, strategy: none
Person zone: active

=== Engagement at 2026-03-03 09:30:41 ===
Hour: 9, Period: morning
Mode: flow (duration: 89.6s)
Aggression: 0.04
Flow: direction=-0.15, x_offset=8.8
Light position (normalized): x=0.67, z=0.50
Almost-engaged: False, strategy: none
Person zone: active

=== Engagement at 2026-03-03 09:30:42 ===
Hour: 9, Period: morning
Mode: engaged (duration: 0.3s)
Aggression: 0.02
Flow: direction=-0.15, x_offset=8.8
Light position (normalized): x=0.73, z=0.94
Almost-engaged: False, strategy: none
Person zone: active

=== Engagement at 2026-03-03 09:30:42 ===
Hour: 9, Period: morning
Mode: engaged (duration: 0.3s)
Aggression: 0.02
Flow: direction=-0.15, x_offset=8.8
Light position (normalized): x=0.73, z=0.94
Almost-engaged: False, strategy: none
Person zone: active

=== Engagement at 2026-03-03 09:38:52 ===
Hour: 9, Period: morning
Mode: flow (duration: 87.1s)
Aggression: 0.11
Flow: direction=0.98, x_offset=-58.6
Light position (normalized): x=0.83, z=0.19
Almost-engaged: False, strategy: none
Person zone: active

=== Engagement at 2026-03-03 09:40:03 ===
Hour: 9, Period: morning
Mode: flow (duration: 57.9s)
Aggression: 0.04
Flow: direction=0.91, x_offset=-54.8
Light position (normalized): x=0.51, z=0.29
Almost-engaged: False, strategy: none
Person zone: active

=== Engagement at 2026-03-03 09:40:03 ===
Hour: 9, Period: morning
Mode: engaged (duration: 0.4s)
Aggression: 0.01
Flow: direction=0.91, x_offset=-54.8
Light position (normalized): x=0.59, z=0.31
Almost-engaged: False, strategy: none
Person zone: active

=== Engagement at 2026-03-03 09:40:08 ===
Hour: 9, Period: morning
Mode: engaged (duration: 5.2s)
Aggression: 0.01
Flow: direction=0.92, x_offset=-55.4
Light position (normalized): x=0.46, z=0.54
Almost-engaged: False, strategy: none
Person zone: active

=== Engagement at 2026-03-03 09:43:39 ===
Hour: 9, Period: morning
Mode: flow (duration: 118.1s)
Aggression: 0.06
Flow: direction=0.54, x_offset=-32.4
Light position (normalized): x=0.73, z=0.44
Almost-engaged: False, strategy: none
Person zone: active

=== Engagement at 2026-03-03 09:43:39 ===
Hour: 9, Period: morning
Mode: flow (duration: 118.1s)
Aggression: 0.06
Flow: direction=0.54, x_offset=-32.4
Light position (normalized): x=0.73, z=0.44
Almost-engaged: False, strategy: none
Person zone: active

=== Engagement at 2026-03-03 09:44:22 ===
Hour: 9, Period: morning
Mode: flow (duration: 30.6s)
Aggression: 0.01
Flow: direction=-0.43, x_offset=30.3
Light position (normalized): x=0.55, z=0.37
Almost-engaged: False, strategy: none
Person zone: active

=== Engagement at 2026-03-03 09:44:22 ===
Hour: 9, Period: morning
Mode: flow (duration: 30.6s)
Aggression: 0.01
Flow: direction=-0.43, x_offset=30.3
Light position (normalized): x=0.55, z=0.37
Almost-engaged: False, strategy: none
Person zone: active

=== Engagement at 2026-03-03 09:45:02 ===
Hour: 9, Period: morning
Mode: flow (duration: 26.3s)
Aggression: 0.02
Flow: direction=0.86, x_offset=-51.7
Light position (normalized): x=0.72, z=0.51
Almost-engaged: False, strategy: none
Person zone: active

=== Engagement at 2026-03-03 09:45:02 ===
Hour: 9, Period: morning
Mode: engaged (duration: 0.5s)
Aggression: 0.00
Flow: direction=0.86, x_offset=-51.7
Light position (normalized): x=0.76, z=0.51
Almost-engaged: False, strategy: none
Person zone: active

=== Engagement at 2026-03-03 09:48:33 ===
Hour: 9, Period: morning
Mode: flow (duration: 198.0s)
Aggression: 0.09
Flow: direction=0.58, x_offset=-34.7
Light position (normalized): x=0.29, z=0.37
Almost-engaged: False, strategy: none
Person zone: active

=== Engagement at 2026-03-03 09:48:35 ===
Hour: 9, Period: morning
Mode: engaged (duration: 2.4s)
Aggression: 0.01
Flow: direction=0.62, x_offset=-37.2
Light position (normalized): x=0.79, z=0.56
Almost-engaged: False, strategy: none
Person zone: active

=== Engagement at 2026-03-03 09:49:05 ===
Hour: 9, Period: morning
Mode: flow (duration: 19.6s)
Aggression: 0.02
Flow: direction=0.04, x_offset=-2.4
Light position (normalized): x=0.33, z=0.15
Almost-engaged: False, strategy: none
Person zone: active

=== Engagement at 2026-03-03 09:49:05 ===
Hour: 9, Period: morning
Mode: flow (duration: 19.6s)
Aggression: 0.02
Flow: direction=0.04, x_offset=-2.4
Light position (normalized): x=0.33, z=0.15
Almost-engaged: False, strategy: none
Person zone: active

=== Engagement at 2026-03-03 09:50:41 ===
Hour: 9, Period: morning
Mode: flow (duration: 82.1s)
Aggression: 0.05
Flow: direction=-0.35, x_offset=20.9
Light position (normalized): x=0.34, z=0.10
Almost-engaged: False, strategy: none
Person zone: active

=== Engagement at 2026-03-03 09:50:41 ===
Hour: 9, Period: morning
Mode: flow (duration: 82.1s)
Aggression: 0.05
Flow: direction=-0.35, x_offset=20.9
Light position (normalized): x=0.34, z=0.10
Almost-engaged: False, strategy: none
Person zone: active

=== Engagement at 2026-03-03 09:52:35 ===
Hour: 9, Period: morning
Mode: flow (duration: 100.9s)
Aggression: 0.05
Flow: direction=0.32, x_offset=-18.9
Light position (normalized): x=0.85, z=0.15
Almost-engaged: False, strategy: none
Person zone: active

=== Engagement at 2026-03-03 09:53:34 ===
Hour: 9, Period: morning
Mode: flow (duration: 46.2s)
Aggression: 0.04
Flow: direction=0.38, x_offset=-22.7
Light position (normalized): x=0.31, z=0.33
Almost-engaged: False, strategy: none
Person zone: active

=== Engagement at 2026-03-03 09:56:06 ===
Hour: 9, Period: morning
Mode: flow (duration: 138.9s)
Aggression: 0.06
Flow: direction=0.47, x_offset=-40.4
Light position (normalized): x=0.61, z=0.05
Almost-engaged: False, strategy: none
Person zone: active

=== Engagement at 2026-03-03 09:56:07 ===
Hour: 9, Period: morning
Mode: engaged (duration: 0.8s)
Aggression: 0.00
Flow: direction=0.47, x_offset=-40.4
Light position (normalized): x=0.73, z=0.04
Almost-engaged: False, strategy: none
Person zone: active

=== Engagement at 2026-03-03 09:56:07 ===
Hour: 9, Period: morning
Mode: engaged (duration: 0.8s)
Aggression: 0.00
Flow: direction=0.47, x_offset=-40.4
Light position (normalized): x=0.73, z=0.04
Almost-engaged: False, strategy: none
Person zone: active

=== Engagement at 2026-03-03 09:56:55 ===
Hour: 9, Period: morning
Mode: flow (duration: 36.0s)
Aggression: 0.01
Flow: direction=-0.34, x_offset=29.4
Light position (normalized): x=0.57, z=0.37
Almost-engaged: False, strategy: none
Person zone: active

=== Engagement at 2026-03-03 09:56:55 ===
Hour: 9, Period: morning
Mode: flow (duration: 36.0s)
Aggression: 0.01
Flow: direction=-0.34, x_offset=29.4
Light position (normalized): x=0.57, z=0.37
Almost-engaged: False, strategy: none
Person zone: active

=== Engagement at 2026-03-03 09:56:57 ===
Hour: 9, Period: morning
Mode: engaged (duration: 2.3s)
Aggression: 0.00
Flow: direction=-0.10, x_offset=5.9
Light position (normalized): x=0.26, z=1.00
Almost-engaged: False, strategy: none
Person zone: active

=== Engagement at 2026-03-03 09:57:36 ===
Hour: 9, Period: morning
Mode: flow (duration: 28.5s)
Aggression: 0.01
Flow: direction=0.23, x_offset=-13.5
Light position (normalized): x=0.69, z=0.18
Almost-engaged: False, strategy: none
Person zone: active

=== Engagement at 2026-03-03 10:00:52 ===
Hour: 10, Period: morning
Mode: flow (duration: 182.5s)
Aggression: 0.06
Flow: direction=0.95, x_offset=-56.9
Light position (normalized): x=0.26, z=0.13
Almost-engaged: False, strategy: none
Person zone: active

=== Engagement at 2026-03-03 10:02:35 ===
Hour: 10, Period: morning
Mode: idle (duration: 20.9s)
Aggression: 0.02
Flow: direction=0.17, x_offset=-30.3
Light position (normalized): x=0.86, z=0.20
Almost-engaged: False, strategy: none
Person zone: active

=== Engagement at 2026-03-03 10:03:25 ===
Hour: 10, Period: morning
Mode: flow (duration: 35.5s)
Aggression: 0.04
Flow: direction=0.97, x_offset=-58.3
Light position (normalized): x=0.80, z=0.16
Almost-engaged: False, strategy: none
Person zone: active

=== Engagement at 2026-03-03 10:03:31 ===
Hour: 10, Period: morning
Mode: engaged (duration: 5.9s)
Aggression: 0.00
Flow: direction=0.97, x_offset=-58.5
Light position (normalized): x=0.60, z=0.21
Almost-engaged: False, strategy: none
Person zone: active

=== Engagement at 2026-03-03 10:06:29 ===
Hour: 10, Period: morning
Mode: flow (duration: 169.7s)
Aggression: 0.05
Flow: direction=0.00, x_offset=-0.3
Light position (normalized): x=0.51, z=0.41
Almost-engaged: False, strategy: none
Person zone: active

=== Engagement at 2026-03-03 10:06:29 ===
Hour: 10, Period: morning
Mode: flow (duration: 169.7s)
Aggression: 0.05
Flow: direction=0.00, x_offset=-0.3
Light position (normalized): x=0.51, z=0.41
Almost-engaged: False, strategy: none
Person zone: active

=== Engagement at 2026-03-03 10:08:10 ===
Hour: 10, Period: morning
Mode: flow (duration: 88.0s)
Aggression: 0.03
Flow: direction=0.53, x_offset=-32.1
Light position (normalized): x=0.55, z=0.16
Almost-engaged: False, strategy: none
Person zone: active

=== Engagement at 2026-03-03 10:08:10 ===
Hour: 10, Period: morning
Mode: flow (duration: 88.0s)
Aggression: 0.03
Flow: direction=0.53, x_offset=-32.1
Light position (normalized): x=0.55, z=0.16
Almost-engaged: False, strategy: none
Person zone: active

=== Engagement at 2026-03-03 10:12:48 ===
Hour: 10, Period: morning
Mode: flow (duration: 63.0s)
Aggression: 0.08
Flow: direction=0.06, x_offset=-3.8
Light position (normalized): x=0.80, z=0.31
Almost-engaged: False, strategy: none
Person zone: active

=== Engagement at 2026-03-03 10:12:48 ===
Hour: 10, Period: morning
Mode: flow (duration: 63.0s)
Aggression: 0.08
Flow: direction=0.06, x_offset=-3.8
Light position (normalized): x=0.80, z=0.31
Almost-engaged: False, strategy: none
Person zone: active

=== Engagement at 2026-03-03 10:18:04 ===
Hour: 10, Period: morning
Mode: flow (duration: 140.2s)
Aggression: 0.09
Flow: direction=0.94, x_offset=-56.5
Light position (normalized): x=0.86, z=0.27
Almost-engaged: False, strategy: none
Person zone: active

=== Engagement at 2026-03-03 10:18:04 ===
Hour: 10, Period: morning
Mode: flow (duration: 140.2s)
Aggression: 0.09
Flow: direction=0.94, x_offset=-56.5
Light position (normalized): x=0.86, z=0.27
Almost-engaged: False, strategy: none
Person zone: active

=== Engagement at 2026-03-03 10:18:05 ===
Hour: 10, Period: morning
Mode: engaged (duration: 1.6s)
Aggression: 0.00
Flow: direction=0.94, x_offset=-56.1
Light position (normalized): x=0.97, z=1.00
Almost-engaged: False, strategy: none
Person zone: active

=== Engagement at 2026-03-03 10:18:28 ===
Hour: 10, Period: morning
Mode: flow (duration: 9.2s)
Aggression: 0.01
Flow: direction=0.64, x_offset=-38.3
Light position (normalized): x=0.50, z=0.25
Almost-engaged: False, strategy: none
Person zone: active

=== Engagement at 2026-03-03 10:18:28 ===
Hour: 10, Period: morning
Mode: flow (duration: 9.2s)
Aggression: 0.01
Flow: direction=0.64, x_offset=-38.3
Light position (normalized): x=0.50, z=0.25
Almost-engaged: False, strategy: none
Person zone: active

=== Engagement at 2026-03-03 10:19:45 ===
Hour: 10, Period: morning
Mode: flow (duration: 63.6s)
Aggression: 0.03
Flow: direction=0.70, x_offset=-42.2
Light position (normalized): x=0.34, z=0.31
Almost-engaged: False, strategy: none
Person zone: active

=== Engagement at 2026-03-03 10:20:00 ===
Hour: 10, Period: morning
Mode: flow (duration: 2.0s)
Aggression: 0.02
Flow: direction=0.14, x_offset=-8.2
Light position (normalized): x=0.69, z=0.31
Almost-engaged: False, strategy: none
Person zone: active

=== Engagement at 2026-03-03 10:20:00 ===
Hour: 10, Period: morning
Mode: flow (duration: 2.0s)
Aggression: 0.02
Flow: direction=0.14, x_offset=-8.2
Light position (normalized): x=0.69, z=0.31
Almost-engaged: False, strategy: none
Person zone: active

=== Engagement at 2026-03-03 10:20:04 ===
Hour: 10, Period: morning
Mode: engaged (duration: 4.0s)
Aggression: 0.00
Flow: direction=0.23, x_offset=-13.7
Light position (normalized): x=0.53, z=0.51
Almost-engaged: False, strategy: none
Person zone: active

=== Engagement at 2026-03-03 10:20:04 ===
Hour: 10, Period: morning
Mode: engaged (duration: 4.0s)
Aggression: 0.00
Flow: direction=0.23, x_offset=-13.7
Light position (normalized): x=0.53, z=0.51
Almost-engaged: False, strategy: none
Person zone: active

=== Engagement at 2026-03-03 10:20:04 ===
Hour: 10, Period: morning
Mode: engaged (duration: 4.4s)
Aggression: 0.00
Flow: direction=0.23, x_offset=-13.7
Light position (normalized): x=0.50, z=0.47
Almost-engaged: False, strategy: none
Person zone: active

=== Engagement at 2026-03-03 10:21:07 ===
Hour: 10, Period: morning
Mode: flow (duration: 53.8s)
Aggression: 0.02
Flow: direction=-0.10, x_offset=6.1
Light position (normalized): x=0.21, z=0.26
Almost-engaged: False, strategy: none
Person zone: active

=== Engagement at 2026-03-03 10:21:52 ===
Hour: 10, Period: morning
Mode: flow (duration: 31.9s)
Aggression: 0.03
Flow: direction=-0.17, x_offset=10.0
Light position (normalized): x=0.30, z=0.33
Almost-engaged: False, strategy: none
Person zone: active

=== Engagement at 2026-03-03 10:22:05 ===
Hour: 10, Period: morning
Mode: flow (duration: 0.2s)
Aggression: 0.01
Flow: direction=0.21, x_offset=-12.8
Light position (normalized): x=0.37, z=0.17
Almost-engaged: False, strategy: none
Person zone: active

=== Engagement at 2026-03-03 10:22:05 ===
Hour: 10, Period: morning
Mode: flow (duration: 0.2s)
Aggression: 0.01
Flow: direction=0.21, x_offset=-12.8
Light position (normalized): x=0.37, z=0.17
Almost-engaged: False, strategy: none
Person zone: active

=== Engagement at 2026-03-03 10:22:36 ===
Hour: 10, Period: morning
Mode: flow (duration: 31.2s)
Aggression: 0.02
Flow: direction=-0.44, x_offset=26.2
Light position (normalized): x=0.63, z=0.44
Almost-engaged: False, strategy: none
Person zone: active

=== Engagement at 2026-03-03 10:26:53 ===
Hour: 10, Period: morning
Mode: flow (duration: 154.9s)
Aggression: 0.09
Flow: direction=-0.33, x_offset=19.7
Light position (normalized): x=0.48, z=0.33
Almost-engaged: False, strategy: none
Person zone: active

=== Engagement at 2026-03-03 10:29:32 ===
Hour: 10, Period: morning
Mode: flow (duration: 145.6s)
Aggression: 0.05
Flow: direction=0.42, x_offset=-24.9
Light position (normalized): x=0.17, z=0.31
Almost-engaged: False, strategy: none
Person zone: active

=== Engagement at 2026-03-03 10:29:32 ===
Hour: 10, Period: morning
Mode: flow (duration: 145.6s)
Aggression: 0.05
Flow: direction=0.42, x_offset=-24.9
Light position (normalized): x=0.17, z=0.31
Almost-engaged: False, strategy: none
Person zone: active

=== Engagement at 2026-03-03 10:29:43 ===
Hour: 10, Period: morning
Mode: engaged (duration: 11.5s)
Aggression: 0.02
Flow: direction=0.43, x_offset=-26.0
Light position (normalized): x=0.36, z=0.29
Almost-engaged: False, strategy: none
Person zone: active

=== Engagement at 2026-03-03 10:31:32 ===
Hour: 10, Period: morning
Mode: flow (duration: 102.7s)
Aggression: 0.03
Flow: direction=0.89, x_offset=-53.1
Light position (normalized): x=0.37, z=0.17
Almost-engaged: False, strategy: none
Person zone: active

=== Engagement at 2026-03-03 10:32:11 ===
Hour: 10, Period: morning
Mode: idle (duration: 8.8s)
Aggression: 0.02
Flow: direction=0.76, x_offset=-45.8
Light position (normalized): x=0.46, z=0.55
Almost-engaged: False, strategy: none
Person zone: active

=== Engagement at 2026-03-03 10:32:11 ===
Hour: 10, Period: morning
Mode: idle (duration: 8.8s)
Aggression: 0.02
Flow: direction=0.76, x_offset=-45.8
Light position (normalized): x=0.46, z=0.55
Almost-engaged: False, strategy: none
Person zone: active

=== Engagement at 2026-03-03 10:34:23 ===
Hour: 10, Period: morning
Mode: flow (duration: 119.1s)
Aggression: 0.04
Flow: direction=0.41, x_offset=-43.0
Light position (normalized): x=0.57, z=0.30
Almost-engaged: False, strategy: none
Person zone: active

=== Engagement at 2026-03-03 10:34:23 ===
Hour: 10, Period: morning
Mode: flow (duration: 119.1s)
Aggression: 0.04
Flow: direction=0.41, x_offset=-43.0
Light position (normalized): x=0.57, z=0.30
Almost-engaged: False, strategy: none
Person zone: active

=== Engagement at 2026-03-03 10:34:35 ===
Hour: 10, Period: morning
Mode: engaged (duration: 11.5s)
Aggression: 0.01
Flow: direction=-0.59, x_offset=35.7
Light position (normalized): x=0.28, z=0.25
Almost-engaged: False, strategy: none
Person zone: active

=== Engagement at 2026-03-03 10:35:00 ===
Hour: 10, Period: morning
Mode: flow (duration: 20.5s)
Aggression: 0.00
Flow: direction=0.46, x_offset=-27.6
Light position (normalized): x=0.51, z=0.42
Almost-engaged: False, strategy: none
Person zone: active

=== Engagement at 2026-03-03 10:35:00 ===
Hour: 10, Period: morning
Mode: flow (duration: 20.5s)
Aggression: 0.00
Flow: direction=0.46, x_offset=-27.6
Light position (normalized): x=0.51, z=0.42
Almost-engaged: False, strategy: none
Person zone: active

=== Engagement at 2026-03-03 10:39:19 ===
Hour: 10, Period: morning
Mode: idle (duration: 15.8s)
Aggression: 0.13
Flow: direction=-0.26, x_offset=15.4
Light position (normalized): x=0.46, z=0.48
Almost-engaged: False, strategy: none
Person zone: active

=== Engagement at 2026-03-03 10:39:51 ===
Hour: 10, Period: morning
Mode: flow (duration: 19.7s)
Aggression: 0.01
Flow: direction=0.77, x_offset=-46.3
Light position (normalized): x=0.29, z=0.27
Almost-engaged: False, strategy: none
Person zone: active

=== Engagement at 2026-03-03 10:39:51 ===
Hour: 10, Period: morning
Mode: flow (duration: 19.7s)
Aggression: 0.01
Flow: direction=0.77, x_offset=-46.3
Light position (normalized): x=0.29, z=0.27
Almost-engaged: False, strategy: none
Person zone: active

=== Engagement at 2026-03-03 10:40:54 ===
Hour: 10, Period: morning
Mode: flow (duration: 49.2s)
Aggression: 0.01
Flow: direction=0.75, x_offset=-53.7
Light position (normalized): x=0.49, z=0.16
Almost-engaged: False, strategy: none
Person zone: active

=== Engagement at 2026-03-03 10:40:54 ===
Hour: 10, Period: morning
Mode: flow (duration: 49.2s)
Aggression: 0.01
Flow: direction=0.75, x_offset=-53.7
Light position (normalized): x=0.49, z=0.16
Almost-engaged: False, strategy: none
Person zone: active

=== Engagement at 2026-03-03 10:40:54 ===
Hour: 10, Period: morning
Mode: engaged (duration: 0.6s)
Aggression: 0.00
Flow: direction=0.81, x_offset=-48.3
Light position (normalized): x=0.51, z=0.29
Almost-engaged: False, strategy: none
Person zone: active

=== Engagement at 2026-03-03 10:44:12 ===
Hour: 10, Period: morning
Mode: flow (duration: 68.7s)
Aggression: 0.16
Flow: direction=0.65, x_offset=-47.0
Light position (normalized): x=0.48, z=0.17
Almost-engaged: False, strategy: none
Person zone: active

=== Engagement at 2026-03-03 10:44:12 ===
Hour: 10, Period: morning
Mode: flow (duration: 68.7s)
Aggression: 0.16
Flow: direction=0.65, x_offset=-47.0
Light position (normalized): x=0.48, z=0.17
Almost-engaged: False, strategy: none
Person zone: active

=== Engagement at 2026-03-03 10:48:09 ===
Hour: 10, Period: morning
Mode: idle (duration: 5.6s)
Aggression: 0.02
Flow: direction=0.25, x_offset=-15.0
Light position (normalized): x=0.44, z=0.34
Almost-engaged: False, strategy: none
Person zone: active

=== Engagement at 2026-03-03 10:48:09 ===
Hour: 10, Period: morning
Mode: idle (duration: 5.6s)
Aggression: 0.02
Flow: direction=0.25, x_offset=-15.0
Light position (normalized): x=0.44, z=0.34
Almost-engaged: False, strategy: none
Person zone: active

=== Engagement at 2026-03-03 10:48:09 ===
Hour: 10, Period: morning
Mode: engaged (duration: 0.4s)
Aggression: 0.01
Flow: direction=0.25, x_offset=-15.0
Light position (normalized): x=0.47, z=0.49
Almost-engaged: False, strategy: none
Person zone: active

=== Engagement at 2026-03-03 10:48:25 ===
Hour: 10, Period: morning
Mode: flow (duration: 2.7s)
Aggression: 0.01
Flow: direction=0.96, x_offset=-57.5
Light position (normalized): x=0.64, z=0.36
Almost-engaged: False, strategy: none
Person zone: active

=== Engagement at 2026-03-03 10:52:46 ===
Hour: 10, Period: morning
Mode: idle (duration: 18.2s)
Aggression: 0.07
Flow: direction=-0.19, x_offset=11.5
Light position (normalized): x=0.59, z=0.26
Almost-engaged: False, strategy: none
Person zone: active

=== Engagement at 2026-03-03 10:53:06 ===
Hour: 10, Period: morning
Mode: flow (duration: 6.9s)
Aggression: 0.01
Flow: direction=0.05, x_offset=-3.3
Light position (normalized): x=0.36, z=0.50
Almost-engaged: False, strategy: none
Person zone: active

=== Engagement at 2026-03-03 10:53:55 ===
Hour: 10, Period: morning
Mode: flow (duration: 36.6s)
Aggression: 0.03
Flow: direction=0.16, x_offset=-9.7
Light position (normalized): x=0.59, z=0.28
Almost-engaged: False, strategy: none
Person zone: active

=== Engagement at 2026-03-03 10:53:55 ===
Hour: 10, Period: morning
Mode: flow (duration: 36.6s)
Aggression: 0.03
Flow: direction=0.16, x_offset=-9.7
Light position (normalized): x=0.59, z=0.28
Almost-engaged: False, strategy: none
Person zone: active

=== Engagement at 2026-03-03 10:56:33 ===
Hour: 10, Period: morning
Mode: flow (duration: 40.9s)
Aggression: 0.08
Flow: direction=-0.56, x_offset=33.4
Light position (normalized): x=0.62, z=0.31
Almost-engaged: False, strategy: none
Person zone: active

=== Engagement at 2026-03-03 10:56:33 ===
Hour: 10, Period: morning
Mode: flow (duration: 40.9s)
Aggression: 0.08
Flow: direction=-0.56, x_offset=33.4
Light position (normalized): x=0.62, z=0.31
Almost-engaged: False, strategy: none
Person zone: active

=== Engagement at 2026-03-03 11:01:23 ===
Hour: 11, Period: morning
Mode: flow (duration: 143.0s)
Aggression: 0.09
Flow: direction=0.70, x_offset=-42.3
Light position (normalized): x=0.65, z=0.41
Almost-engaged: False, strategy: none
Person zone: active

=== Engagement at 2026-03-03 11:01:23 ===
Hour: 11, Period: morning
Mode: engaged (duration: 0.1s)
Aggression: 0.07
Flow: direction=0.70, x_offset=-42.3
Light position (normalized): x=0.65, z=0.41
Almost-engaged: False, strategy: none
Person zone: active

=== Engagement at 2026-03-03 11:01:23 ===
Hour: 11, Period: morning
Mode: engaged (duration: 0.1s)
Aggression: 0.07
Flow: direction=0.70, x_offset=-42.3
Light position (normalized): x=0.65, z=0.41
Almost-engaged: False, strategy: none
Person zone: active

=== Engagement at 2026-03-03 11:01:24 ===
Hour: 11, Period: morning
Mode: engaged (duration: 0.7s)
Aggression: 0.01
Flow: direction=0.70, x_offset=-42.3
Light position (normalized): x=0.68, z=0.79
Almost-engaged: False, strategy: none
Person zone: active

=== Engagement at 2026-03-03 11:03:50 ===
Hour: 11, Period: morning
Mode: flow (duration: 133.7s)
Aggression: 0.04
Flow: direction=-0.20, x_offset=12.2
Light position (normalized): x=0.50, z=0.24
Almost-engaged: False, strategy: none
Person zone: active

=== Engagement at 2026-03-03 11:03:51 ===
Hour: 11, Period: morning
Mode: engaged (duration: 0.8s)
Aggression: 0.00
Flow: direction=-0.20, x_offset=12.2
Light position (normalized): x=0.51, z=0.43
Almost-engaged: False, strategy: none
Person zone: active

=== Engagement at 2026-03-03 11:03:51 ===
Hour: 11, Period: morning
Mode: engaged (duration: 0.8s)
Aggression: 0.00
Flow: direction=-0.20, x_offset=12.2
Light position (normalized): x=0.51, z=0.43
Almost-engaged: False, strategy: none
Person zone: active

=== Engagement at 2026-03-03 11:03:52 ===
Hour: 11, Period: morning
Mode: engaged (duration: 1.8s)
Aggression: 0.00
Flow: direction=-0.26, x_offset=15.7
Light position (normalized): x=0.37, z=0.93
Almost-engaged: False, strategy: none
Person zone: active

=== Engagement at 2026-03-03 11:04:18 ===
Hour: 11, Period: morning
Mode: engaged (duration: 27.6s)
Aggression: 0.00
Flow: direction=0.05, x_offset=-2.9
Light position (normalized): x=0.11, z=0.99
Almost-engaged: False, strategy: none
Person zone: active

=== Engagement at 2026-03-03 11:04:18 ===
Hour: 11, Period: morning
Mode: engaged (duration: 27.6s)
Aggression: 0.00
Flow: direction=0.05, x_offset=-2.9
Light position (normalized): x=0.11, z=0.99
Almost-engaged: False, strategy: none
Person zone: active

=== Engagement at 2026-03-03 11:04:23 ===
Hour: 11, Period: morning
Mode: engaged (duration: 32.7s)
Aggression: 0.00
Flow: direction=-0.39, x_offset=23.4
Light position (normalized): x=0.11, z=0.34
Almost-engaged: False, strategy: none
Person zone: active

=== Engagement at 2026-03-03 11:04:23 ===
Hour: 11, Period: morning
Mode: engaged (duration: 32.7s)
Aggression: 0.00
Flow: direction=-0.39, x_offset=23.4
Light position (normalized): x=0.11, z=0.34
Almost-engaged: False, strategy: none
Person zone: active

=== Engagement at 2026-03-03 11:04:24 ===
Hour: 11, Period: morning
Mode: engaged (duration: 34.1s)
Aggression: 0.00
Flow: direction=-0.53, x_offset=31.6
Light position (normalized): x=0.11, z=0.84
Almost-engaged: False, strategy: none
Person zone: active

=== Engagement at 2026-03-03 11:04:24 ===
Hour: 11, Period: morning
Mode: engaged (duration: 34.1s)
Aggression: 0.00
Flow: direction=-0.53, x_offset=31.6
Light position (normalized): x=0.11, z=0.84
Almost-engaged: False, strategy: none
Person zone: active

=== Engagement at 2026-03-03 11:04:30 ===
Hour: 11, Period: morning
Mode: crowd (duration: 3.9s)
Aggression: 0.00
Flow: direction=-0.81, x_offset=48.4
Light position (normalized): x=0.05, z=0.44
Almost-engaged: False, strategy: none
Person zone: active

=== Engagement at 2026-03-03 11:04:30 ===
Hour: 11, Period: morning
Mode: crowd (duration: 3.9s)
Aggression: 0.00
Flow: direction=-0.81, x_offset=48.4
Light position (normalized): x=0.05, z=0.44
Almost-engaged: False, strategy: none
Person zone: active

=== Engagement at 2026-03-03 11:04:31 ===
Hour: 11, Period: morning
Mode: crowd (duration: 5.1s)
Aggression: 0.00
Flow: direction=-0.84, x_offset=50.4
Light position (normalized): x=0.03, z=0.78
Almost-engaged: False, strategy: none
Person zone: active

=== Engagement at 2026-03-03 11:04:31 ===
Hour: 11, Period: morning
Mode: crowd (duration: 5.1s)
Aggression: 0.00
Flow: direction=-0.84, x_offset=50.4
Light position (normalized): x=0.03, z=0.78
Almost-engaged: False, strategy: none
Person zone: active

=== Engagement at 2026-03-03 11:04:31 ===
Hour: 11, Period: morning
Mode: crowd (duration: 5.1s)
Aggression: 0.00
Flow: direction=-0.84, x_offset=50.4
Light position (normalized): x=0.03, z=0.80
Almost-engaged: False, strategy: none
Person zone: active

=== Engagement at 2026-03-03 11:04:33 ===
Hour: 11, Period: morning
Mode: crowd (duration: 7.6s)
Aggression: 0.00
Flow: direction=-0.80, x_offset=48.1
Light position (normalized): x=0.25, z=0.36
Almost-engaged: False, strategy: none
Person zone: active

=== Engagement at 2026-03-03 11:07:31 ===
Hour: 11, Period: morning
Mode: idle (duration: 77.5s)
Aggression: 0.04
Flow: direction=0.04, x_offset=-18.8
Light position (normalized): x=0.65, z=0.29
Almost-engaged: False, strategy: none
Person zone: active

=== Engagement at 2026-03-03 11:08:15 ===
Hour: 11, Period: morning
Mode: flow (duration: 6.8s)
Aggression: 0.02
Flow: direction=-0.49, x_offset=29.5
Light position (normalized): x=0.66, z=0.53
Almost-engaged: False, strategy: none
Person zone: active

=== Engagement at 2026-03-03 11:11:29 ===
Hour: 11, Period: morning
Mode: flow (duration: 180.8s)
Aggression: 0.07
Flow: direction=0.31, x_offset=-18.3
Light position (normalized): x=0.72, z=0.13
Almost-engaged: False, strategy: none
Person zone: active

=== Engagement at 2026-03-03 11:13:28 ===
Hour: 11, Period: morning
Mode: flow (duration: 13.5s)
Aggression: 0.05
Flow: direction=0.75, x_offset=-45.1
Light position (normalized): x=0.88, z=0.27
Almost-engaged: False, strategy: none
Person zone: active

=== Engagement at 2026-03-03 11:15:45 ===
Hour: 11, Period: morning
Mode: flow (duration: 123.7s)
Aggression: 0.06
Flow: direction=-0.07, x_offset=4.0
Light position (normalized): x=0.48, z=0.37
Almost-engaged: False, strategy: none
Person zone: active

=== Engagement at 2026-03-03 11:17:00 ===
Hour: 11, Period: morning
Mode: flow (duration: 62.4s)
Aggression: 0.04
Flow: direction=0.87, x_offset=-52.2
Light position (normalized): x=0.65, z=0.40
Almost-engaged: False, strategy: none
Person zone: active

=== Engagement at 2026-03-03 11:17:17 ===
Hour: 11, Period: morning
Mode: flow (duration: 3.2s)
Aggression: 0.01
Flow: direction=0.84, x_offset=-50.1
Light position (normalized): x=0.33, z=0.33
Almost-engaged: False, strategy: none
Person zone: active

=== Engagement at 2026-03-03 11:17:19 ===
Hour: 11, Period: morning
Mode: engaged (duration: 2.3s)
Aggression: 0.00
Flow: direction=0.84, x_offset=-50.5
Light position (normalized): x=0.74, z=0.23
Almost-engaged: False, strategy: none
Person zone: active

=== Engagement at 2026-03-03 11:17:19 ===
Hour: 11, Period: morning
Mode: engaged (duration: 2.3s)
Aggression: 0.00
Flow: direction=0.84, x_offset=-50.5
Light position (normalized): x=0.74, z=0.23
Almost-engaged: False, strategy: none
Person zone: active

=== Engagement at 2026-03-03 11:17:43 ===
Hour: 11, Period: morning
Mode: engaged (duration: 26.3s)
Aggression: 0.00
Flow: direction=0.95, x_offset=-56.7
Light position (normalized): x=0.87, z=0.27
Almost-engaged: False, strategy: none
Person zone: active

=== Engagement at 2026-03-03 11:17:43 ===
Hour: 11, Period: morning
Mode: engaged (duration: 26.3s)
Aggression: 0.00
Flow: direction=0.95, x_offset=-56.7
Light position (normalized): x=0.87, z=0.27
Almost-engaged: False, strategy: none
Person zone: active

=== Engagement at 2026-03-03 11:17:45 ===
Hour: 11, Period: morning
Mode: engaged (duration: 28.4s)
Aggression: 0.00
Flow: direction=0.95, x_offset=-56.8
Light position (normalized): x=0.91, z=0.73
Almost-engaged: False, strategy: none
Person zone: active

=== Engagement at 2026-03-03 11:17:45 ===
Hour: 11, Period: morning
Mode: engaged (duration: 28.4s)
Aggression: 0.00
Flow: direction=0.95, x_offset=-56.8
Light position (normalized): x=0.91, z=0.73
Almost-engaged: False, strategy: none
Person zone: active

=== Engagement at 2026-03-03 11:17:50 ===
Hour: 11, Period: morning
Mode: engaged (duration: 33.5s)
Aggression: 0.00
Flow: direction=0.95, x_offset=-57.3
Light position (normalized): x=0.89, z=0.67
Almost-engaged: False, strategy: none
Person zone: active

=== Engagement at 2026-03-03 11:17:50 ===
Hour: 11, Period: morning
Mode: engaged (duration: 33.5s)
Aggression: 0.00
Flow: direction=0.95, x_offset=-57.3
Light position (normalized): x=0.89, z=0.67
Almost-engaged: False, strategy: none
Person zone: active

=== Engagement at 2026-03-03 11:17:51 ===
Hour: 11, Period: morning
Mode: engaged (duration: 34.5s)
Aggression: 0.00
Flow: direction=0.97, x_offset=-58.0
Light position (normalized): x=0.88, z=0.99
Almost-engaged: False, strategy: none
Person zone: active

=== Engagement at 2026-03-03 11:17:51 ===
Hour: 11, Period: morning
Mode: engaged (duration: 34.5s)
Aggression: 0.00
Flow: direction=0.97, x_offset=-58.0
Light position (normalized): x=0.88, z=0.99
Almost-engaged: False, strategy: none
Person zone: active

=== Engagement at 2026-03-03 11:17:52 ===
Hour: 11, Period: morning
Mode: engaged (duration: 35.5s)
Aggression: 0.00
Flow: direction=0.97, x_offset=-58.0
Light position (normalized): x=0.88, z=1.00
Almost-engaged: False, strategy: none
Person zone: active

=== Engagement at 2026-03-03 11:17:52 ===
Hour: 11, Period: morning
Mode: engaged (duration: 35.5s)
Aggression: 0.00
Flow: direction=0.97, x_offset=-58.0
Light position (normalized): x=0.88, z=1.00
Almost-engaged: False, strategy: none
Person zone: active

=== Engagement at 2026-03-03 11:18:06 ===
Hour: 11, Period: morning
Mode: crowd (duration: 12.5s)
Aggression: 0.00
Flow: direction=1.00, x_offset=-59.8
Light position (normalized): x=0.87, z=1.00
Almost-engaged: False, strategy: none
Person zone: active

=== Engagement at 2026-03-03 11:18:06 ===
Hour: 11, Period: morning
Mode: crowd (duration: 12.5s)
Aggression: 0.00
Flow: direction=1.00, x_offset=-59.8
Light position (normalized): x=0.87, z=1.00
Almost-engaged: False, strategy: none
Person zone: active

=== Engagement at 2026-03-03 11:18:08 ===
Hour: 11, Period: morning
Mode: crowd (duration: 14.2s)
Aggression: 0.00
Flow: direction=1.00, x_offset=-59.9
Light position (normalized): x=0.88, z=1.00
Almost-engaged: False, strategy: none
Person zone: active

=== Engagement at 2026-03-03 11:18:08 ===
Hour: 11, Period: morning
Mode: crowd (duration: 14.2s)
Aggression: 0.00
Flow: direction=1.00, x_offset=-59.9
Light position (normalized): x=0.88, z=1.00
Almost-engaged: False, strategy: none
Person zone: active

=== Engagement at 2026-03-03 11:18:11 ===
Hour: 11, Period: morning
Mode: crowd (duration: 17.4s)
Aggression: 0.00
Flow: direction=1.00, x_offset=-60.0
Light position (normalized): x=0.86, z=1.00
Almost-engaged: False, strategy: none
Person zone: active

=== Engagement at 2026-03-03 11:18:11 ===
Hour: 11, Period: morning
Mode: crowd (duration: 17.4s)
Aggression: 0.00
Flow: direction=1.00, x_offset=-60.0
Light position (normalized): x=0.86, z=1.00
Almost-engaged: False, strategy: none
Person zone: active

=== Engagement at 2026-03-03 11:18:12 ===
Hour: 11, Period: morning
Mode: crowd (duration: 18.4s)
Aggression: 0.00
Flow: direction=1.00, x_offset=-60.0
Light position (normalized): x=0.89, z=1.00
Almost-engaged: False, strategy: none
Person zone: active

=== Engagement at 2026-03-03 11:18:12 ===
Hour: 11, Period: morning
Mode: crowd (duration: 18.4s)
Aggression: 0.00
Flow: direction=1.00, x_offset=-60.0
Light position (normalized): x=0.89, z=1.00
Almost-engaged: False, strategy: none
Person zone: active

=== Engagement at 2026-03-03 11:18:15 ===
Hour: 11, Period: morning
Mode: crowd (duration: 21.9s)
Aggression: 0.00
Flow: direction=1.00, x_offset=-60.0
Light position (normalized): x=0.88, z=0.52
Almost-engaged: False, strategy: none
Person zone: active

=== Engagement at 2026-03-03 11:18:15 ===
Hour: 11, Period: morning
Mode: crowd (duration: 21.9s)
Aggression: 0.00
Flow: direction=1.00, x_offset=-60.0
Light position (normalized): x=0.88, z=0.52
Almost-engaged: False, strategy: none
Person zone: active

=== Engagement at 2026-03-03 11:18:17 ===
Hour: 11, Period: morning
Mode: crowd (duration: 24.0s)
Aggression: 0.00
Flow: direction=0.75, x_offset=-54.0
Light position (normalized): x=0.81, z=0.17
Almost-engaged: False, strategy: none
Person zone: active

=== Engagement at 2026-03-03 11:18:17 ===
Hour: 11, Period: morning
Mode: crowd (duration: 24.0s)
Aggression: 0.00
Flow: direction=0.75, x_offset=-54.0
Light position (normalized): x=0.81, z=0.17
Almost-engaged: False, strategy: none
Person zone: active

=== Engagement at 2026-03-03 11:18:19 ===
Hour: 11, Period: morning
Mode: crowd (duration: 25.8s)
Aggression: 0.00
Flow: direction=0.56, x_offset=-48.6
Light position (normalized): x=0.86, z=0.69
Almost-engaged: False, strategy: none
Person zone: active

=== Engagement at 2026-03-03 11:18:19 ===
Hour: 11, Period: morning
Mode: crowd (duration: 25.8s)
Aggression: 0.00
Flow: direction=0.56, x_offset=-48.6
Light position (normalized): x=0.86, z=0.69
Almost-engaged: False, strategy: none
Person zone: active

=== Engagement at 2026-03-03 11:18:25 ===
Hour: 11, Period: morning
Mode: crowd (duration: 31.8s)
Aggression: 0.00
Flow: direction=0.18, x_offset=-31.9
Light position (normalized): x=0.89, z=0.06
Almost-engaged: False, strategy: none
Person zone: active

=== Engagement at 2026-03-03 11:18:25 ===
Hour: 11, Period: morning
Mode: crowd (duration: 31.8s)
Aggression: 0.00
Flow: direction=0.18, x_offset=-31.9
Light position (normalized): x=0.89, z=0.06
Almost-engaged: False, strategy: none
Person zone: active

=== Engagement at 2026-03-03 11:18:26 ===
Hour: 11, Period: morning
Mode: crowd (duration: 32.5s)
Aggression: 0.00
Flow: direction=0.18, x_offset=-31.9
Light position (normalized): x=0.90, z=0.25
Almost-engaged: False, strategy: none
Person zone: active

=== Engagement at 2026-03-03 11:18:26 ===
Hour: 11, Period: morning
Mode: crowd (duration: 32.5s)
Aggression: 0.00
Flow: direction=0.18, x_offset=-31.9
Light position (normalized): x=0.90, z=0.25
Almost-engaged: False, strategy: none
Person zone: active

=== Engagement at 2026-03-03 11:18:28 ===
Hour: 11, Period: morning
Mode: crowd (duration: 34.2s)
Aggression: 0.00
Flow: direction=0.54, x_offset=-32.3
Light position (normalized): x=0.91, z=0.64
Almost-engaged: False, strategy: none
Person zone: active

=== Engagement at 2026-03-03 11:18:28 ===
Hour: 11, Period: morning
Mode: crowd (duration: 34.2s)
Aggression: 0.00
Flow: direction=0.54, x_offset=-32.3
Light position (normalized): x=0.91, z=0.64
Almost-engaged: False, strategy: none
Person zone: active

=== Engagement at 2026-03-03 11:18:32 ===
Hour: 11, Period: morning
Mode: crowd (duration: 38.9s)
Aggression: 0.00
Flow: direction=0.80, x_offset=-48.3
Light position (normalized): x=0.79, z=0.28
Almost-engaged: False, strategy: none
Person zone: active

=== Engagement at 2026-03-03 11:18:32 ===
Hour: 11, Period: morning
Mode: crowd (duration: 38.9s)
Aggression: 0.00
Flow: direction=0.80, x_offset=-48.3
Light position (normalized): x=0.79, z=0.28
Almost-engaged: False, strategy: none
Person zone: active

=== Engagement at 2026-03-03 11:18:33 ===
Hour: 11, Period: morning
Mode: crowd (duration: 39.9s)
Aggression: 0.00
Flow: direction=0.80, x_offset=-48.3
Light position (normalized): x=0.82, z=0.56
Almost-engaged: False, strategy: none
Person zone: active

=== Engagement at 2026-03-03 11:18:33 ===
Hour: 11, Period: morning
Mode: crowd (duration: 39.9s)
Aggression: 0.00
Flow: direction=0.80, x_offset=-48.3
Light position (normalized): x=0.82, z=0.56
Almost-engaged: False, strategy: none
Person zone: active

=== Engagement at 2026-03-03 11:18:37 ===
Hour: 11, Period: morning
Mode: crowd (duration: 43.7s)
Aggression: 0.00
Flow: direction=0.92, x_offset=-55.1
Light position (normalized): x=0.83, z=0.46
Almost-engaged: False, strategy: none
Person zone: active

=== Engagement at 2026-03-03 11:18:37 ===
Hour: 11, Period: morning
Mode: crowd (duration: 43.7s)
Aggression: 0.00
Flow: direction=0.92, x_offset=-55.1
Light position (normalized): x=0.83, z=0.46
Almost-engaged: False, strategy: none
Person zone: active

=== Engagement at 2026-03-03 11:18:39 ===
Hour: 11, Period: morning
Mode: crowd (duration: 46.0s)
Aggression: 0.00
Flow: direction=0.94, x_offset=-56.3
Light position (normalized): x=0.80, z=0.25
Almost-engaged: False, strategy: none
Person zone: active

=== Engagement at 2026-03-03 11:18:39 ===
Hour: 11, Period: morning
Mode: crowd (duration: 46.0s)
Aggression: 0.00
Flow: direction=0.94, x_offset=-56.3
Light position (normalized): x=0.80, z=0.25
Almost-engaged: False, strategy: none
Person zone: active

=== Engagement at 2026-03-03 11:19:08 ===
Hour: 11, Period: morning
Mode: crowd (duration: 75.1s)
Aggression: 0.00
Flow: direction=0.75, x_offset=-54.0
Light position (normalized): x=0.79, z=0.24
Almost-engaged: False, strategy: none
Person zone: active

=== Engagement at 2026-03-03 11:19:08 ===
Hour: 11, Period: morning
Mode: crowd (duration: 75.1s)
Aggression: 0.00
Flow: direction=0.75, x_offset=-54.0
Light position (normalized): x=0.79, z=0.24
Almost-engaged: False, strategy: none
Person zone: active

=== Engagement at 2026-03-03 11:19:09 ===
Hour: 11, Period: morning
Mode: crowd (duration: 76.1s)
Aggression: 0.00
Flow: direction=0.81, x_offset=-48.7
Light position (normalized): x=0.82, z=0.57
Almost-engaged: False, strategy: none
Person zone: active

=== Engagement at 2026-03-03 11:19:09 ===
Hour: 11, Period: morning
Mode: crowd (duration: 76.1s)
Aggression: 0.00
Flow: direction=0.81, x_offset=-48.7
Light position (normalized): x=0.82, z=0.57
Almost-engaged: False, strategy: none
Person zone: active

=== Engagement at 2026-03-03 11:19:12 ===
Hour: 11, Period: morning
Mode: crowd (duration: 78.4s)
Aggression: 0.00
Flow: direction=0.89, x_offset=-53.7
Light position (normalized): x=0.83, z=0.62
Almost-engaged: False, strategy: none
Person zone: active

=== Engagement at 2026-03-03 11:19:12 ===
Hour: 11, Period: morning
Mode: crowd (duration: 78.4s)
Aggression: 0.00
Flow: direction=0.89, x_offset=-53.7
Light position (normalized): x=0.83, z=0.62
Almost-engaged: False, strategy: none
Person zone: active

=== Engagement at 2026-03-03 11:19:19 ===
Hour: 11, Period: morning
Mode: crowd (duration: 86.1s)
Aggression: 0.00
Flow: direction=0.97, x_offset=-58.5
Light position (normalized): x=0.86, z=0.49
Almost-engaged: False, strategy: none
Person zone: active

=== Engagement at 2026-03-03 11:19:19 ===
Hour: 11, Period: morning
Mode: crowd (duration: 86.1s)
Aggression: 0.00
Flow: direction=0.97, x_offset=-58.5
Light position (normalized): x=0.86, z=0.49
Almost-engaged: False, strategy: none
Person zone: active

=== Engagement at 2026-03-03 11:19:26 ===
Hour: 11, Period: morning
Mode: crowd (duration: 93.0s)
Aggression: 0.00
Flow: direction=0.99, x_offset=-59.5
Light position (normalized): x=0.85, z=0.47
Almost-engaged: False, strategy: none
Person zone: active

=== Engagement at 2026-03-03 11:19:26 ===
Hour: 11, Period: morning
Mode: crowd (duration: 93.0s)
Aggression: 0.00
Flow: direction=0.99, x_offset=-59.5
Light position (normalized): x=0.85, z=0.47
Almost-engaged: False, strategy: none
Person zone: active

=== Engagement at 2026-03-03 11:19:28 ===
Hour: 11, Period: morning
Mode: crowd (duration: 94.7s)
Aggression: 0.00
Flow: direction=0.99, x_offset=-59.6
Light position (normalized): x=0.89, z=0.97
Almost-engaged: False, strategy: none
Person zone: active

=== Engagement at 2026-03-03 11:19:28 ===
Hour: 11, Period: morning
Mode: crowd (duration: 94.7s)
Aggression: 0.00
Flow: direction=0.99, x_offset=-59.6
Light position (normalized): x=0.89, z=0.97
Almost-engaged: False, strategy: none
Person zone: active

=== Engagement at 2026-03-03 11:19:29 ===
Hour: 11, Period: morning
Mode: crowd (duration: 95.4s)
Aggression: 0.00
Flow: direction=0.93, x_offset=-55.8
Light position (normalized): x=0.90, z=1.00
Almost-engaged: False, strategy: none
Person zone: active

=== Engagement at 2026-03-03 11:19:29 ===
Hour: 11, Period: morning
Mode: crowd (duration: 95.4s)
Aggression: 0.00
Flow: direction=0.93, x_offset=-55.8
Light position (normalized): x=0.90, z=1.00
Almost-engaged: False, strategy: none
Person zone: active

=== Engagement at 2026-03-03 11:19:35 ===
Hour: 11, Period: morning
Mode: crowd (duration: 101.4s)
Aggression: 0.00
Flow: direction=0.40, x_offset=-24.3
Light position (normalized): x=0.88, z=0.51
Almost-engaged: False, strategy: none
Person zone: active

=== Engagement at 2026-03-03 11:19:35 ===
Hour: 11, Period: morning
Mode: crowd (duration: 101.4s)
Aggression: 0.00
Flow: direction=0.40, x_offset=-24.3
Light position (normalized): x=0.88, z=0.51
Almost-engaged: False, strategy: none
Person zone: active

=== Engagement at 2026-03-03 11:19:36 ===
Hour: 11, Period: morning
Mode: crowd (duration: 102.9s)
Aggression: 0.00
Flow: direction=0.34, x_offset=-20.5
Light position (normalized): x=0.89, z=1.00
Almost-engaged: False, strategy: none
Person zone: active

=== Engagement at 2026-03-03 11:19:36 ===
Hour: 11, Period: morning
Mode: crowd (duration: 102.9s)
Aggression: 0.00
Flow: direction=0.34, x_offset=-20.5
Light position (normalized): x=0.89, z=1.00
Almost-engaged: False, strategy: none
Person zone: active

=== Engagement at 2026-03-03 11:19:38 ===
Hour: 11, Period: morning
Mode: crowd (duration: 104.6s)
Aggression: 0.00
Flow: direction=0.29, x_offset=-17.6
Light position (normalized): x=0.87, z=0.88
Almost-engaged: False, strategy: none
Person zone: active

=== Engagement at 2026-03-03 11:19:38 ===
Hour: 11, Period: morning
Mode: crowd (duration: 104.6s)
Aggression: 0.00
Flow: direction=0.29, x_offset=-17.6
Light position (normalized): x=0.87, z=0.88
Almost-engaged: False, strategy: none
Person zone: active

=== Engagement at 2026-03-03 11:19:39 ===
Hour: 11, Period: morning
Mode: crowd (duration: 105.4s)
Aggression: 0.00
Flow: direction=0.29, x_offset=-17.6
Light position (normalized): x=0.86, z=0.73
Almost-engaged: False, strategy: none
Person zone: active

=== Engagement at 2026-03-03 11:19:39 ===
Hour: 11, Period: morning
Mode: crowd (duration: 105.4s)
Aggression: 0.00
Flow: direction=0.29, x_offset=-17.6
Light position (normalized): x=0.86, z=0.73
Almost-engaged: False, strategy: none
Person zone: active

=== Engagement at 2026-03-03 11:19:45 ===
Hour: 11, Period: morning
Mode: crowd (duration: 112.2s)
Aggression: 0.00
Flow: direction=-0.58, x_offset=34.9
Light position (normalized): x=0.84, z=0.43
Almost-engaged: False, strategy: none
Person zone: active

=== Engagement at 2026-03-03 11:19:45 ===
Hour: 11, Period: morning
Mode: crowd (duration: 112.2s)
Aggression: 0.00
Flow: direction=-0.58, x_offset=34.9
Light position (normalized): x=0.84, z=0.43
Almost-engaged: False, strategy: none
Person zone: active

=== Engagement at 2026-03-03 11:19:50 ===
Hour: 11, Period: morning
Mode: crowd (duration: 116.4s)
Aggression: 0.00
Flow: direction=-0.82, x_offset=49.4
Light position (normalized): x=0.82, z=0.51
Almost-engaged: False, strategy: none
Person zone: active

=== Engagement at 2026-03-03 11:19:50 ===
Hour: 11, Period: morning
Mode: crowd (duration: 116.4s)
Aggression: 0.00
Flow: direction=-0.82, x_offset=49.4
Light position (normalized): x=0.82, z=0.51
Almost-engaged: False, strategy: none
Person zone: active

=== Engagement at 2026-03-03 11:19:52 ===
Hour: 11, Period: morning
Mode: crowd (duration: 118.5s)
Aggression: 0.00
Flow: direction=-0.87, x_offset=52.1
Light position (normalized): x=0.87, z=0.17
Almost-engaged: False, strategy: none
Person zone: active

=== Engagement at 2026-03-03 11:19:52 ===
Hour: 11, Period: morning
Mode: crowd (duration: 118.5s)
Aggression: 0.00
Flow: direction=-0.87, x_offset=52.1
Light position (normalized): x=0.87, z=0.17
Almost-engaged: False, strategy: none
Person zone: active

=== Engagement at 2026-03-03 11:19:53 ===
Hour: 11, Period: morning
Mode: crowd (duration: 119.7s)
Aggression: 0.00
Flow: direction=-0.90, x_offset=54.0
Light position (normalized): x=0.89, z=0.54
Almost-engaged: False, strategy: none
Person zone: active

=== Engagement at 2026-03-03 11:19:53 ===
Hour: 11, Period: morning
Mode: crowd (duration: 119.7s)
Aggression: 0.00
Flow: direction=-0.90, x_offset=54.0
Light position (normalized): x=0.89, z=0.54
Almost-engaged: False, strategy: none
Person zone: active

=== Engagement at 2026-03-03 11:19:57 ===
Hour: 11, Period: morning
Mode: crowd (duration: 123.5s)
Aggression: 0.00
Flow: direction=-0.94, x_offset=56.6
Light position (normalized): x=0.84, z=0.24
Almost-engaged: False, strategy: none
Person zone: active

=== Engagement at 2026-03-03 11:19:57 ===
Hour: 11, Period: morning
Mode: crowd (duration: 123.5s)
Aggression: 0.00
Flow: direction=-0.94, x_offset=56.6
Light position (normalized): x=0.84, z=0.24
Almost-engaged: False, strategy: none
Person zone: active

=== Engagement at 2026-03-03 11:19:59 ===
Hour: 11, Period: morning
Mode: crowd (duration: 126.0s)
Aggression: 0.00
Flow: direction=-0.97, x_offset=58.1
Light position (normalized): x=0.84, z=0.31
Almost-engaged: False, strategy: none
Person zone: active

=== Engagement at 2026-03-03 11:19:59 ===
Hour: 11, Period: morning
Mode: crowd (duration: 126.0s)
Aggression: 0.00
Flow: direction=-0.97, x_offset=58.1
Light position (normalized): x=0.84, z=0.31
Almost-engaged: False, strategy: none
Person zone: active

=== Engagement at 2026-03-03 11:20:05 ===
Hour: 11, Period: morning
Mode: crowd (duration: 131.5s)
Aggression: 0.00
Flow: direction=-0.97, x_offset=58.1
Light position (normalized): x=0.88, z=0.51
Almost-engaged: False, strategy: none
Person zone: active

=== Engagement at 2026-03-03 11:20:05 ===
Hour: 11, Period: morning
Mode: crowd (duration: 131.5s)
Aggression: 0.00
Flow: direction=-0.97, x_offset=58.1
Light position (normalized): x=0.88, z=0.51
Almost-engaged: False, strategy: none
Person zone: active

=== Engagement at 2026-03-03 11:20:12 ===
Hour: 11, Period: morning
Mode: crowd (duration: 138.9s)
Aggression: 0.00
Flow: direction=-0.54, x_offset=32.6
Light position (normalized): x=0.83, z=0.50
Almost-engaged: False, strategy: none
Person zone: active

=== Engagement at 2026-03-03 11:20:12 ===
Hour: 11, Period: morning
Mode: crowd (duration: 138.9s)
Aggression: 0.00
Flow: direction=-0.54, x_offset=32.6
Light position (normalized): x=0.83, z=0.50
Almost-engaged: False, strategy: none
Person zone: active

=== Engagement at 2026-03-03 11:20:13 ===
Hour: 11, Period: morning
Mode: crowd (duration: 139.7s)
Aggression: 0.00
Flow: direction=-0.50, x_offset=30.2
Light position (normalized): x=0.85, z=0.75
Almost-engaged: False, strategy: none
Person zone: active

=== Engagement at 2026-03-03 11:20:13 ===
Hour: 11, Period: morning
Mode: crowd (duration: 139.7s)
Aggression: 0.00
Flow: direction=-0.50, x_offset=30.2
Light position (normalized): x=0.85, z=0.75
Almost-engaged: False, strategy: none
Person zone: active

=== Engagement at 2026-03-03 11:20:17 ===
Hour: 11, Period: morning
Mode: crowd (duration: 143.4s)
Aggression: 0.00
Flow: direction=-0.45, x_offset=27.0
Light position (normalized): x=0.86, z=0.54
Almost-engaged: False, strategy: none
Person zone: active

=== Engagement at 2026-03-03 11:20:17 ===
Hour: 11, Period: morning
Mode: crowd (duration: 143.4s)
Aggression: 0.00
Flow: direction=-0.45, x_offset=27.0
Light position (normalized): x=0.86, z=0.54
Almost-engaged: False, strategy: none
Person zone: active

=== Engagement at 2026-03-03 11:20:22 ===
Hour: 11, Period: morning
Mode: crowd (duration: 148.5s)
Aggression: 0.00
Flow: direction=-0.35, x_offset=20.8
Light position (normalized): x=0.87, z=0.20
Almost-engaged: False, strategy: none
Person zone: active

=== Engagement at 2026-03-03 11:20:22 ===
Hour: 11, Period: morning
Mode: crowd (duration: 148.5s)
Aggression: 0.00
Flow: direction=-0.35, x_offset=20.8
Light position (normalized): x=0.87, z=0.20
Almost-engaged: False, strategy: none
Person zone: active

=== Engagement at 2026-03-03 11:20:36 ===
Hour: 11, Period: morning
Mode: crowd (duration: 162.4s)
Aggression: 0.00
Flow: direction=0.81, x_offset=-48.7
Light position (normalized): x=0.89, z=0.29
Almost-engaged: False, strategy: none
Person zone: active

=== Engagement at 2026-03-03 11:20:36 ===
Hour: 11, Period: morning
Mode: crowd (duration: 162.4s)
Aggression: 0.00
Flow: direction=0.81, x_offset=-48.7
Light position (normalized): x=0.89, z=0.29
Almost-engaged: False, strategy: none
Person zone: active

=== Engagement at 2026-03-03 11:20:42 ===
Hour: 11, Period: morning
Mode: crowd (duration: 168.3s)
Aggression: 0.00
Flow: direction=0.46, x_offset=-27.5
Light position (normalized): x=0.87, z=0.37
Almost-engaged: False, strategy: none
Person zone: active

=== Engagement at 2026-03-03 11:20:42 ===
Hour: 11, Period: morning
Mode: crowd (duration: 168.3s)
Aggression: 0.00
Flow: direction=0.46, x_offset=-27.5
Light position (normalized): x=0.87, z=0.37
Almost-engaged: False, strategy: none
Person zone: active

=== Engagement at 2026-03-03 11:20:44 ===
Hour: 11, Period: morning
Mode: crowd (duration: 170.3s)
Aggression: 0.00
Flow: direction=0.44, x_offset=-26.4
Light position (normalized): x=0.92, z=0.92
Almost-engaged: False, strategy: none
Person zone: active

=== Engagement at 2026-03-03 11:20:44 ===
Hour: 11, Period: morning
Mode: crowd (duration: 170.3s)
Aggression: 0.00
Flow: direction=0.44, x_offset=-26.4
Light position (normalized): x=0.92, z=0.92
Almost-engaged: False, strategy: none
Person zone: active

=== Engagement at 2026-03-03 11:21:12 ===
Hour: 11, Period: morning
Mode: crowd (duration: 198.6s)
Aggression: 0.00
Flow: direction=0.47, x_offset=-28.0
Light position (normalized): x=0.88, z=0.37
Almost-engaged: False, strategy: none
Person zone: active

=== Engagement at 2026-03-03 11:21:12 ===
Hour: 11, Period: morning
Mode: crowd (duration: 198.6s)
Aggression: 0.00
Flow: direction=0.47, x_offset=-28.0
Light position (normalized): x=0.88, z=0.37
Almost-engaged: False, strategy: none
Person zone: active

=== Engagement at 2026-03-03 11:21:16 ===
Hour: 11, Period: morning
Mode: crowd (duration: 203.2s)
Aggression: 0.00
Flow: direction=0.51, x_offset=-30.4
Light position (normalized): x=0.88, z=0.33
Almost-engaged: False, strategy: none
Person zone: active

=== Engagement at 2026-03-03 11:21:16 ===
Hour: 11, Period: morning
Mode: crowd (duration: 203.2s)
Aggression: 0.00
Flow: direction=0.51, x_offset=-30.4
Light position (normalized): x=0.88, z=0.33
Almost-engaged: False, strategy: none
Person zone: active

=== Engagement at 2026-03-03 11:21:19 ===
Hour: 11, Period: morning
Mode: crowd (duration: 206.1s)
Aggression: 0.00
Flow: direction=0.59, x_offset=-35.5
Light position (normalized): x=0.85, z=0.29
Almost-engaged: False, strategy: none
Person zone: active

=== Engagement at 2026-03-03 11:21:19 ===
Hour: 11, Period: morning
Mode: crowd (duration: 206.1s)
Aggression: 0.00
Flow: direction=0.59, x_offset=-35.5
Light position (normalized): x=0.85, z=0.29
Almost-engaged: False, strategy: none
Person zone: active

=== Engagement at 2026-03-03 11:21:23 ===
Hour: 11, Period: morning
Mode: crowd (duration: 209.8s)
Aggression: 0.00
Flow: direction=0.77, x_offset=-46.2
Light position (normalized): x=0.89, z=0.51
Almost-engaged: False, strategy: none
Person zone: active

=== Engagement at 2026-03-03 11:21:23 ===
Hour: 11, Period: morning
Mode: crowd (duration: 209.8s)
Aggression: 0.00
Flow: direction=0.77, x_offset=-46.2
Light position (normalized): x=0.89, z=0.51
Almost-engaged: False, strategy: none
Person zone: active

=== Engagement at 2026-03-03 11:21:30 ===
Hour: 11, Period: morning
Mode: crowd (duration: 216.4s)
Aggression: 0.00
Flow: direction=0.38, x_offset=-22.9
Light position (normalized): x=0.84, z=0.10
Almost-engaged: False, strategy: none
Person zone: active

=== Engagement at 2026-03-03 11:21:30 ===
Hour: 11, Period: morning
Mode: crowd (duration: 216.4s)
Aggression: 0.00
Flow: direction=0.38, x_offset=-22.9
Light position (normalized): x=0.84, z=0.10
Almost-engaged: False, strategy: none
Person zone: active

=== Engagement at 2026-03-03 11:21:30 ===
Hour: 11, Period: morning
Mode: crowd (duration: 217.2s)
Aggression: 0.00
Flow: direction=0.19, x_offset=-11.7
Light position (normalized): x=0.85, z=0.32
Almost-engaged: False, strategy: none
Person zone: active

=== Engagement at 2026-03-03 11:21:30 ===
Hour: 11, Period: morning
Mode: crowd (duration: 217.2s)
Aggression: 0.00
Flow: direction=0.19, x_offset=-11.7
Light position (normalized): x=0.85, z=0.32
Almost-engaged: False, strategy: none
Person zone: active

=== Engagement at 2026-03-03 11:21:53 ===
Hour: 11, Period: morning
Mode: crowd (duration: 239.4s)
Aggression: 0.00
Flow: direction=-0.91, x_offset=54.5
Light position (normalized): x=0.83, z=0.39
Almost-engaged: False, strategy: none
Person zone: active

=== Engagement at 2026-03-03 11:21:53 ===
Hour: 11, Period: morning
Mode: crowd (duration: 239.4s)
Aggression: 0.00
Flow: direction=-0.91, x_offset=54.5
Light position (normalized): x=0.83, z=0.39
Almost-engaged: False, strategy: none
Person zone: active

=== Engagement at 2026-03-03 11:21:54 ===
Hour: 11, Period: morning
Mode: crowd (duration: 240.8s)
Aggression: 0.00
Flow: direction=-0.93, x_offset=55.8
Light position (normalized): x=0.87, z=0.82
Almost-engaged: False, strategy: none
Person zone: active

=== Engagement at 2026-03-03 11:21:54 ===
Hour: 11, Period: morning
Mode: crowd (duration: 240.8s)
Aggression: 0.00
Flow: direction=-0.93, x_offset=55.8
Light position (normalized): x=0.87, z=0.82
Almost-engaged: False, strategy: none
Person zone: active

=== Engagement at 2026-03-03 11:21:56 ===
Hour: 11, Period: morning
Mode: crowd (duration: 242.7s)
Aggression: 0.00
Flow: direction=-0.96, x_offset=57.7
Light position (normalized): x=0.86, z=0.59
Almost-engaged: False, strategy: none
Person zone: active

=== Engagement at 2026-03-03 11:21:56 ===
Hour: 11, Period: morning
Mode: crowd (duration: 242.7s)
Aggression: 0.00
Flow: direction=-0.96, x_offset=57.7
Light position (normalized): x=0.86, z=0.59
Almost-engaged: False, strategy: none
Person zone: active

=== Engagement at 2026-03-03 11:22:02 ===
Hour: 11, Period: morning
Mode: crowd (duration: 248.2s)
Aggression: 0.00
Flow: direction=-0.73, x_offset=52.8
Light position (normalized): x=0.87, z=0.08
Almost-engaged: False, strategy: none
Person zone: active

=== Engagement at 2026-03-03 11:22:02 ===
Hour: 11, Period: morning
Mode: crowd (duration: 248.2s)
Aggression: 0.00
Flow: direction=-0.73, x_offset=52.8
Light position (normalized): x=0.87, z=0.08
Almost-engaged: False, strategy: none
Person zone: active

=== Engagement at 2026-03-03 11:22:04 ===
Hour: 11, Period: morning
Mode: crowd (duration: 251.2s)
Aggression: 0.00
Flow: direction=-0.41, x_offset=42.8
Light position (normalized): x=0.91, z=0.54
Almost-engaged: False, strategy: none
Person zone: active

=== Engagement at 2026-03-03 11:22:04 ===
Hour: 11, Period: morning
Mode: crowd (duration: 251.2s)
Aggression: 0.00
Flow: direction=-0.41, x_offset=42.8
Light position (normalized): x=0.91, z=0.54
Almost-engaged: False, strategy: none
Person zone: active

=== Engagement at 2026-03-03 11:22:10 ===
Hour: 11, Period: morning
Mode: crowd (duration: 257.0s)
Aggression: 0.00
Flow: direction=-0.13, x_offset=28.1
Light position (normalized): x=0.85, z=0.51
Almost-engaged: False, strategy: none
Person zone: active

=== Engagement at 2026-03-03 11:22:10 ===
Hour: 11, Period: morning
Mode: crowd (duration: 257.0s)
Aggression: 0.00
Flow: direction=-0.13, x_offset=28.1
Light position (normalized): x=0.85, z=0.51
Almost-engaged: False, strategy: none
Person zone: active

=== Engagement at 2026-03-03 11:22:11 ===
Hour: 11, Period: morning
Mode: crowd (duration: 257.9s)
Aggression: 0.00
Flow: direction=-0.10, x_offset=25.3
Light position (normalized): x=0.87, z=0.81
Almost-engaged: False, strategy: none
Person zone: active

=== Engagement at 2026-03-03 11:22:11 ===
Hour: 11, Period: morning
Mode: crowd (duration: 257.9s)
Aggression: 0.00
Flow: direction=-0.10, x_offset=25.3
Light position (normalized): x=0.87, z=0.81
Almost-engaged: False, strategy: none
Person zone: active

=== Engagement at 2026-03-03 11:22:18 ===
Hour: 11, Period: morning
Mode: crowd (duration: 264.5s)
Aggression: 0.00
Flow: direction=-0.03, x_offset=16.6
Light position (normalized): x=0.81, z=0.41
Almost-engaged: False, strategy: none
Person zone: active

=== Engagement at 2026-03-03 11:22:18 ===
Hour: 11, Period: morning
Mode: crowd (duration: 264.5s)
Aggression: 0.00
Flow: direction=-0.03, x_offset=16.6
Light position (normalized): x=0.81, z=0.41
Almost-engaged: False, strategy: none
Person zone: active

=== Engagement at 2026-03-03 11:22:20 ===
Hour: 11, Period: morning
Mode: crowd (duration: 266.4s)
Aggression: 0.00
Flow: direction=-0.02, x_offset=14.9
Light position (normalized): x=0.87, z=1.00
Almost-engaged: False, strategy: none
Person zone: active

=== Engagement at 2026-03-03 11:22:20 ===
Hour: 11, Period: morning
Mode: crowd (duration: 266.4s)
Aggression: 0.00
Flow: direction=-0.02, x_offset=14.9
Light position (normalized): x=0.87, z=1.00
Almost-engaged: False, strategy: none
Person zone: active

=== Engagement at 2026-03-03 11:22:21 ===
Hour: 11, Period: morning
Mode: crowd (duration: 267.8s)
Aggression: 0.00
Flow: direction=-0.02, x_offset=13.4
Light position (normalized): x=0.86, z=0.93
Almost-engaged: False, strategy: none
Person zone: active

=== Engagement at 2026-03-03 11:22:21 ===
Hour: 11, Period: morning
Mode: crowd (duration: 267.8s)
Aggression: 0.00
Flow: direction=-0.02, x_offset=13.4
Light position (normalized): x=0.86, z=0.93
Almost-engaged: False, strategy: none
Person zone: active

=== Engagement at 2026-03-03 11:22:26 ===
Hour: 11, Period: morning
Mode: crowd (duration: 272.5s)
Aggression: 0.00
Flow: direction=-0.01, x_offset=9.8
Light position (normalized): x=0.81, z=0.52
Almost-engaged: False, strategy: none
Person zone: active

=== Engagement at 2026-03-03 11:22:26 ===
Hour: 11, Period: morning
Mode: crowd (duration: 272.5s)
Aggression: 0.00
Flow: direction=-0.01, x_offset=9.8
Light position (normalized): x=0.81, z=0.52
Almost-engaged: False, strategy: none
Person zone: active

=== Engagement at 2026-03-03 11:22:28 ===
Hour: 11, Period: morning
Mode: crowd (duration: 274.7s)
Aggression: 0.00
Flow: direction=-0.00, x_offset=7.9
Light position (normalized): x=0.88, z=1.00
Almost-engaged: False, strategy: none
Person zone: active

=== Engagement at 2026-03-03 11:22:28 ===
Hour: 11, Period: morning
Mode: crowd (duration: 274.7s)
Aggression: 0.00
Flow: direction=-0.00, x_offset=7.9
Light position (normalized): x=0.88, z=1.00
Almost-engaged: False, strategy: none
Person zone: active

=== Engagement at 2026-03-03 11:22:32 ===
Hour: 11, Period: morning
Mode: crowd (duration: 278.5s)
Aggression: 0.00
Flow: direction=0.25, x_offset=-8.9
Light position (normalized): x=0.87, z=0.26
Almost-engaged: False, strategy: none
Person zone: active

=== Engagement at 2026-03-03 11:22:32 ===
Hour: 11, Period: morning
Mode: crowd (duration: 278.5s)
Aggression: 0.00
Flow: direction=0.25, x_offset=-8.9
Light position (normalized): x=0.87, z=0.26
Almost-engaged: False, strategy: none
Person zone: active

=== Engagement at 2026-03-03 11:22:34 ===
Hour: 11, Period: morning
Mode: crowd (duration: 280.6s)
Aggression: 0.00
Flow: direction=0.45, x_offset=-27.1
Light position (normalized): x=0.90, z=0.78
Almost-engaged: False, strategy: none
Person zone: active

=== Engagement at 2026-03-03 11:22:34 ===
Hour: 11, Period: morning
Mode: crowd (duration: 280.6s)
Aggression: 0.00
Flow: direction=0.45, x_offset=-27.1
Light position (normalized): x=0.90, z=0.78
Almost-engaged: False, strategy: none
Person zone: active

=== Engagement at 2026-03-03 11:22:36 ===
Hour: 11, Period: morning
Mode: crowd (duration: 282.8s)
Aggression: 0.00
Flow: direction=0.54, x_offset=-32.4
Light position (normalized): x=0.87, z=0.35
Almost-engaged: False, strategy: none
Person zone: active

=== Engagement at 2026-03-03 11:22:36 ===
Hour: 11, Period: morning
Mode: crowd (duration: 282.8s)
Aggression: 0.00
Flow: direction=0.54, x_offset=-32.4
Light position (normalized): x=0.87, z=0.35
Almost-engaged: False, strategy: none
Person zone: active

=== Engagement at 2026-03-03 11:22:37 ===
Hour: 11, Period: morning
Mode: crowd (duration: 283.7s)
Aggression: 0.00
Flow: direction=0.61, x_offset=-36.3
Light position (normalized): x=0.87, z=0.40
Almost-engaged: False, strategy: none
Person zone: active

=== Engagement at 2026-03-03 11:22:37 ===
Hour: 11, Period: morning
Mode: crowd (duration: 283.7s)
Aggression: 0.00
Flow: direction=0.61, x_offset=-36.3
Light position (normalized): x=0.87, z=0.40
Almost-engaged: False, strategy: none
Person zone: active

=== Engagement at 2026-03-03 11:22:38 ===
Hour: 11, Period: morning
Mode: crowd (duration: 284.9s)
Aggression: 0.00
Flow: direction=0.61, x_offset=-36.3
Light position (normalized): x=0.90, z=0.81
Almost-engaged: False, strategy: none
Person zone: active

=== Engagement at 2026-03-03 11:22:38 ===
Hour: 11, Period: morning
Mode: crowd (duration: 284.9s)
Aggression: 0.00
Flow: direction=0.61, x_offset=-36.3
Light position (normalized): x=0.90, z=0.81
Almost-engaged: False, strategy: none
Person zone: active

=== Engagement at 2026-03-03 11:22:41 ===
Hour: 11, Period: morning
Mode: crowd (duration: 287.7s)
Aggression: 0.00
Flow: direction=0.72, x_offset=-43.2
Light position (normalized): x=0.88, z=0.59
Almost-engaged: False, strategy: none
Person zone: active

=== Engagement at 2026-03-03 11:22:41 ===
Hour: 11, Period: morning
Mode: crowd (duration: 287.7s)
Aggression: 0.00
Flow: direction=0.72, x_offset=-43.2
Light position (normalized): x=0.88, z=0.59
Almost-engaged: False, strategy: none
Person zone: active

=== Engagement at 2026-03-03 11:22:42 ===
Hour: 11, Period: morning
Mode: crowd (duration: 289.2s)
Aggression: 0.00
Flow: direction=0.76, x_offset=-45.5
Light position (normalized): x=0.86, z=0.23
Almost-engaged: False, strategy: none
Person zone: active

=== Engagement at 2026-03-03 11:22:42 ===
Hour: 11, Period: morning
Mode: crowd (duration: 289.2s)
Aggression: 0.00
Flow: direction=0.76, x_offset=-45.5
Light position (normalized): x=0.86, z=0.23
Almost-engaged: False, strategy: none
Person zone: active

=== Engagement at 2026-03-03 11:22:44 ===
Hour: 11, Period: morning
Mode: crowd (duration: 290.2s)
Aggression: 0.00
Flow: direction=0.79, x_offset=-47.5
Light position (normalized): x=0.88, z=0.56
Almost-engaged: False, strategy: none
Person zone: active

=== Engagement at 2026-03-03 11:22:44 ===
Hour: 11, Period: morning
Mode: crowd (duration: 290.2s)
Aggression: 0.00
Flow: direction=0.79, x_offset=-47.5
Light position (normalized): x=0.88, z=0.56
Almost-engaged: False, strategy: none
Person zone: active

=== Engagement at 2026-03-03 11:22:48 ===
Hour: 11, Period: morning
Mode: crowd (duration: 294.4s)
Aggression: 0.00
Flow: direction=0.82, x_offset=-49.2
Light position (normalized): x=0.89, z=0.23
Almost-engaged: False, strategy: none
Person zone: active

=== Engagement at 2026-03-03 11:22:48 ===
Hour: 11, Period: morning
Mode: crowd (duration: 294.4s)
Aggression: 0.00
Flow: direction=0.82, x_offset=-49.2
Light position (normalized): x=0.89, z=0.23
Almost-engaged: False, strategy: none
Person zone: active

=== Engagement at 2026-03-03 11:22:48 ===
Hour: 11, Period: morning
Mode: crowd (duration: 295.2s)
Aggression: 0.00
Flow: direction=0.82, x_offset=-49.2
Light position (normalized): x=0.90, z=0.46
Almost-engaged: False, strategy: none
Person zone: active

=== Engagement at 2026-03-03 11:22:48 ===
Hour: 11, Period: morning
Mode: crowd (duration: 295.2s)
Aggression: 0.00
Flow: direction=0.82, x_offset=-49.2
Light position (normalized): x=0.90, z=0.46
Almost-engaged: False, strategy: none
Person zone: active

=== Engagement at 2026-03-03 11:22:49 ===
Hour: 11, Period: morning
Mode: crowd (duration: 295.8s)
Aggression: 0.00
Flow: direction=0.76, x_offset=-45.7
Light position (normalized): x=0.91, z=0.68
Almost-engaged: False, strategy: none
Person zone: active

=== Engagement at 2026-03-03 11:22:49 ===
Hour: 11, Period: morning
Mode: crowd (duration: 295.8s)
Aggression: 0.00
Flow: direction=0.76, x_offset=-45.7
Light position (normalized): x=0.91, z=0.68
Almost-engaged: False, strategy: none
Person zone: active

=== Engagement at 2026-03-03 11:22:52 ===
Hour: 11, Period: morning
Mode: crowd (duration: 298.2s)
Aggression: 0.00
Flow: direction=0.73, x_offset=-43.6
Light position (normalized): x=0.89, z=0.53
Almost-engaged: False, strategy: none
Person zone: active

=== Engagement at 2026-03-03 11:22:52 ===
Hour: 11, Period: morning
Mode: crowd (duration: 298.2s)
Aggression: 0.00
Flow: direction=0.73, x_offset=-43.6
Light position (normalized): x=0.89, z=0.53
Almost-engaged: False, strategy: none
Person zone: active

=== Engagement at 2026-03-03 11:22:53 ===
Hour: 11, Period: morning
Mode: crowd (duration: 299.5s)
Aggression: 0.00
Flow: direction=0.70, x_offset=-42.0
Light position (normalized): x=0.89, z=0.36
Almost-engaged: False, strategy: none
Person zone: active

=== Engagement at 2026-03-03 11:22:53 ===
Hour: 11, Period: morning
Mode: crowd (duration: 299.5s)
Aggression: 0.00
Flow: direction=0.70, x_offset=-42.0
Light position (normalized): x=0.89, z=0.36
Almost-engaged: False, strategy: none
Person zone: active

=== Engagement at 2026-03-03 11:23:16 ===
Hour: 11, Period: morning
Mode: flow (duration: 15.7s)
Aggression: 0.01
Flow: direction=0.06, x_offset=-3.3
Light position (normalized): x=0.45, z=0.29
Almost-engaged: False, strategy: none
Person zone: active

=== Engagement at 2026-03-03 11:23:26 ===
Hour: 11, Period: morning
Mode: engaged (duration: 9.7s)
Aggression: 0.00
Flow: direction=-0.15, x_offset=8.8
Light position (normalized): x=0.37, z=0.29
Almost-engaged: False, strategy: none
Person zone: active

=== Engagement at 2026-03-03 11:23:26 ===
Hour: 11, Period: morning
Mode: engaged (duration: 9.7s)
Aggression: 0.00
Flow: direction=-0.15, x_offset=8.8
Light position (normalized): x=0.37, z=0.29
Almost-engaged: False, strategy: none
Person zone: active

=== Engagement at 2026-03-03 11:23:45 ===
Hour: 11, Period: morning
Mode: engaged (duration: 29.6s)
Aggression: 0.00
Flow: direction=0.39, x_offset=-23.1
Light position (normalized): x=0.90, z=0.50
Almost-engaged: False, strategy: none
Person zone: active

=== Engagement at 2026-03-03 11:23:45 ===
Hour: 11, Period: morning
Mode: engaged (duration: 29.6s)
Aggression: 0.00
Flow: direction=0.39, x_offset=-23.1
Light position (normalized): x=0.90, z=0.50
Almost-engaged: False, strategy: none
Person zone: active

=== Engagement at 2026-03-03 11:23:53 ===
Hour: 11, Period: morning
Mode: engaged (duration: 36.6s)
Aggression: 0.00
Flow: direction=0.12, x_offset=-15.2
Light position (normalized): x=0.76, z=0.49
Almost-engaged: False, strategy: none
Person zone: active

=== Engagement at 2026-03-03 11:23:53 ===
Hour: 11, Period: morning
Mode: engaged (duration: 36.6s)
Aggression: 0.00
Flow: direction=0.12, x_offset=-15.2
Light position (normalized): x=0.76, z=0.49
Almost-engaged: False, strategy: none
Person zone: active

=== Engagement at 2026-03-03 11:24:01 ===
Hour: 11, Period: morning
Mode: engaged (duration: 44.6s)
Aggression: 0.00
Flow: direction=0.02, x_offset=-8.1
Light position (normalized): x=0.91, z=0.79
Almost-engaged: False, strategy: none
Person zone: active

=== Engagement at 2026-03-03 11:24:01 ===
Hour: 11, Period: morning
Mode: engaged (duration: 44.6s)
Aggression: 0.00
Flow: direction=0.02, x_offset=-8.1
Light position (normalized): x=0.91, z=0.79
Almost-engaged: False, strategy: none
Person zone: active

=== Engagement at 2026-03-03 11:24:02 ===
Hour: 11, Period: morning
Mode: engaged (duration: 46.2s)
Aggression: 0.00
Flow: direction=0.02, x_offset=-7.3
Light position (normalized): x=0.92, z=0.73
Almost-engaged: False, strategy: none
Person zone: active

=== Engagement at 2026-03-03 11:24:02 ===
Hour: 11, Period: morning
Mode: engaged (duration: 46.2s)
Aggression: 0.00
Flow: direction=0.02, x_offset=-7.3
Light position (normalized): x=0.92, z=0.73
Almost-engaged: False, strategy: none
Person zone: active

=== Engagement at 2026-03-03 11:24:04 ===
Hour: 11, Period: morning
Mode: engaged (duration: 47.6s)
Aggression: 0.00
Flow: direction=0.01, x_offset=-6.5
Light position (normalized): x=0.90, z=0.49
Almost-engaged: False, strategy: none
Person zone: active

=== Engagement at 2026-03-03 11:24:04 ===
Hour: 11, Period: morning
Mode: engaged (duration: 47.6s)
Aggression: 0.00
Flow: direction=0.01, x_offset=-6.5
Light position (normalized): x=0.90, z=0.49
Almost-engaged: False, strategy: none
Person zone: active

=== Engagement at 2026-03-03 11:24:05 ===
Hour: 11, Period: morning
Mode: engaged (duration: 49.3s)
Aggression: 0.00
Flow: direction=-0.24, x_offset=8.7
Light position (normalized): x=0.90, z=0.44
Almost-engaged: False, strategy: none
Person zone: active

=== Engagement at 2026-03-03 11:24:05 ===
Hour: 11, Period: morning
Mode: engaged (duration: 49.3s)
Aggression: 0.00
Flow: direction=-0.24, x_offset=8.7
Light position (normalized): x=0.90, z=0.44
Almost-engaged: False, strategy: none
Person zone: active

=== Engagement at 2026-03-03 11:24:06 ===
Hour: 11, Period: morning
Mode: engaged (duration: 49.9s)
Aggression: 0.00
Flow: direction=-0.24, x_offset=8.7
Light position (normalized): x=0.92, z=0.73
Almost-engaged: False, strategy: none
Person zone: active

=== Engagement at 2026-03-03 11:24:06 ===
Hour: 11, Period: morning
Mode: engaged (duration: 49.9s)
Aggression: 0.00
Flow: direction=-0.24, x_offset=8.7
Light position (normalized): x=0.92, z=0.73
Almost-engaged: False, strategy: none
Person zone: active

=== Engagement at 2026-03-03 11:24:08 ===
Hour: 11, Period: morning
Mode: engaged (duration: 51.6s)
Aggression: 0.00
Flow: direction=-0.40, x_offset=24.3
Light position (normalized): x=0.93, z=0.68
Almost-engaged: False, strategy: none
Person zone: active

=== Engagement at 2026-03-03 11:24:08 ===
Hour: 11, Period: morning
Mode: engaged (duration: 51.6s)
Aggression: 0.00
Flow: direction=-0.40, x_offset=24.3
Light position (normalized): x=0.93, z=0.68
Almost-engaged: False, strategy: none
Person zone: active

=== Engagement at 2026-03-03 11:24:34 ===
Hour: 11, Period: morning
Mode: engaged (duration: 77.7s)
Aggression: 0.00
Flow: direction=-0.62, x_offset=37.5
Light position (normalized): x=0.90, z=0.61
Almost-engaged: False, strategy: none
Person zone: active

=== Engagement at 2026-03-03 11:24:34 ===
Hour: 11, Period: morning
Mode: engaged (duration: 77.7s)
Aggression: 0.00
Flow: direction=-0.62, x_offset=37.5
Light position (normalized): x=0.90, z=0.61
Almost-engaged: False, strategy: none
Person zone: active

=== Engagement at 2026-03-03 11:24:35 ===
Hour: 11, Period: morning
Mode: engaged (duration: 79.2s)
Aggression: 0.00
Flow: direction=-0.61, x_offset=36.8
Light position (normalized): x=0.93, z=1.00
Almost-engaged: False, strategy: none
Person zone: active

=== Engagement at 2026-03-03 11:24:35 ===
Hour: 11, Period: morning
Mode: engaged (duration: 79.2s)
Aggression: 0.00
Flow: direction=-0.61, x_offset=36.8
Light position (normalized): x=0.93, z=1.00
Almost-engaged: False, strategy: none
Person zone: active

=== Engagement at 2026-03-03 11:24:50 ===
Hour: 11, Period: morning
Mode: engaged (duration: 94.4s)
Aggression: 0.00
Flow: direction=0.07, x_offset=-4.0
Light position (normalized): x=0.91, z=0.73
Almost-engaged: False, strategy: none
Person zone: active

=== Engagement at 2026-03-03 11:24:50 ===
Hour: 11, Period: morning
Mode: engaged (duration: 94.4s)
Aggression: 0.00
Flow: direction=0.07, x_offset=-4.0
Light position (normalized): x=0.91, z=0.73
Almost-engaged: False, strategy: none
Person zone: active

=== Engagement at 2026-03-03 11:25:09 ===
Hour: 11, Period: morning
Mode: engaged (duration: 113.4s)
Aggression: 0.00
Flow: direction=0.84, x_offset=-50.5
Light position (normalized): x=0.90, z=0.25
Almost-engaged: False, strategy: none
Person zone: active

=== Engagement at 2026-03-03 11:25:09 ===
Hour: 11, Period: morning
Mode: engaged (duration: 113.4s)
Aggression: 0.00
Flow: direction=0.84, x_offset=-50.5
Light position (normalized): x=0.90, z=0.25
Almost-engaged: False, strategy: none
Person zone: active

=== Engagement at 2026-03-03 11:25:15 ===
Hour: 11, Period: morning
Mode: engaged (duration: 119.3s)
Aggression: 0.00
Flow: direction=0.95, x_offset=-57.0
Light position (normalized): x=0.90, z=0.19
Almost-engaged: False, strategy: none
Person zone: active

=== Engagement at 2026-03-03 11:25:15 ===
Hour: 11, Period: morning
Mode: engaged (duration: 119.3s)
Aggression: 0.00
Flow: direction=0.95, x_offset=-57.0
Light position (normalized): x=0.90, z=0.19
Almost-engaged: False, strategy: none
Person zone: active

=== Engagement at 2026-03-03 11:29:26 ===
Hour: 11, Period: morning
Mode: flow (duration: 152.4s)
Aggression: 0.05
Flow: direction=-0.29, x_offset=17.6
Light position (normalized): x=0.44, z=0.47
Almost-engaged: False, strategy: none
Person zone: active

=== Engagement at 2026-03-03 11:31:38 ===
Hour: 11, Period: morning
Mode: flow (duration: 118.6s)
Aggression: 0.05
Flow: direction=-0.04, x_offset=2.6
Light position (normalized): x=0.55, z=0.33
Almost-engaged: False, strategy: none
Person zone: active

=== Engagement at 2026-03-03 11:36:51 ===
Hour: 11, Period: morning
Mode: flow (duration: 135.3s)
Aggression: 0.09
Flow: direction=-0.28, x_offset=17.0
Light position (normalized): x=0.28, z=0.35
Almost-engaged: False, strategy: none
Person zone: active

=== Engagement at 2026-03-03 11:36:51 ===
Hour: 11, Period: morning
Mode: flow (duration: 135.3s)
Aggression: 0.09
Flow: direction=-0.28, x_offset=17.0
Light position (normalized): x=0.28, z=0.35
Almost-engaged: False, strategy: none
Person zone: active

=== Engagement at 2026-03-03 11:40:14 ===
Hour: 11, Period: morning
Mode: flow (duration: 7.4s)
Aggression: 0.08
Flow: direction=-0.39, x_offset=23.3
Light position (normalized): x=0.61, z=0.45
Almost-engaged: False, strategy: none
Person zone: active

=== Engagement at 2026-03-03 11:40:14 ===
Hour: 11, Period: morning
Mode: flow (duration: 7.4s)
Aggression: 0.08
Flow: direction=-0.39, x_offset=23.3
Light position (normalized): x=0.61, z=0.45
Almost-engaged: False, strategy: none
Person zone: active

=== Engagement at 2026-03-03 11:42:52 ===
Hour: 11, Period: morning
Mode: flow (duration: 28.7s)
Aggression: 0.03
Flow: direction=0.49, x_offset=-29.2
Light position (normalized): x=0.67, z=0.32
Almost-engaged: False, strategy: none
Person zone: active

=== Engagement at 2026-03-03 11:42:52 ===
Hour: 11, Period: morning
Mode: flow (duration: 28.7s)
Aggression: 0.03
Flow: direction=0.49, x_offset=-29.2
Light position (normalized): x=0.67, z=0.32
Almost-engaged: False, strategy: none
Person zone: active

=== Engagement at 2026-03-03 11:47:01 ===
Hour: 11, Period: morning
Mode: flow (duration: 235.6s)
Aggression: 0.08
Flow: direction=-0.66, x_offset=39.6
Light position (normalized): x=0.36, z=0.39
Almost-engaged: False, strategy: none
Person zone: active

=== Engagement at 2026-03-03 11:47:08 ===
Hour: 11, Period: morning
Mode: engaged (duration: 6.9s)
Aggression: 0.01
Flow: direction=-0.58, x_offset=35.0
Light position (normalized): x=0.54, z=0.29
Almost-engaged: False, strategy: none
Person zone: active

=== Engagement at 2026-03-03 11:47:08 ===
Hour: 11, Period: morning
Mode: engaged (duration: 6.9s)
Aggression: 0.01
Flow: direction=-0.58, x_offset=35.0
Light position (normalized): x=0.54, z=0.29
Almost-engaged: False, strategy: none
Person zone: active

=== Engagement at 2026-03-03 11:50:00 ===
Hour: 11, Period: morning
Mode: flow (duration: 166.5s)
Aggression: 0.08
Flow: direction=0.44, x_offset=-26.2
Light position (normalized): x=0.65, z=0.41
Almost-engaged: False, strategy: none
Person zone: active

=== Engagement at 2026-03-03 11:50:00 ===
Hour: 11, Period: morning
Mode: flow (duration: 166.5s)
Aggression: 0.08
Flow: direction=0.44, x_offset=-26.2
Light position (normalized): x=0.65, z=0.41
Almost-engaged: False, strategy: none
Person zone: active

=== Engagement at 2026-03-03 11:50:03 ===
Hour: 11, Period: morning
Mode: engaged (duration: 2.7s)
Aggression: 0.00
Flow: direction=0.55, x_offset=-32.8
Light position (normalized): x=0.70, z=0.90
Almost-engaged: False, strategy: none
Person zone: active

=== Engagement at 2026-03-03 11:50:45 ===
Hour: 11, Period: morning
Mode: flow (duration: 31.2s)
Aggression: 0.03
Flow: direction=0.92, x_offset=-55.1
Light position (normalized): x=0.63, z=0.28
Almost-engaged: False, strategy: none
Person zone: active

=== Engagement at 2026-03-03 11:50:45 ===
Hour: 11, Period: morning
Mode: flow (duration: 31.2s)
Aggression: 0.03
Flow: direction=0.92, x_offset=-55.1
Light position (normalized): x=0.63, z=0.28
Almost-engaged: False, strategy: none
Person zone: active

=== Engagement at 2026-03-03 11:52:48 ===
Hour: 11, Period: morning
Mode: idle (duration: 23.3s)
Aggression: 0.03
Flow: direction=0.58, x_offset=-34.8
Light position (normalized): x=0.44, z=0.24
Almost-engaged: False, strategy: none
Person zone: active

=== Engagement at 2026-03-03 11:52:48 ===
Hour: 11, Period: morning
Mode: idle (duration: 23.3s)
Aggression: 0.03
Flow: direction=0.58, x_offset=-34.8
Light position (normalized): x=0.44, z=0.24
Almost-engaged: False, strategy: none
Person zone: active

=== Engagement at 2026-03-03 11:56:03 ===
Hour: 11, Period: morning
Mode: flow (duration: 38.2s)
Aggression: 0.07
Flow: direction=-0.26, x_offset=15.4
Light position (normalized): x=0.00, z=0.43
Almost-engaged: False, strategy: none
Person zone: active

=== Engagement at 2026-03-03 11:57:20 ===
Hour: 11, Period: morning
Mode: flow (duration: 29.1s)
Aggression: 0.02
Flow: direction=-0.94, x_offset=56.6
Light position (normalized): x=0.00, z=0.23
Almost-engaged: False, strategy: none
Person zone: active

=== Engagement at 2026-03-03 11:57:20 ===
Hour: 11, Period: morning
Mode: flow (duration: 29.1s)
Aggression: 0.02
Flow: direction=-0.94, x_offset=56.6
Light position (normalized): x=0.00, z=0.23
Almost-engaged: False, strategy: none
Person zone: active

=== Engagement at 2026-03-03 11:58:32 ===
Hour: 11, Period: morning
Mode: aware (duration: 39.5s)
Aggression: 0.05
Flow: direction=0.98, x_offset=-58.9
Light position (normalized): x=0.21, z=0.47
Almost-engaged: False, strategy: none
Person zone: active

=== Engagement at 2026-03-03 11:58:40 ===
Hour: 11, Period: morning
Mode: engaged (duration: 7.3s)
Aggression: 0.00
Flow: direction=0.75, x_offset=-45.0
Light position (normalized): x=0.78, z=0.42
Almost-engaged: False, strategy: none
Person zone: active

=== Engagement at 2026-03-03 11:59:36 ===
Hour: 11, Period: morning
Mode: flow (duration: 5.5s)
Aggression: 0.02
Flow: direction=0.79, x_offset=-47.6
Light position (normalized): x=0.00, z=0.33
Almost-engaged: False, strategy: none
Person zone: active

=== Engagement at 2026-03-03 11:59:41 ===
Hour: 11, Period: morning
Mode: engaged (duration: 5.1s)
Aggression: 0.00
Flow: direction=0.64, x_offset=-38.6
Light position (normalized): x=0.00, z=0.31
Almost-engaged: False, strategy: none
Person zone: active

=== Engagement at 2026-03-03 11:59:41 ===
Hour: 11, Period: morning
Mode: engaged (duration: 5.1s)
Aggression: 0.00
Flow: direction=0.64, x_offset=-38.6
Light position (normalized): x=0.00, z=0.31
Almost-engaged: False, strategy: none
Person zone: active

=== Engagement at 2026-03-03 12:00:28 ===
Hour: 12, Period: afternoon
Mode: aware (duration: 38.3s)
Aggression: 0.03
Flow: direction=0.25, x_offset=-14.8
Light position (normalized): x=0.00, z=0.26
Almost-engaged: False, strategy: none
Person zone: active

=== Engagement at 2026-03-03 12:03:02 ===
Hour: 12, Period: afternoon
Mode: flow (duration: 17.4s)
Aggression: 0.07
Flow: direction=0.84, x_offset=-50.6
Light position (normalized): x=0.46, z=0.42
Almost-engaged: False, strategy: none
Person zone: active

=== Engagement at 2026-03-03 12:03:02 ===
Hour: 12, Period: afternoon
Mode: flow (duration: 17.4s)
Aggression: 0.07
Flow: direction=0.84, x_offset=-50.6
Light position (normalized): x=0.46, z=0.42
Almost-engaged: False, strategy: none
Person zone: active

=== Engagement at 2026-03-03 12:07:08 ===
Hour: 12, Period: afternoon
Mode: flow (duration: 44.5s)
Aggression: 0.30
Flow: direction=-0.80, x_offset=48.2
Light position (normalized): x=0.30, z=0.50
Almost-engaged: False, strategy: none
Person zone: active

=== Engagement at 2026-03-03 12:07:38 ===
Hour: 12, Period: afternoon
Mode: aware (duration: 16.6s)
Aggression: 0.03
Flow: direction=0.09, x_offset=-5.5
Light position (normalized): x=0.94, z=0.27
Almost-engaged: False, strategy: none
Person zone: active

=== Engagement at 2026-03-03 12:07:40 ===
Hour: 12, Period: afternoon
Mode: engaged (duration: 1.6s)
Aggression: 0.00
Flow: direction=0.16, x_offset=-9.7
Light position (normalized): x=0.92, z=0.37
Almost-engaged: False, strategy: none
Person zone: active

=== Engagement at 2026-03-03 12:07:43 ===
Hour: 12, Period: afternoon
Mode: engaged (duration: 5.4s)
Aggression: 0.00
Flow: direction=0.33, x_offset=-20.0
Light position (normalized): x=0.64, z=0.50
Almost-engaged: False, strategy: none
Person zone: active

=== Engagement at 2026-03-03 12:07:43 ===
Hour: 12, Period: afternoon
Mode: engaged (duration: 5.4s)
Aggression: 0.00
Flow: direction=0.33, x_offset=-20.0
Light position (normalized): x=0.64, z=0.50
Almost-engaged: False, strategy: none
Person zone: active

=== Engagement at 2026-03-03 12:07:51 ===
Hour: 12, Period: afternoon
Mode: engaged (duration: 12.7s)
Aggression: 0.00
Flow: direction=0.75, x_offset=-45.2
Light position (normalized): x=0.90, z=0.09
Almost-engaged: False, strategy: none
Person zone: active

=== Engagement at 2026-03-03 12:07:51 ===
Hour: 12, Period: afternoon
Mode: engaged (duration: 12.7s)
Aggression: 0.00
Flow: direction=0.75, x_offset=-45.2
Light position (normalized): x=0.90, z=0.09
Almost-engaged: False, strategy: none
Person zone: active

=== Engagement at 2026-03-03 12:07:53 ===
Hour: 12, Period: afternoon
Mode: engaged (duration: 15.3s)
Aggression: 0.00
Flow: direction=0.86, x_offset=-51.5
Light position (normalized): x=0.92, z=0.59
Almost-engaged: False, strategy: none
Person zone: active

=== Engagement at 2026-03-03 12:07:53 ===
Hour: 12, Period: afternoon
Mode: engaged (duration: 15.3s)
Aggression: 0.00
Flow: direction=0.86, x_offset=-51.5
Light position (normalized): x=0.92, z=0.59
Almost-engaged: False, strategy: none
Person zone: active

=== Engagement at 2026-03-03 12:07:56 ===
Hour: 12, Period: afternoon
Mode: engaged (duration: 17.7s)
Aggression: 0.00
Flow: direction=0.92, x_offset=-55.1
Light position (normalized): x=0.90, z=0.11
Almost-engaged: False, strategy: none
Person zone: active

=== Engagement at 2026-03-03 12:07:56 ===
Hour: 12, Period: afternoon
Mode: engaged (duration: 17.7s)
Aggression: 0.00
Flow: direction=0.92, x_offset=-55.1
Light position (normalized): x=0.90, z=0.11
Almost-engaged: False, strategy: none
Person zone: active

=== Engagement at 2026-03-03 12:08:34 ===
Hour: 12, Period: afternoon
Mode: flow (duration: 13.7s)
Aggression: 0.01
Flow: direction=-0.16, x_offset=9.4
Light position (normalized): x=0.71, z=0.35
Almost-engaged: False, strategy: none
Person zone: active

=== Engagement at 2026-03-03 12:08:34 ===
Hour: 12, Period: afternoon
Mode: flow (duration: 13.7s)
Aggression: 0.01
Flow: direction=-0.16, x_offset=9.4
Light position (normalized): x=0.71, z=0.35
Almost-engaged: False, strategy: none
Person zone: active

=== Engagement at 2026-03-03 12:13:24 ===
Hour: 12, Period: afternoon
Mode: aware (duration: 47.8s)
Aggression: 0.09
Flow: direction=-0.41, x_offset=24.4
Light position (normalized): x=0.93, z=0.52
Almost-engaged: False, strategy: none
Person zone: active

=== Engagement at 2026-03-03 12:14:31 ===
Hour: 12, Period: afternoon
Mode: aware (duration: 53.5s)
Aggression: 0.04
Flow: direction=0.41, x_offset=-24.5
Light position (normalized): x=0.05, z=0.22
Almost-engaged: False, strategy: none
Person zone: active

=== Engagement at 2026-03-03 12:16:45 ===
Hour: 12, Period: afternoon
Mode: flow (duration: 34.0s)
Aggression: 0.05
Flow: direction=0.97, x_offset=-58.1
Light position (normalized): x=0.44, z=0.42
Almost-engaged: False, strategy: none
Person zone: active

=== Engagement at 2026-03-03 12:16:45 ===
Hour: 12, Period: afternoon
Mode: flow (duration: 34.0s)
Aggression: 0.05
Flow: direction=0.97, x_offset=-58.1
Light position (normalized): x=0.44, z=0.42
Almost-engaged: False, strategy: none
Person zone: active

=== Engagement at 2026-03-03 12:19:06 ===
Hour: 12, Period: afternoon
Mode: flow (duration: 33.0s)
Aggression: 0.05
Flow: direction=0.77, x_offset=-46.3
Light position (normalized): x=0.41, z=0.43
Almost-engaged: False, strategy: none
Person zone: active

=== Engagement at 2026-03-03 12:21:33 ===
Hour: 12, Period: afternoon
Mode: flow (duration: 38.1s)
Aggression: 0.06
Flow: direction=0.79, x_offset=-47.1
Light position (normalized): x=0.51, z=0.17
Almost-engaged: False, strategy: none
Person zone: active

=== Engagement at 2026-03-03 12:21:56 ===
Hour: 12, Period: afternoon
Mode: flow (duration: 9.8s)
Aggression: 0.01
Flow: direction=0.09, x_offset=-5.4
Light position (normalized): x=0.34, z=0.11
Almost-engaged: False, strategy: none
Person zone: active

=== Engagement at 2026-03-03 12:21:59 ===
Hour: 12, Period: afternoon
Mode: engaged (duration: 3.1s)
Aggression: 0.01
Flow: direction=0.12, x_offset=-7.0
Light position (normalized): x=0.58, z=0.32
Almost-engaged: False, strategy: none
Person zone: active

=== Engagement at 2026-03-03 12:22:06 ===
Hour: 12, Period: afternoon
Mode: engaged (duration: 9.6s)
Aggression: 0.01
Flow: direction=0.17, x_offset=-10.1
Light position (normalized): x=0.50, z=0.32
Almost-engaged: False, strategy: none
Person zone: active

=== Engagement at 2026-03-03 12:22:14 ===
Hour: 12, Period: afternoon
Mode: aware (duration: 2.4s)
Aggression: 0.01
Flow: direction=0.37, x_offset=-22.2
Light position (normalized): x=0.27, z=0.43
Almost-engaged: False, strategy: none
Person zone: active

=== Engagement at 2026-03-03 12:22:14 ===
Hour: 12, Period: afternoon
Mode: aware (duration: 2.4s)
Aggression: 0.01
Flow: direction=0.37, x_offset=-22.2
Light position (normalized): x=0.27, z=0.43
Almost-engaged: False, strategy: none
Person zone: active

=== Engagement at 2026-03-03 12:22:44 ===
Hour: 12, Period: afternoon
Mode: aware (duration: 17.7s)
Aggression: 0.02
Flow: direction=-0.23, x_offset=13.9
Light position (normalized): x=0.00, z=0.20
Almost-engaged: False, strategy: none
Person zone: active

=== Engagement at 2026-03-03 12:22:51 ===
Hour: 12, Period: afternoon
Mode: engaged (duration: 6.2s)
Aggression: 0.00
Flow: direction=-0.31, x_offset=18.8
Light position (normalized): x=0.84, z=1.00
Almost-engaged: False, strategy: none
Person zone: active

=== Engagement at 2026-03-03 12:24:13 ===
Hour: 12, Period: afternoon
Mode: aware (duration: 75.3s)
Aggression: 0.06
Flow: direction=-0.21, x_offset=12.7
Light position (normalized): x=0.92, z=0.09
Almost-engaged: False, strategy: none
Person zone: active

=== Engagement at 2026-03-03 12:26:44 ===
Hour: 12, Period: afternoon
Mode: idle (duration: 37.1s)
Aggression: 0.02
Flow: direction=0.95, x_offset=-56.9
Light position (normalized): x=0.47, z=0.45
Almost-engaged: False, strategy: none
Person zone: active

=== Engagement at 2026-03-03 12:26:44 ===
Hour: 12, Period: afternoon
Mode: idle (duration: 37.1s)
Aggression: 0.02
Flow: direction=0.95, x_offset=-56.9
Light position (normalized): x=0.47, z=0.45
Almost-engaged: False, strategy: none
Person zone: active

=== Engagement at 2026-03-03 12:27:15 ===
Hour: 12, Period: afternoon
Mode: flow (duration: 17.6s)
Aggression: 0.02
Flow: direction=-0.58, x_offset=35.0
Light position (normalized): x=0.54, z=0.47
Almost-engaged: False, strategy: none
Person zone: active

=== Engagement at 2026-03-03 12:27:23 ===
Hour: 12, Period: afternoon
Mode: engaged (duration: 8.6s)
Aggression: 0.01
Flow: direction=-0.16, x_offset=3.6
Light position (normalized): x=0.62, z=0.49
Almost-engaged: False, strategy: none
Person zone: active

=== Engagement at 2026-03-03 12:28:08 ===
Hour: 12, Period: afternoon
Mode: aware (duration: 39.8s)
Aggression: 0.03
Flow: direction=0.03, x_offset=-0.5
Light position (normalized): x=0.54, z=0.29
Almost-engaged: False, strategy: none
Person zone: active

=== Engagement at 2026-03-03 12:28:10 ===
Hour: 12, Period: afternoon
Mode: engaged (duration: 2.1s)
Aggression: 0.00
Flow: direction=0.13, x_offset=-7.5
Light position (normalized): x=0.85, z=0.36
Almost-engaged: False, strategy: none
Person zone: active

=== Engagement at 2026-03-03 12:28:32 ===
Hour: 12, Period: afternoon
Mode: aware (duration: 10.8s)
Aggression: 0.01
Flow: direction=0.24, x_offset=-14.1
Light position (normalized): x=0.45, z=0.36
Almost-engaged: False, strategy: none
Person zone: active

=== Engagement at 2026-03-03 12:28:47 ===
Hour: 12, Period: afternoon
Mode: aware (duration: 1.8s)
Aggression: 0.01
Flow: direction=0.04, x_offset=-2.1
Light position (normalized): x=0.77, z=0.36
Almost-engaged: False, strategy: none
Person zone: active

=== Engagement at 2026-03-03 12:28:49 ===
Hour: 12, Period: afternoon
Mode: engaged (duration: 1.2s)
Aggression: 0.00
Flow: direction=-0.02, x_offset=1.4
Light position (normalized): x=0.54, z=0.22
Almost-engaged: False, strategy: none
Person zone: active

=== Engagement at 2026-03-03 12:28:49 ===
Hour: 12, Period: afternoon
Mode: engaged (duration: 1.5s)
Aggression: 0.00
Flow: direction=-0.02, x_offset=1.4
Light position (normalized): x=0.53, z=0.21
Almost-engaged: False, strategy: none
Person zone: active

=== Engagement at 2026-03-03 12:28:49 ===
Hour: 12, Period: afternoon
Mode: engaged (duration: 1.5s)
Aggression: 0.00
Flow: direction=-0.02, x_offset=1.4
Light position (normalized): x=0.53, z=0.21
Almost-engaged: False, strategy: none
Person zone: active

=== Engagement at 2026-03-03 12:30:12 ===
Hour: 12, Period: afternoon
Mode: flow (duration: 13.8s)
Aggression: 0.05
Flow: direction=0.61, x_offset=-36.8
Light position (normalized): x=0.21, z=0.09
Almost-engaged: False, strategy: none
Person zone: active

=== Engagement at 2026-03-03 12:30:12 ===
Hour: 12, Period: afternoon
Mode: flow (duration: 13.8s)
Aggression: 0.05
Flow: direction=0.61, x_offset=-36.8
Light position (normalized): x=0.21, z=0.09
Almost-engaged: False, strategy: none
Person zone: active

=== Engagement at 2026-03-03 12:31:43 ===
Hour: 12, Period: afternoon
Mode: flow (duration: 18.7s)
Aggression: 0.05
Flow: direction=0.97, x_offset=-58.2
Light position (normalized): x=0.61, z=0.26
Almost-engaged: False, strategy: none
Person zone: active

=== Engagement at 2026-03-03 12:31:43 ===
Hour: 12, Period: afternoon
Mode: flow (duration: 18.7s)
Aggression: 0.05
Flow: direction=0.97, x_offset=-58.2
Light position (normalized): x=0.61, z=0.26
Almost-engaged: False, strategy: none
Person zone: active

=== Engagement at 2026-03-03 12:32:01 ===
Hour: 12, Period: afternoon
Mode: flow (duration: 5.0s)
Aggression: 0.01
Flow: direction=0.24, x_offset=-14.4
Light position (normalized): x=0.81, z=0.26
Almost-engaged: False, strategy: none
Person zone: active

=== Engagement at 2026-03-03 12:32:01 ===
Hour: 12, Period: afternoon
Mode: flow (duration: 5.0s)
Aggression: 0.01
Flow: direction=0.24, x_offset=-14.4
Light position (normalized): x=0.81, z=0.26
Almost-engaged: False, strategy: none
Person zone: active

=== Engagement at 2026-03-03 12:37:06 ===
Hour: 12, Period: afternoon
Mode: flow (duration: 38.6s)
Aggression: 0.09
Flow: direction=-0.78, x_offset=46.8
Light position (normalized): x=0.15, z=0.39
Almost-engaged: False, strategy: none
Person zone: active

=== Engagement at 2026-03-03 12:39:11 ===
Hour: 12, Period: afternoon
Mode: flow (duration: 53.9s)
Aggression: 0.05
Flow: direction=-0.52, x_offset=31.2
Light position (normalized): x=0.26, z=0.33
Almost-engaged: False, strategy: none
Person zone: active

=== Engagement at 2026-03-03 12:40:53 ===
Hour: 12, Period: afternoon
Mode: aware (duration: 88.0s)
Aggression: 0.07
Flow: direction=0.94, x_offset=-56.5
Light position (normalized): x=0.46, z=0.14
Almost-engaged: False, strategy: none
Person zone: active

=== Engagement at 2026-03-03 12:41:02 ===
Hour: 12, Period: afternoon
Mode: engaged (duration: 9.5s)
Aggression: 0.02
Flow: direction=0.55, x_offset=-33.1
Light position (normalized): x=0.39, z=0.41
Almost-engaged: False, strategy: none
Person zone: active

=== Engagement at 2026-03-03 12:41:06 ===
Hour: 12, Period: afternoon
Mode: engaged (duration: 13.7s)
Aggression: 0.01
Flow: direction=0.36, x_offset=-21.9
Light position (normalized): x=0.80, z=0.51
Almost-engaged: False, strategy: none
Person zone: active

=== Engagement at 2026-03-03 12:41:09 ===
Hour: 12, Period: afternoon
Mode: engaged (duration: 16.7s)
Aggression: 0.00
Flow: direction=0.22, x_offset=-13.2
Light position (normalized): x=0.25, z=0.15
Almost-engaged: False, strategy: none
Person zone: active

=== Engagement at 2026-03-03 12:43:40 ===
Hour: 12, Period: afternoon
Mode: flow (duration: 22.6s)
Aggression: 0.07
Flow: direction=0.55, x_offset=-33.3
Light position (normalized): x=0.42, z=0.47
Almost-engaged: False, strategy: none
Person zone: active

=== Engagement at 2026-03-03 12:43:40 ===
Hour: 12, Period: afternoon
Mode: flow (duration: 22.6s)
Aggression: 0.07
Flow: direction=0.55, x_offset=-33.3
Light position (normalized): x=0.42, z=0.47
Almost-engaged: False, strategy: none
Person zone: active

=== Engagement at 2026-03-03 12:43:41 ===
Hour: 12, Period: afternoon
Mode: engaged (duration: 0.5s)
Aggression: 0.01
Flow: direction=0.55, x_offset=-33.3
Light position (normalized): x=0.58, z=1.00
Almost-engaged: False, strategy: none
Person zone: active

=== Engagement at 2026-03-03 12:43:41 ===
Hour: 12, Period: afternoon
Mode: engaged (duration: 0.5s)
Aggression: 0.01
Flow: direction=0.55, x_offset=-33.3
Light position (normalized): x=0.58, z=1.00
Almost-engaged: False, strategy: none
Person zone: active

=== Engagement at 2026-03-03 12:45:18 ===
Hour: 12, Period: afternoon
Mode: flow (duration: 46.3s)
Aggression: 0.14
Flow: direction=0.64, x_offset=-38.7
Light position (normalized): x=0.51, z=0.42
Almost-engaged: False, strategy: none
Person zone: active

=== Engagement at 2026-03-03 12:45:18 ===
Hour: 12, Period: afternoon
Mode: flow (duration: 46.3s)
Aggression: 0.14
Flow: direction=0.64, x_offset=-38.7
Light position (normalized): x=0.51, z=0.42
Almost-engaged: False, strategy: none
Person zone: active

=== Engagement at 2026-03-03 12:45:51 ===
Hour: 12, Period: afternoon
Mode: aware (duration: 20.2s)
Aggression: 0.01
Flow: direction=-0.44, x_offset=26.7
Light position (normalized): x=0.00, z=0.39
Almost-engaged: False, strategy: none
Person zone: active

=== Engagement at 2026-03-03 12:45:51 ===
Hour: 12, Period: afternoon
Mode: aware (duration: 20.2s)
Aggression: 0.01
Flow: direction=-0.44, x_offset=26.7
Light position (normalized): x=0.00, z=0.39
Almost-engaged: False, strategy: none
Person zone: active

=== Engagement at 2026-03-03 12:47:23 ===
Hour: 12, Period: afternoon
Mode: flow (duration: 62.2s)
Aggression: 0.03
Flow: direction=0.33, x_offset=-19.6
Light position (normalized): x=0.49, z=0.45
Almost-engaged: False, strategy: none
Person zone: active

=== Engagement at 2026-03-03 12:47:55 ===
Hour: 12, Period: afternoon
Mode: aware (duration: 19.8s)
Aggression: 0.01
Flow: direction=-0.08, x_offset=5.0
Light position (normalized): x=0.10, z=0.11
Almost-engaged: False, strategy: none
Person zone: active

=== Engagement at 2026-03-03 12:48:13 ===
Hour: 12, Period: afternoon
Mode: flow (duration: 4.0s)
Aggression: 0.01
Flow: direction=0.07, x_offset=-4.5
Light position (normalized): x=0.45, z=0.12
Almost-engaged: False, strategy: none
Person zone: active

=== Engagement at 2026-03-03 12:50:02 ===
Hour: 12, Period: afternoon
Mode: aware (duration: 96.2s)
Aggression: 0.06
Flow: direction=-1.00, x_offset=59.9
Light position (normalized): x=0.83, z=0.44
Almost-engaged: False, strategy: none
Person zone: active

=== Engagement at 2026-03-03 12:50:16 ===
Hour: 12, Period: afternoon
Mode: flow (duration: 0.9s)
Aggression: 0.01
Flow: direction=-1.00, x_offset=60.0
Light position (normalized): x=0.27, z=0.35
Almost-engaged: False, strategy: none
Person zone: active

=== Engagement at 2026-03-03 12:50:16 ===
Hour: 12, Period: afternoon
Mode: flow (duration: 0.9s)
Aggression: 0.01
Flow: direction=-1.00, x_offset=60.0
Light position (normalized): x=0.27, z=0.35
Almost-engaged: False, strategy: none
Person zone: active

=== Engagement at 2026-03-03 12:53:05 ===
Hour: 12, Period: afternoon
Mode: flow (duration: 26.9s)
Aggression: 0.06
Flow: direction=1.00, x_offset=-60.0
Light position (normalized): x=0.54, z=0.44
Almost-engaged: False, strategy: none
Person zone: active

=== Engagement at 2026-03-03 12:53:08 ===
Hour: 12, Period: afternoon
Mode: engaged (duration: 3.0s)
Aggression: 0.00
Flow: direction=0.94, x_offset=-56.3
Light position (normalized): x=0.49, z=0.41
Almost-engaged: False, strategy: none
Person zone: active

=== Engagement at 2026-03-03 12:53:10 ===
Hour: 12, Period: afternoon
Mode: engaged (duration: 4.6s)
Aggression: 0.01
Flow: direction=0.84, x_offset=-50.3
Light position (normalized): x=0.53, z=0.52
Almost-engaged: False, strategy: none
Person zone: active

=== Engagement at 2026-03-03 12:53:11 ===
Hour: 12, Period: afternoon
Mode: engaged (duration: 6.1s)
Aggression: 0.01
Flow: direction=0.71, x_offset=-42.4
Light position (normalized): x=0.55, z=0.51
Almost-engaged: False, strategy: none
Person zone: active

=== Engagement at 2026-03-03 12:54:34 ===
Hour: 12, Period: afternoon
Mode: flow (duration: 13.4s)
Aggression: 0.02
Flow: direction=0.93, x_offset=-56.0
Light position (normalized): x=0.69, z=0.29
Almost-engaged: False, strategy: none
Person zone: active

=== Engagement at 2026-03-03 12:55:13 ===
Hour: 12, Period: afternoon
Mode: aware (duration: 25.6s)
Aggression: 0.04
Flow: direction=0.30, x_offset=-17.7
Light position (normalized): x=0.00, z=0.31
Almost-engaged: False, strategy: none
Person zone: active

=== Engagement at 2026-03-03 12:55:16 ===
Hour: 12, Period: afternoon
Mode: engaged (duration: 2.7s)
Aggression: 0.00
Flow: direction=0.38, x_offset=-22.7
Light position (normalized): x=0.81, z=0.49
Almost-engaged: False, strategy: none
Person zone: active

=== Engagement at 2026-03-03 12:55:16 ===
Hour: 12, Period: afternoon
Mode: engaged (duration: 2.7s)
Aggression: 0.00
Flow: direction=0.38, x_offset=-22.7
Light position (normalized): x=0.81, z=0.49
Almost-engaged: False, strategy: none
Person zone: active

=== Engagement at 2026-03-03 12:55:18 ===
Hour: 12, Period: afternoon
Mode: engaged (duration: 5.3s)
Aggression: 0.00
Flow: direction=0.47, x_offset=-28.3
Light position (normalized): x=0.73, z=0.35
Almost-engaged: False, strategy: none
Person zone: active

=== Engagement at 2026-03-03 12:55:18 ===
Hour: 12, Period: afternoon
Mode: engaged (duration: 5.3s)
Aggression: 0.00
Flow: direction=0.47, x_offset=-28.3
Light position (normalized): x=0.73, z=0.35
Almost-engaged: False, strategy: none
Person zone: active

=== Engagement at 2026-03-03 12:55:24 ===
Hour: 12, Period: afternoon
Mode: engaged (duration: 11.0s)
Aggression: 0.00
Flow: direction=0.51, x_offset=-30.6
Light position (normalized): x=0.47, z=0.38
Almost-engaged: False, strategy: none
Person zone: active

=== Engagement at 2026-03-03 12:55:24 ===
Hour: 12, Period: afternoon
Mode: engaged (duration: 11.0s)
Aggression: 0.00
Flow: direction=0.51, x_offset=-30.6
Light position (normalized): x=0.47, z=0.38
Almost-engaged: False, strategy: none
Person zone: active

=== Engagement at 2026-03-03 12:55:30 ===
Hour: 12, Period: afternoon
Mode: engaged (duration: 17.1s)
Aggression: 0.01
Flow: direction=0.40, x_offset=-24.1
Light position (normalized): x=0.13, z=0.50
Almost-engaged: False, strategy: none
Person zone: active

=== Engagement at 2026-03-03 12:55:30 ===
Hour: 12, Period: afternoon
Mode: engaged (duration: 17.1s)
Aggression: 0.01
Flow: direction=0.40, x_offset=-24.1
Light position (normalized): x=0.13, z=0.50
Almost-engaged: False, strategy: none
Person zone: active

=== Engagement at 2026-03-03 12:56:34 ===
Hour: 12, Period: afternoon
Mode: flow (duration: 38.4s)
Aggression: 0.02
Flow: direction=0.22, x_offset=-13.1
Light position (normalized): x=0.64, z=0.10
Almost-engaged: False, strategy: none
Person zone: active

=== Engagement at 2026-03-03 12:56:37 ===
Hour: 12, Period: afternoon
Mode: engaged (duration: 3.6s)
Aggression: 0.00
Flow: direction=0.07, x_offset=-4.3
Light position (normalized): x=0.75, z=0.47
Almost-engaged: False, strategy: none
Person zone: active

=== Engagement at 2026-03-03 12:56:37 ===
Hour: 12, Period: afternoon
Mode: engaged (duration: 3.6s)
Aggression: 0.00
Flow: direction=0.07, x_offset=-4.3
Light position (normalized): x=0.75, z=0.47
Almost-engaged: False, strategy: none
Person zone: active

=== Engagement at 2026-03-03 12:57:28 ===
Hour: 12, Period: afternoon
Mode: aware (duration: 41.0s)
Aggression: 0.02
Flow: direction=0.05, x_offset=-3.1
Light position (normalized): x=0.00, z=0.33
Almost-engaged: False, strategy: none
Person zone: active

=== Engagement at 2026-03-03 12:57:28 ===
Hour: 12, Period: afternoon
Mode: aware (duration: 41.0s)
Aggression: 0.02
Flow: direction=0.05, x_offset=-3.1
Light position (normalized): x=0.00, z=0.33
Almost-engaged: False, strategy: none
Person zone: active

=== Engagement at 2026-03-03 12:57:38 ===
Hour: 12, Period: afternoon
Mode: engaged (duration: 10.6s)
Aggression: 0.01
Flow: direction=-0.09, x_offset=5.2
Light position (normalized): x=0.23, z=0.39
Almost-engaged: False, strategy: none
Person zone: active

=== Engagement at 2026-03-03 12:59:26 ===
Hour: 12, Period: afternoon
Mode: aware (duration: 17.8s)
Aggression: 0.05
Flow: direction=-0.17, x_offset=10.4
Light position (normalized): x=0.00, z=0.22
Almost-engaged: False, strategy: none
Person zone: active

=== Engagement at 2026-03-03 13:00:32 ===
Hour: 13, Period: afternoon
Mode: flow (duration: 4.5s)
Aggression: 0.02
Flow: direction=-0.43, x_offset=25.6
Light position (normalized): x=0.25, z=0.49
Almost-engaged: False, strategy: none
Person zone: active

=== Engagement at 2026-03-03 13:03:19 ===
Hour: 13, Period: afternoon
Mode: flow (duration: 73.0s)
Aggression: 0.05
Flow: direction=-0.01, x_offset=0.3
Light position (normalized): x=0.42, z=0.01
Almost-engaged: False, strategy: none
Person zone: active

=== Engagement at 2026-03-03 13:04:07 ===
Hour: 13, Period: afternoon
Mode: flow (duration: 35.0s)
Aggression: 0.03
Flow: direction=0.68, x_offset=-40.6
Light position (normalized): x=0.83, z=0.05
Almost-engaged: False, strategy: none
Person zone: active

=== Engagement at 2026-03-03 13:04:07 ===
Hour: 13, Period: afternoon
Mode: flow (duration: 35.0s)
Aggression: 0.03
Flow: direction=0.68, x_offset=-40.6
Light position (normalized): x=0.83, z=0.05
Almost-engaged: False, strategy: none
Person zone: active

=== Engagement at 2026-03-03 13:04:09 ===
Hour: 13, Period: afternoon
Mode: engaged (duration: 1.7s)
Aggression: 0.00
Flow: direction=0.61, x_offset=-36.3
Light position (normalized): x=0.90, z=0.24
Almost-engaged: False, strategy: none
Person zone: active

=== Engagement at 2026-03-03 13:04:09 ===
Hour: 13, Period: afternoon
Mode: engaged (duration: 1.7s)
Aggression: 0.00
Flow: direction=0.61, x_offset=-36.3
Light position (normalized): x=0.90, z=0.24
Almost-engaged: False, strategy: none
Person zone: active

=== Engagement at 2026-03-03 13:04:45 ===
Hour: 13, Period: afternoon
Mode: aware (duration: 24.2s)
Aggression: 0.01
Flow: direction=-0.89, x_offset=53.7
Light position (normalized): x=0.80, z=0.53
Almost-engaged: False, strategy: none
Person zone: active

=== Engagement at 2026-03-03 13:04:46 ===
Hour: 13, Period: afternoon
Mode: engaged (duration: 1.1s)
Aggression: 0.00
Flow: direction=-0.75, x_offset=45.2
Light position (normalized): x=0.90, z=0.43
Almost-engaged: False, strategy: none
Person zone: active

=== Engagement at 2026-03-03 13:04:46 ===
Hour: 13, Period: afternoon
Mode: engaged (duration: 1.1s)
Aggression: 0.00
Flow: direction=-0.75, x_offset=45.2
Light position (normalized): x=0.90, z=0.43
Almost-engaged: False, strategy: none
Person zone: active

=== Engagement at 2026-03-03 13:08:40 ===
Hour: 13, Period: afternoon
Mode: flow (duration: 63.8s)
Aggression: 0.11
Flow: direction=0.00, x_offset=-0.1
Light position (normalized): x=0.05, z=0.45
Almost-engaged: False, strategy: none
Person zone: active

=== Engagement at 2026-03-03 13:10:51 ===
Hour: 13, Period: afternoon
Mode: flow (duration: 12.6s)
Aggression: 0.04
Flow: direction=-0.06, x_offset=3.6
Light position (normalized): x=0.45, z=0.53
Almost-engaged: False, strategy: none
Person zone: active

=== Engagement at 2026-03-03 13:10:51 ===
Hour: 13, Period: afternoon
Mode: flow (duration: 12.6s)
Aggression: 0.04
Flow: direction=-0.06, x_offset=3.6
Light position (normalized): x=0.45, z=0.53
Almost-engaged: False, strategy: none
Person zone: active

=== Engagement at 2026-03-03 13:11:18 ===
Hour: 13, Period: afternoon
Mode: flow (duration: 13.3s)
Aggression: 0.01
Flow: direction=-0.16, x_offset=9.9
Light position (normalized): x=0.40, z=0.25
Almost-engaged: False, strategy: none
Person zone: active

=== Engagement at 2026-03-03 13:14:40 ===
Hour: 13, Period: afternoon
Mode: flow (duration: 13.5s)
Aggression: 0.11
Flow: direction=0.69, x_offset=-41.3
Light position (normalized): x=0.36, z=0.39
Almost-engaged: False, strategy: none
Person zone: active

=== Engagement at 2026-03-03 13:14:40 ===
Hour: 13, Period: afternoon
Mode: flow (duration: 13.5s)
Aggression: 0.11
Flow: direction=0.69, x_offset=-41.3
Light position (normalized): x=0.36, z=0.39
Almost-engaged: False, strategy: none
Person zone: active

=== Engagement at 2026-03-03 13:19:40 ===
Hour: 13, Period: afternoon
Mode: flow (duration: 6.6s)
Aggression: 0.30
Flow: direction=0.01, x_offset=-2.9
Light position (normalized): x=0.60, z=0.60
Almost-engaged: False, strategy: none
Person zone: active

=== Engagement at 2026-03-03 13:19:40 ===
Hour: 13, Period: afternoon
Mode: engaged (duration: 0.1s)
Aggression: 0.22
Flow: direction=0.01, x_offset=-2.9
Light position (normalized): x=0.61, z=0.61
Almost-engaged: False, strategy: none
Person zone: active

=== Engagement at 2026-03-03 13:19:40 ===
Hour: 13, Period: afternoon
Mode: engaged (duration: 0.2s)
Aggression: 0.14
Flow: direction=0.01, x_offset=-2.9
Light position (normalized): x=0.61, z=0.61
Almost-engaged: False, strategy: none
Person zone: active

=== Engagement at 2026-03-03 13:24:14 ===
Hour: 13, Period: afternoon
Mode: flow (duration: 160.0s)
Aggression: 0.09
Flow: direction=0.03, x_offset=-2.1
Light position (normalized): x=0.37, z=0.10
Almost-engaged: False, strategy: none
Person zone: active

=== Engagement at 2026-03-03 13:24:36 ===
Hour: 13, Period: afternoon
Mode: flow (duration: 1.8s)
Aggression: 0.01
Flow: direction=0.19, x_offset=-11.3
Light position (normalized): x=0.24, z=0.30
Almost-engaged: False, strategy: none
Person zone: active

=== Engagement at 2026-03-03 13:24:36 ===
Hour: 13, Period: afternoon
Mode: flow (duration: 1.8s)
Aggression: 0.01
Flow: direction=0.19, x_offset=-11.3
Light position (normalized): x=0.24, z=0.30
Almost-engaged: False, strategy: none
Person zone: active

=== Engagement at 2026-03-03 13:24:40 ===
Hour: 13, Period: afternoon
Mode: engaged (duration: 4.5s)
Aggression: 0.01
Flow: direction=0.32, x_offset=-19.4
Light position (normalized): x=0.22, z=0.11
Almost-engaged: False, strategy: none
Person zone: active

=== Engagement at 2026-03-03 13:25:33 ===
Hour: 13, Period: afternoon
Mode: aware (duration: 43.6s)
Aggression: 0.03
Flow: direction=0.20, x_offset=-12.1
Light position (normalized): x=0.07, z=0.11
Almost-engaged: False, strategy: none
Person zone: active

=== Engagement at 2026-03-03 13:25:33 ===
Hour: 13, Period: afternoon
Mode: aware (duration: 43.6s)
Aggression: 0.03
Flow: direction=0.20, x_offset=-12.1
Light position (normalized): x=0.07, z=0.11
Almost-engaged: False, strategy: none
Person zone: active

=== Engagement at 2026-03-03 13:25:33 ===
Hour: 13, Period: afternoon
Mode: engaged (duration: 0.5s)
Aggression: 0.01
Flow: direction=0.19, x_offset=-11.4
Light position (normalized): x=0.12, z=0.16
Almost-engaged: False, strategy: none
Person zone: active

=== Engagement at 2026-03-03 13:25:33 ===
Hour: 13, Period: afternoon
Mode: engaged (duration: 0.5s)
Aggression: 0.01
Flow: direction=0.19, x_offset=-11.4
Light position (normalized): x=0.12, z=0.16
Almost-engaged: False, strategy: none
Person zone: active

=== Engagement at 2026-03-03 13:26:56 ===
Hour: 13, Period: afternoon
Mode: aware (duration: 25.8s)
Aggression: 0.03
Flow: direction=0.97, x_offset=-58.3
Light position (normalized): x=0.63, z=0.30
Almost-engaged: False, strategy: none
Person zone: active

=== Engagement at 2026-03-03 13:26:56 ===
Hour: 13, Period: afternoon
Mode: aware (duration: 25.8s)
Aggression: 0.03
Flow: direction=0.97, x_offset=-58.3
Light position (normalized): x=0.63, z=0.30
Almost-engaged: False, strategy: none
Person zone: active

=== Engagement at 2026-03-03 13:26:58 ===
Hour: 13, Period: afternoon
Mode: engaged (duration: 2.0s)
Aggression: 0.00
Flow: direction=0.98, x_offset=-59.0
Light position (normalized): x=0.63, z=0.49
Almost-engaged: False, strategy: none
Person zone: active

=== Engagement at 2026-03-03 13:26:58 ===
Hour: 13, Period: afternoon
Mode: engaged (duration: 2.0s)
Aggression: 0.00
Flow: direction=0.98, x_offset=-59.0
Light position (normalized): x=0.63, z=0.49
Almost-engaged: False, strategy: none
Person zone: active

=== Engagement at 2026-03-03 13:28:08 ===
Hour: 13, Period: afternoon
Mode: flow (duration: 58.6s)
Aggression: 0.02
Flow: direction=-0.56, x_offset=33.7
Light position (normalized): x=0.13, z=0.52
Almost-engaged: False, strategy: none
Person zone: active

=== Engagement at 2026-03-03 13:28:08 ===
Hour: 13, Period: afternoon
Mode: flow (duration: 58.6s)
Aggression: 0.02
Flow: direction=-0.56, x_offset=33.7
Light position (normalized): x=0.13, z=0.52
Almost-engaged: False, strategy: none
Person zone: active

=== Engagement at 2026-03-03 13:28:52 ===
Hour: 13, Period: afternoon
Mode: aware (duration: 1.1s)
Aggression: 0.03
Flow: direction=0.55, x_offset=-33.0
Light position (normalized): x=0.56, z=0.27
Almost-engaged: False, strategy: none
Person zone: active

=== Engagement at 2026-03-03 13:28:52 ===
Hour: 13, Period: afternoon
Mode: aware (duration: 1.1s)
Aggression: 0.03
Flow: direction=0.55, x_offset=-33.0
Light position (normalized): x=0.56, z=0.27
Almost-engaged: False, strategy: none
Person zone: active

=== Engagement at 2026-03-03 13:28:52 ===
Hour: 13, Period: afternoon
Mode: aware (duration: 1.5s)
Aggression: 0.01
Flow: direction=0.63, x_offset=-37.8
Light position (normalized): x=0.51, z=0.31
Almost-engaged: False, strategy: none
Person zone: active

=== Engagement at 2026-03-03 13:31:53 ===
Hour: 13, Period: afternoon
Mode: flow (duration: 131.5s)
Aggression: 0.04
Flow: direction=0.75, x_offset=-53.7
Light position (normalized): x=0.75, z=0.54
Almost-engaged: False, strategy: none
Person zone: active

=== Engagement at 2026-03-03 13:32:35 ===
Hour: 13, Period: afternoon
Mode: flow (duration: 29.4s)
Aggression: 0.03
Flow: direction=0.35, x_offset=-20.9
Light position (normalized): x=0.80, z=0.15
Almost-engaged: False, strategy: none
Person zone: active

=== Engagement at 2026-03-03 13:32:35 ===
Hour: 13, Period: afternoon
Mode: engaged (duration: 0.4s)
Aggression: 0.01
Flow: direction=0.43, x_offset=-25.5
Light position (normalized): x=0.90, z=0.18
Almost-engaged: False, strategy: none
Person zone: active

=== Engagement at 2026-03-03 13:32:35 ===
Hour: 13, Period: afternoon
Mode: engaged (duration: 0.4s)
Aggression: 0.01
Flow: direction=0.43, x_offset=-25.5
Light position (normalized): x=0.90, z=0.18
Almost-engaged: False, strategy: none
Person zone: active

=== Engagement at 2026-03-03 13:32:55 ===
Hour: 13, Period: afternoon
Mode: aware (duration: 7.3s)
Aggression: 0.01
Flow: direction=0.97, x_offset=-58.2
Light position (normalized): x=0.05, z=0.37
Almost-engaged: False, strategy: none
Person zone: active

=== Engagement at 2026-03-03 13:34:46 ===
Hour: 13, Period: afternoon
Mode: flow (duration: 42.5s)
Aggression: 0.04
Flow: direction=1.00, x_offset=-60.0
Light position (normalized): x=0.58, z=0.37
Almost-engaged: False, strategy: none
Person zone: active

=== Engagement at 2026-03-03 13:34:48 ===
Hour: 13, Period: afternoon
Mode: engaged (duration: 1.4s)
Aggression: 0.00
Flow: direction=0.97, x_offset=-58.2
Light position (normalized): x=0.87, z=0.26
Almost-engaged: False, strategy: none
Person zone: active

=== Engagement at 2026-03-03 13:34:48 ===
Hour: 13, Period: afternoon
Mode: engaged (duration: 1.4s)
Aggression: 0.00
Flow: direction=0.97, x_offset=-58.2
Light position (normalized): x=0.87, z=0.26
Almost-engaged: False, strategy: none
Person zone: active

=== Engagement at 2026-03-03 13:35:40 ===
Hour: 13, Period: afternoon
Mode: flow (duration: 40.9s)
Aggression: 0.02
Flow: direction=-0.05, x_offset=3.2
Light position (normalized): x=0.57, z=0.17
Almost-engaged: False, strategy: none
Person zone: active

=== Engagement at 2026-03-03 13:36:25 ===
Hour: 13, Period: afternoon
Mode: flow (duration: 9.7s)
Aggression: 0.02
Flow: direction=0.89, x_offset=-53.2
Light position (normalized): x=0.68, z=0.44
Almost-engaged: False, strategy: none
Person zone: active

=== Engagement at 2026-03-03 13:36:25 ===
Hour: 13, Period: afternoon
Mode: flow (duration: 9.7s)
Aggression: 0.02
Flow: direction=0.89, x_offset=-53.2
Light position (normalized): x=0.68, z=0.44
Almost-engaged: False, strategy: none
Person zone: active

=== Engagement at 2026-03-03 13:38:48 ===
Hour: 13, Period: afternoon
Mode: flow (duration: 129.9s)
Aggression: 0.03
Flow: direction=0.60, x_offset=-36.1
Light position (normalized): x=0.39, z=0.48
Almost-engaged: False, strategy: none
Person zone: active

=== Engagement at 2026-03-03 13:38:48 ===
Hour: 13, Period: afternoon
Mode: flow (duration: 129.9s)
Aggression: 0.03
Flow: direction=0.60, x_offset=-36.1
Light position (normalized): x=0.39, z=0.48
Almost-engaged: False, strategy: none
Person zone: active

=== Engagement at 2026-03-03 13:38:52 ===
Hour: 13, Period: afternoon
Mode: engaged (duration: 3.7s)
Aggression: 0.01
Flow: direction=0.24, x_offset=-14.1
Light position (normalized): x=0.54, z=0.35
Almost-engaged: False, strategy: none
Person zone: active

=== Engagement at 2026-03-03 13:39:00 ===
Hour: 13, Period: afternoon
Mode: engaged (duration: 11.0s)
Aggression: 0.01
Flow: direction=-0.07, x_offset=4.1
Light position (normalized): x=0.45, z=0.27
Almost-engaged: False, strategy: none
Person zone: active

=== Engagement at 2026-03-03 13:39:00 ===
Hour: 13, Period: afternoon
Mode: engaged (duration: 11.0s)
Aggression: 0.01
Flow: direction=-0.07, x_offset=4.1
Light position (normalized): x=0.45, z=0.27
Almost-engaged: False, strategy: none
Person zone: active

=== Engagement at 2026-03-03 13:39:00 ===
Hour: 13, Period: afternoon
Mode: engaged (duration: 11.6s)
Aggression: 0.00
Flow: direction=-0.17, x_offset=10.2
Light position (normalized): x=0.51, z=0.32
Almost-engaged: False, strategy: none
Person zone: active

=== Engagement at 2026-03-03 13:40:01 ===
Hour: 13, Period: afternoon
Mode: aware (duration: 54.3s)
Aggression: 0.03
Flow: direction=-0.29, x_offset=17.2
Light position (normalized): x=0.82, z=0.32
Almost-engaged: False, strategy: none
Person zone: active

=== Engagement at 2026-03-03 13:40:01 ===
Hour: 13, Period: afternoon
Mode: aware (duration: 54.3s)
Aggression: 0.03
Flow: direction=-0.29, x_offset=17.2
Light position (normalized): x=0.82, z=0.32
Almost-engaged: False, strategy: none
Person zone: active

=== Engagement at 2026-03-03 13:41:04 ===
Hour: 13, Period: afternoon
Mode: aware (duration: 25.2s)
Aggression: 0.02
Flow: direction=0.04, x_offset=-2.1
Light position (normalized): x=0.07, z=0.37
Almost-engaged: False, strategy: none
Person zone: active

=== Engagement at 2026-03-03 13:41:04 ===
Hour: 13, Period: afternoon
Mode: aware (duration: 25.2s)
Aggression: 0.02
Flow: direction=0.04, x_offset=-2.1
Light position (normalized): x=0.07, z=0.37
Almost-engaged: False, strategy: none
Person zone: active

=== Engagement at 2026-03-03 13:41:12 ===
Hour: 13, Period: afternoon
Mode: engaged (duration: 8.4s)
Aggression: 0.00
Flow: direction=0.46, x_offset=-27.5
Light position (normalized): x=0.31, z=0.07
Almost-engaged: False, strategy: none
Person zone: active

=== Engagement at 2026-03-03 13:41:21 ===
Hour: 13, Period: afternoon
Mode: engaged (duration: 17.8s)
Aggression: 0.01
Flow: direction=-0.17, x_offset=10.2
Light position (normalized): x=0.74, z=0.10
Almost-engaged: False, strategy: none
Person zone: active

=== Engagement at 2026-03-03 13:41:24 ===
Hour: 13, Period: afternoon
Mode: engaged (duration: 20.4s)
Aggression: 0.00
Flow: direction=-0.26, x_offset=15.3
Light position (normalized): x=0.65, z=0.20
Almost-engaged: False, strategy: none
Person zone: active

=== Engagement at 2026-03-03 13:41:37 ===
Hour: 13, Period: afternoon
Mode: aware (duration: 8.2s)
Aggression: 0.00
Flow: direction=-0.50, x_offset=29.9
Light position (normalized): x=0.83, z=0.29
Almost-engaged: False, strategy: none
Person zone: active

=== Engagement at 2026-03-03 13:43:21 ===
Hour: 13, Period: afternoon
Mode: aware (duration: 15.6s)
Aggression: 0.05
Flow: direction=0.16, x_offset=-9.4
Light position (normalized): x=0.13, z=0.42
Almost-engaged: False, strategy: none
Person zone: active

=== Engagement at 2026-03-03 13:43:57 ===
Hour: 13, Period: afternoon
Mode: aware (duration: 23.2s)
Aggression: 0.01
Flow: direction=-1.00, x_offset=59.7
Light position (normalized): x=0.14, z=0.37
Almost-engaged: False, strategy: none
Person zone: active

=== Engagement at 2026-03-03 13:44:45 ===
Hour: 13, Period: afternoon
Mode: flow (duration: 34.3s)
Aggression: 0.02
Flow: direction=0.13, x_offset=-7.7
Light position (normalized): x=0.45, z=0.51
Almost-engaged: False, strategy: none
Person zone: active

=== Engagement at 2026-03-03 13:44:45 ===
Hour: 13, Period: afternoon
Mode: flow (duration: 34.3s)
Aggression: 0.02
Flow: direction=0.13, x_offset=-7.7
Light position (normalized): x=0.45, z=0.51
Almost-engaged: False, strategy: none
Person zone: active

=== Engagement at 2026-03-03 13:45:56 ===
Hour: 13, Period: afternoon
Mode: aware (duration: 58.6s)
Aggression: 0.04
Flow: direction=-0.74, x_offset=44.6
Light position (normalized): x=0.83, z=0.13
Almost-engaged: False, strategy: none
Person zone: active

=== Engagement at 2026-03-03 13:46:15 ===
Hour: 13, Period: afternoon
Mode: aware (duration: 5.3s)
Aggression: 0.02
Flow: direction=-0.42, x_offset=25.0
Light position (normalized): x=0.82, z=0.08
Almost-engaged: False, strategy: none
Person zone: active

=== Engagement at 2026-03-03 13:46:15 ===
Hour: 13, Period: afternoon
Mode: aware (duration: 5.3s)
Aggression: 0.02
Flow: direction=-0.42, x_offset=25.0
Light position (normalized): x=0.82, z=0.08
Almost-engaged: False, strategy: none
Person zone: active

=== Engagement at 2026-03-03 13:46:17 ===
Hour: 13, Period: afternoon
Mode: engaged (duration: 2.7s)
Aggression: 0.00
Flow: direction=-0.38, x_offset=23.1
Light position (normalized): x=0.60, z=0.11
Almost-engaged: False, strategy: none
Person zone: active

=== Engagement at 2026-03-03 13:47:46 ===
Hour: 13, Period: afternoon
Mode: flow (duration: 27.9s)
Aggression: 0.03
Flow: direction=0.54, x_offset=-32.2
Light position (normalized): x=0.52, z=0.59
Almost-engaged: False, strategy: none
Person zone: active

=== Engagement at 2026-03-03 13:47:46 ===
Hour: 13, Period: afternoon
Mode: flow (duration: 27.9s)
Aggression: 0.03
Flow: direction=0.54, x_offset=-32.2
Light position (normalized): x=0.52, z=0.59
Almost-engaged: False, strategy: none
Person zone: active

=== Engagement at 2026-03-03 13:48:48 ===
Hour: 13, Period: afternoon
Mode: aware (duration: 49.7s)
Aggression: 0.04
Flow: direction=0.99, x_offset=-59.3
Light position (normalized): x=0.10, z=0.30
Almost-engaged: False, strategy: none
Person zone: active

=== Engagement at 2026-03-03 13:50:09 ===
Hour: 13, Period: afternoon
Mode: flow (duration: 66.8s)
Aggression: 0.04
Flow: direction=0.37, x_offset=-22.4
Light position (normalized): x=0.72, z=0.50
Almost-engaged: False, strategy: none
Person zone: active

=== Engagement at 2026-03-03 13:51:53 ===
Hour: 13, Period: afternoon
Mode: flow (duration: 39.9s)
Aggression: 0.03
Flow: direction=0.02, x_offset=-0.9
Light position (normalized): x=0.26, z=0.05
Almost-engaged: False, strategy: none
Person zone: active

=== Engagement at 2026-03-03 13:51:56 ===
Hour: 13, Period: afternoon
Mode: engaged (duration: 3.2s)
Aggression: 0.01
Flow: direction=-0.14, x_offset=8.6
Light position (normalized): x=0.87, z=0.12
Almost-engaged: False, strategy: none
Person zone: active

=== Engagement at 2026-03-03 13:52:44 ===
Hour: 13, Period: afternoon
Mode: aware (duration: 4.3s)
Aggression: 0.02
Flow: direction=0.21, x_offset=-12.6
Light position (normalized): x=0.34, z=0.43
Almost-engaged: False, strategy: none
Person zone: active

=== Engagement at 2026-03-03 13:52:44 ===
Hour: 13, Period: afternoon
Mode: aware (duration: 4.3s)
Aggression: 0.02
Flow: direction=0.21, x_offset=-12.6
Light position (normalized): x=0.34, z=0.43
Almost-engaged: False, strategy: none
Person zone: active

=== Engagement at 2026-03-03 13:53:16 ===
Hour: 13, Period: afternoon
Mode: aware (duration: 19.4s)
Aggression: 0.02
Flow: direction=-0.14, x_offset=8.7
Light position (normalized): x=0.79, z=0.34
Almost-engaged: False, strategy: none
Person zone: active

=== Engagement at 2026-03-03 13:53:25 ===
Hour: 13, Period: afternoon
Mode: engaged (duration: 8.9s)
Aggression: 0.01
Flow: direction=0.30, x_offset=-18.2
Light position (normalized): x=0.30, z=0.18
Almost-engaged: False, strategy: none
Person zone: active

=== Engagement at 2026-03-03 13:54:10 ===
Hour: 13, Period: afternoon
Mode: aware (duration: 39.8s)
Aggression: 0.02
Flow: direction=0.70, x_offset=-42.0
Light position (normalized): x=0.04, z=0.38
Almost-engaged: False, strategy: none
Person zone: active

=== Engagement at 2026-03-03 13:57:23 ===
Hour: 13, Period: afternoon
Mode: aware (duration: 20.9s)
Aggression: 0.08
Flow: direction=0.15, x_offset=-7.9
Light position (normalized): x=0.13, z=0.05
Almost-engaged: False, strategy: none
Person zone: active

=== Engagement at 2026-03-03 13:57:39 ===
Hour: 13, Period: afternoon
Mode: aware (duration: 3.1s)
Aggression: 0.01
Flow: direction=0.05, x_offset=-2.9
Light position (normalized): x=0.11, z=0.16
Almost-engaged: False, strategy: none
Person zone: active

=== Engagement at 2026-03-03 14:00:11 ===
Hour: 14, Period: afternoon
Mode: flow (duration: 81.6s)
Aggression: 0.05
Flow: direction=0.47, x_offset=-28.1
Light position (normalized): x=0.44, z=0.13
Almost-engaged: False, strategy: none
Person zone: active

=== Engagement at 2026-03-03 14:00:11 ===
Hour: 14, Period: afternoon
Mode: flow (duration: 81.6s)
Aggression: 0.05
Flow: direction=0.47, x_offset=-28.1
Light position (normalized): x=0.44, z=0.13
Almost-engaged: False, strategy: none
Person zone: active

=== Engagement at 2026-03-03 14:01:40 ===
Hour: 14, Period: afternoon
Mode: flow (duration: 52.8s)
Aggression: 0.03
Flow: direction=-0.85, x_offset=50.9
Light position (normalized): x=0.49, z=0.30
Almost-engaged: False, strategy: none
Person zone: active

=== Engagement at 2026-03-03 14:03:31 ===
Hour: 14, Period: afternoon
Mode: flow (duration: 81.0s)
Aggression: 0.04
Flow: direction=-0.88, x_offset=52.6
Light position (normalized): x=0.33, z=0.36
Almost-engaged: False, strategy: none
Person zone: active

=== Engagement at 2026-03-03 14:03:52 ===
Hour: 14, Period: afternoon
Mode: flow (duration: 8.3s)
Aggression: 0.01
Flow: direction=-0.02, x_offset=1.3
Light position (normalized): x=0.85, z=0.31
Almost-engaged: False, strategy: none
Person zone: active

=== Engagement at 2026-03-03 14:04:12 ===
Hour: 14, Period: afternoon
Mode: flow (duration: 3.4s)
Aggression: 0.01
Flow: direction=0.85, x_offset=-51.2
Light position (normalized): x=0.57, z=0.54
Almost-engaged: False, strategy: none
Person zone: active

=== Engagement at 2026-03-03 14:04:18 ===
Hour: 14, Period: afternoon
Mode: engaged (duration: 6.0s)
Aggression: 0.00
Flow: direction=0.60, x_offset=-36.2
Light position (normalized): x=0.64, z=0.46
Almost-engaged: False, strategy: none
Person zone: active

=== Engagement at 2026-03-03 14:04:18 ===
Hour: 14, Period: afternoon
Mode: engaged (duration: 6.0s)
Aggression: 0.00
Flow: direction=0.60, x_offset=-36.2
Light position (normalized): x=0.64, z=0.46
Almost-engaged: False, strategy: none
Person zone: active

=== Engagement at 2026-03-03 14:06:55 ===
Hour: 14, Period: afternoon
Mode: flow (duration: 51.2s)
Aggression: 0.03
Flow: direction=-0.14, x_offset=8.6
Light position (normalized): x=0.51, z=0.13
Almost-engaged: False, strategy: none
Person zone: active

=== Engagement at 2026-03-03 14:06:55 ===
Hour: 14, Period: afternoon
Mode: flow (duration: 51.2s)
Aggression: 0.03
Flow: direction=-0.14, x_offset=8.6
Light position (normalized): x=0.51, z=0.13
Almost-engaged: False, strategy: none
Person zone: active

=== Engagement at 2026-03-03 14:12:05 ===
Hour: 14, Period: afternoon
Mode: aware (duration: 5.0s)
Aggression: 0.09
Flow: direction=0.25, x_offset=-14.9
Light position (normalized): x=0.31, z=0.08
Almost-engaged: False, strategy: none
Person zone: active

=== Engagement at 2026-03-03 14:12:39 ===
Hour: 14, Period: afternoon
Mode: aware (duration: 21.1s)
Aggression: 0.01
Flow: direction=-0.93, x_offset=56.1
Light position (normalized): x=0.79, z=0.50
Almost-engaged: False, strategy: none
Person zone: active

=== Engagement at 2026-03-03 14:12:39 ===
Hour: 14, Period: afternoon
Mode: aware (duration: 21.1s)
Aggression: 0.01
Flow: direction=-0.93, x_offset=56.1
Light position (normalized): x=0.79, z=0.50
Almost-engaged: False, strategy: none
Person zone: active

=== Engagement at 2026-03-03 14:12:40 ===
Hour: 14, Period: afternoon
Mode: engaged (duration: 1.0s)
Aggression: 0.00
Flow: direction=-0.93, x_offset=56.1
Light position (normalized): x=0.90, z=0.57
Almost-engaged: False, strategy: none
Person zone: active

=== Engagement at 2026-03-03 14:12:40 ===
Hour: 14, Period: afternoon
Mode: engaged (duration: 1.0s)
Aggression: 0.00
Flow: direction=-0.93, x_offset=56.1
Light position (normalized): x=0.90, z=0.57
Almost-engaged: False, strategy: none
Person zone: active

=== Engagement at 2026-03-03 14:13:22 ===
Hour: 14, Period: afternoon
Mode: aware (duration: 29.7s)
Aggression: 0.02
Flow: direction=-0.12, x_offset=7.1
Light position (normalized): x=0.87, z=0.29
Almost-engaged: False, strategy: none
Person zone: active

=== Engagement at 2026-03-03 14:13:22 ===
Hour: 14, Period: afternoon
Mode: aware (duration: 29.7s)
Aggression: 0.02
Flow: direction=-0.12, x_offset=7.1
Light position (normalized): x=0.87, z=0.29
Almost-engaged: False, strategy: none
Person zone: active

=== Engagement at 2026-03-03 14:13:31 ===
Hour: 14, Period: afternoon
Mode: engaged (duration: 9.5s)
Aggression: 0.01
Flow: direction=-0.38, x_offset=22.8
Light position (normalized): x=0.47, z=0.47
Almost-engaged: False, strategy: none
Person zone: active

=== Engagement at 2026-03-03 14:13:31 ===
Hour: 14, Period: afternoon
Mode: engaged (duration: 9.5s)
Aggression: 0.01
Flow: direction=-0.38, x_offset=22.8
Light position (normalized): x=0.47, z=0.47
Almost-engaged: False, strategy: none
Person zone: active

=== Engagement at 2026-03-03 14:15:13 ===
Hour: 14, Period: afternoon
Mode: flow (duration: 29.1s)
Aggression: 0.04
Flow: direction=0.60, x_offset=-36.2
Light position (normalized): x=0.13, z=0.53
Almost-engaged: False, strategy: none
Person zone: active

=== Engagement at 2026-03-03 14:15:13 ===
Hour: 14, Period: afternoon
Mode: flow (duration: 29.1s)
Aggression: 0.04
Flow: direction=0.60, x_offset=-36.2
Light position (normalized): x=0.13, z=0.53
Almost-engaged: False, strategy: none
Person zone: active

=== Engagement at 2026-03-03 14:15:57 ===
Hour: 14, Period: afternoon
Mode: aware (duration: 3.3s)
Aggression: 0.04
Flow: direction=0.58, x_offset=-34.7
Light position (normalized): x=0.41, z=0.41
Almost-engaged: False, strategy: none
Person zone: active

=== Engagement at 2026-03-03 14:16:57 ===
Hour: 14, Period: afternoon
Mode: aware (duration: 46.6s)
Aggression: 0.01
Flow: direction=-0.98, x_offset=59.0
Light position (normalized): x=0.14, z=0.24
Almost-engaged: False, strategy: none
Person zone: active

=== Engagement at 2026-03-03 14:17:40 ===
Hour: 14, Period: afternoon
Mode: flow (duration: 30.4s)
Aggression: 0.01
Flow: direction=-0.79, x_offset=47.5
Light position (normalized): x=0.63, z=0.56
Almost-engaged: False, strategy: none
Person zone: active

=== Engagement at 2026-03-03 14:19:36 ===
Hour: 14, Period: afternoon
Mode: flow (duration: 27.7s)
Aggression: 0.06
Flow: direction=-0.01, x_offset=0.3
Light position (normalized): x=0.33, z=0.57
Almost-engaged: False, strategy: none
Person zone: active

=== Engagement at 2026-03-03 14:19:36 ===
Hour: 14, Period: afternoon
Mode: engaged (duration: 0.7s)
Aggression: 0.01
Flow: direction=0.09, x_offset=-5.3
Light position (normalized): x=0.87, z=0.59
Almost-engaged: False, strategy: none
Person zone: active

=== Engagement at 2026-03-03 14:21:31 ===
Hour: 14, Period: afternoon
Mode: flow (duration: 56.4s)
Aggression: 0.04
Flow: direction=-0.29, x_offset=17.6
Light position (normalized): x=0.63, z=0.41
Almost-engaged: False, strategy: none
Person zone: active

=== Engagement at 2026-03-03 14:22:43 ===
Hour: 14, Period: afternoon
Mode: flow (duration: 37.4s)
Aggression: 0.02
Flow: direction=-0.16, x_offset=4.3
Light position (normalized): x=0.50, z=0.43
Almost-engaged: False, strategy: none
Person zone: active

=== Engagement at 2026-03-03 14:22:43 ===
Hour: 14, Period: afternoon
Mode: flow (duration: 37.4s)
Aggression: 0.02
Flow: direction=-0.16, x_offset=4.3
Light position (normalized): x=0.50, z=0.43
Almost-engaged: False, strategy: none
Person zone: active

=== Engagement at 2026-03-03 14:22:50 ===
Hour: 14, Period: afternoon
Mode: engaged (duration: 7.1s)
Aggression: 0.00
Flow: direction=0.66, x_offset=-39.8
Light position (normalized): x=0.53, z=0.14
Almost-engaged: False, strategy: none
Person zone: active

=== Engagement at 2026-03-03 14:22:50 ===
Hour: 14, Period: afternoon
Mode: engaged (duration: 7.1s)
Aggression: 0.00
Flow: direction=0.66, x_offset=-39.8
Light position (normalized): x=0.53, z=0.14
Almost-engaged: False, strategy: none
Person zone: active

=== Engagement at 2026-03-03 14:30:44 ===
Hour: 14, Period: afternoon
Mode: flow (duration: 92.0s)
Aggression: 0.10
Flow: direction=0.99, x_offset=-59.4
Light position (normalized): x=0.34, z=0.39
Almost-engaged: False, strategy: none
Person zone: active

=== Engagement at 2026-03-03 14:32:33 ===
Hour: 14, Period: afternoon
Mode: aware (duration: 9.6s)
Aggression: 0.06
Flow: direction=-0.28, x_offset=17.0
Light position (normalized): x=0.69, z=0.21
Almost-engaged: False, strategy: none
Person zone: active

=== Engagement at 2026-03-03 14:33:35 ===
Hour: 14, Period: afternoon
Mode: flow (duration: 4.1s)
Aggression: 0.02
Flow: direction=0.56, x_offset=-33.4
Light position (normalized): x=0.24, z=0.54
Almost-engaged: False, strategy: none
Person zone: active

=== Engagement at 2026-03-03 14:33:35 ===
Hour: 14, Period: afternoon
Mode: flow (duration: 4.1s)
Aggression: 0.02
Flow: direction=0.56, x_offset=-33.4
Light position (normalized): x=0.24, z=0.54
Almost-engaged: False, strategy: none
Person zone: active

=== Engagement at 2026-03-03 14:35:02 ===
Hour: 14, Period: afternoon
Mode: flow (duration: 73.6s)
Aggression: 0.03
Flow: direction=0.62, x_offset=-37.1
Light position (normalized): x=0.22, z=0.31
Almost-engaged: False, strategy: none
Person zone: active

=== Engagement at 2026-03-03 14:35:02 ===
Hour: 14, Period: afternoon
Mode: flow (duration: 73.6s)
Aggression: 0.03
Flow: direction=0.62, x_offset=-37.1
Light position (normalized): x=0.22, z=0.31
Almost-engaged: False, strategy: none
Person zone: active

=== Engagement at 2026-03-03 14:35:07 ===
Hour: 14, Period: afternoon
Mode: engaged (duration: 5.1s)
Aggression: 0.01
Flow: direction=0.45, x_offset=-27.2
Light position (normalized): x=0.09, z=0.24
Almost-engaged: False, strategy: none
Person zone: active

=== Engagement at 2026-03-03 14:35:07 ===
Hour: 14, Period: afternoon
Mode: engaged (duration: 5.1s)
Aggression: 0.01
Flow: direction=0.45, x_offset=-27.2
Light position (normalized): x=0.09, z=0.24
Almost-engaged: False, strategy: none
Person zone: active

=== Engagement at 2026-03-03 14:35:56 ===
Hour: 14, Period: afternoon
Mode: aware (duration: 40.9s)
Aggression: 0.02
Flow: direction=-0.15, x_offset=9.0
Light position (normalized): x=0.18, z=0.26
Almost-engaged: False, strategy: none
Person zone: active

=== Engagement at 2026-03-03 14:35:56 ===
Hour: 14, Period: afternoon
Mode: aware (duration: 40.9s)
Aggression: 0.02
Flow: direction=-0.15, x_offset=9.0
Light position (normalized): x=0.18, z=0.26
Almost-engaged: False, strategy: none
Person zone: active

=== Engagement at 2026-03-03 14:40:00 ===
Hour: 14, Period: afternoon
Mode: aware (duration: 26.2s)
Aggression: 0.08
Flow: direction=0.25, x_offset=-14.8
Light position (normalized): x=0.04, z=0.16
Almost-engaged: False, strategy: none
Person zone: active

=== Engagement at 2026-03-03 14:40:00 ===
Hour: 14, Period: afternoon
Mode: aware (duration: 26.2s)
Aggression: 0.08
Flow: direction=0.25, x_offset=-14.8
Light position (normalized): x=0.04, z=0.16
Almost-engaged: False, strategy: none
Person zone: active

=== Engagement at 2026-03-03 14:43:31 ===
Hour: 14, Period: afternoon
Mode: flow (duration: 19.0s)
Aggression: 0.07
Flow: direction=0.36, x_offset=-21.4
Light position (normalized): x=0.47, z=0.14
Almost-engaged: False, strategy: none
Person zone: active

=== Engagement at 2026-03-03 14:43:43 ===
Hour: 14, Period: afternoon
Mode: engaged (duration: 11.5s)
Aggression: 0.01
Flow: direction=0.44, x_offset=-26.5
Light position (normalized): x=0.69, z=0.39
Almost-engaged: False, strategy: none
Person zone: active

=== Engagement at 2026-03-03 14:47:16 ===
Hour: 14, Period: afternoon
Mode: aware (duration: 4.2s)
Aggression: 0.09
Flow: direction=0.43, x_offset=-25.7
Light position (normalized): x=0.65, z=0.47
Almost-engaged: False, strategy: none
Person zone: active

=== Engagement at 2026-03-03 14:47:50 ===
Hour: 14, Period: afternoon
Mode: aware (duration: 20.8s)
Aggression: 0.02
Flow: direction=0.85, x_offset=-51.3
Light position (normalized): x=0.64, z=0.31
Almost-engaged: False, strategy: none
Person zone: active

=== Engagement at 2026-03-03 14:48:38 ===
Hour: 14, Period: afternoon
Mode: flow (duration: 6.5s)
Aggression: 0.02
Flow: direction=0.89, x_offset=-53.5
Light position (normalized): x=0.65, z=0.49
Almost-engaged: False, strategy: none
Person zone: active

=== Engagement at 2026-03-03 14:52:38 ===
Hour: 14, Period: afternoon
Mode: flow (duration: 37.5s)
Aggression: 0.09
Flow: direction=-0.73, x_offset=43.9
Light position (normalized): x=0.59, z=0.29
Almost-engaged: False, strategy: none
Person zone: active

=== Engagement at 2026-03-03 14:52:38 ===
Hour: 14, Period: afternoon
Mode: engaged (duration: 0.6s)
Aggression: 0.01
Flow: direction=-0.73, x_offset=43.9
Light position (normalized): x=0.90, z=0.16
Almost-engaged: False, strategy: none
Person zone: active

=== Engagement at 2026-03-03 14:52:38 ===
Hour: 14, Period: afternoon
Mode: engaged (duration: 0.6s)
Aggression: 0.01
Flow: direction=-0.73, x_offset=43.9
Light position (normalized): x=0.90, z=0.16
Almost-engaged: False, strategy: none
Person zone: active

=== Engagement at 2026-03-03 14:53:22 ===
Hour: 14, Period: afternoon
Mode: aware (duration: 31.0s)
Aggression: 0.02
Flow: direction=-0.53, x_offset=32.1
Light position (normalized): x=0.82, z=0.43
Almost-engaged: False, strategy: none
Person zone: active

=== Engagement at 2026-03-03 14:56:54 ===
Hour: 14, Period: afternoon
Mode: flow (duration: 53.9s)
Aggression: 0.08
Flow: direction=-0.59, x_offset=35.4
Light position (normalized): x=0.37, z=0.27
Almost-engaged: False, strategy: none
Person zone: active

=== Engagement at 2026-03-03 14:57:14 ===
Hour: 14, Period: afternoon
Mode: aware (duration: 7.0s)
Aggression: 0.02
Flow: direction=0.22, x_offset=-13.1
Light position (normalized): x=0.52, z=0.13
Almost-engaged: False, strategy: none
Person zone: active

=== Engagement at 2026-03-03 14:57:41 ===
Hour: 14, Period: afternoon
Mode: aware (duration: 13.8s)
Aggression: 0.01
Flow: direction=0.56, x_offset=-33.4
Light position (normalized): x=0.08, z=0.48
Almost-engaged: False, strategy: none
Person zone: active

=== Engagement at 2026-03-03 14:57:41 ===
Hour: 14, Period: afternoon
Mode: aware (duration: 13.8s)
Aggression: 0.01
Flow: direction=0.56, x_offset=-33.4
Light position (normalized): x=0.08, z=0.48
Almost-engaged: False, strategy: none
Person zone: active

=== Engagement at 2026-03-03 14:57:46 ===
Hour: 14, Period: afternoon
Mode: engaged (duration: 4.9s)
Aggression: 0.00
Flow: direction=0.62, x_offset=-37.2
Light position (normalized): x=0.32, z=0.51
Almost-engaged: False, strategy: none
Person zone: active

=== Engagement at 2026-03-03 15:01:25 ===
Hour: 15, Period: afternoon
Mode: aware (duration: 10.7s)
Aggression: 0.07
Flow: direction=0.97, x_offset=-57.9
Light position (normalized): x=0.46, z=0.42
Almost-engaged: False, strategy: none
Person zone: active

=== Engagement at 2026-03-03 15:01:56 ===
Hour: 15, Period: afternoon
Mode: aware (duration: 18.5s)
Aggression: 0.02
Flow: direction=0.50, x_offset=-30.2
Light position (normalized): x=0.37, z=0.36
Almost-engaged: False, strategy: none
Person zone: active

=== Engagement at 2026-03-03 15:01:56 ===
Hour: 15, Period: afternoon
Mode: aware (duration: 18.5s)
Aggression: 0.02
Flow: direction=0.50, x_offset=-30.2
Light position (normalized): x=0.37, z=0.36
Almost-engaged: False, strategy: none
Person zone: active

=== Engagement at 2026-03-03 15:02:03 ===
Hour: 15, Period: afternoon
Mode: engaged (duration: 6.6s)
Aggression: 0.02
Flow: direction=0.55, x_offset=-33.2
Light position (normalized): x=0.53, z=0.31
Almost-engaged: False, strategy: none
Person zone: active

=== Engagement at 2026-03-03 15:02:03 ===
Hour: 15, Period: afternoon
Mode: engaged (duration: 6.7s)
Aggression: 0.01
Flow: direction=0.55, x_offset=-33.2
Light position (normalized): x=0.55, z=0.29
Almost-engaged: False, strategy: none
Person zone: active

=== Engagement at 2026-03-03 15:02:03 ===
Hour: 15, Period: afternoon
Mode: engaged (duration: 6.7s)
Aggression: 0.01
Flow: direction=0.55, x_offset=-33.2
Light position (normalized): x=0.55, z=0.29
Almost-engaged: False, strategy: none
Person zone: active

=== Engagement at 2026-03-03 15:02:43 ===
Hour: 15, Period: afternoon
Mode: aware (duration: 33.2s)
Aggression: 0.02
Flow: direction=-0.55, x_offset=32.9
Light position (normalized): x=0.08, z=0.31
Almost-engaged: False, strategy: none
Person zone: active

=== Engagement at 2026-03-03 15:02:43 ===
Hour: 15, Period: afternoon
Mode: aware (duration: 33.2s)
Aggression: 0.02
Flow: direction=-0.55, x_offset=32.9
Light position (normalized): x=0.08, z=0.31
Almost-engaged: False, strategy: none
Person zone: active

=== Engagement at 2026-03-03 15:03:56 ===
Hour: 15, Period: afternoon
Mode: aware (duration: 59.8s)
Aggression: 0.05
Flow: direction=0.01, x_offset=-0.4
Light position (normalized): x=0.34, z=0.45
Almost-engaged: False, strategy: none
Person zone: active

=== Engagement at 2026-03-03 15:04:42 ===
Hour: 15, Period: afternoon
Mode: aware (duration: 33.6s)
Aggression: 0.02
Flow: direction=0.65, x_offset=-39.1
Light position (normalized): x=0.08, z=0.20
Almost-engaged: False, strategy: none
Person zone: active

=== Engagement at 2026-03-03 15:05:19 ===
Hour: 15, Period: afternoon
Mode: aware (duration: 23.2s)
Aggression: 0.02
Flow: direction=0.81, x_offset=-48.5
Light position (normalized): x=0.30, z=0.30
Almost-engaged: False, strategy: none
Person zone: active

=== Engagement at 2026-03-03 15:05:19 ===
Hour: 15, Period: afternoon
Mode: aware (duration: 23.2s)
Aggression: 0.02
Flow: direction=0.81, x_offset=-48.5
Light position (normalized): x=0.30, z=0.30
Almost-engaged: False, strategy: none
Person zone: active

=== Engagement at 2026-03-03 15:07:16 ===
Hour: 15, Period: afternoon
Mode: flow (duration: 82.0s)
Aggression: 0.04
Flow: direction=-0.87, x_offset=52.2
Light position (normalized): x=0.41, z=0.12
Almost-engaged: False, strategy: none
Person zone: active

=== Engagement at 2026-03-03 15:07:16 ===
Hour: 15, Period: afternoon
Mode: flow (duration: 82.0s)
Aggression: 0.04
Flow: direction=-0.87, x_offset=52.2
Light position (normalized): x=0.41, z=0.12
Almost-engaged: False, strategy: none
Person zone: active

=== Engagement at 2026-03-03 15:08:05 ===
Hour: 15, Period: afternoon
Mode: aware (duration: 35.2s)
Aggression: 0.04
Flow: direction=0.78, x_offset=-46.8
Light position (normalized): x=0.65, z=0.56
Almost-engaged: False, strategy: none
Person zone: active

=== Engagement at 2026-03-03 15:11:48 ===
Hour: 15, Period: afternoon
Mode: aware (duration: 27.1s)
Aggression: 0.09
Flow: direction=-0.18, x_offset=10.9
Light position (normalized): x=0.12, z=0.28
Almost-engaged: False, strategy: none
Person zone: active

=== Engagement at 2026-03-03 15:11:48 ===
Hour: 15, Period: afternoon
Mode: aware (duration: 27.1s)
Aggression: 0.09
Flow: direction=-0.18, x_offset=10.9
Light position (normalized): x=0.12, z=0.28
Almost-engaged: False, strategy: none
Person zone: active

=== Engagement at 2026-03-03 15:13:34 ===
Hour: 15, Period: afternoon
Mode: flow (duration: 20.1s)
Aggression: 0.05
Flow: direction=0.94, x_offset=-56.3
Light position (normalized): x=0.37, z=0.29
Almost-engaged: False, strategy: none
Person zone: active

=== Engagement at 2026-03-03 15:13:47 ===
Hour: 15, Period: afternoon
Mode: aware (duration: 0.4s)
Aggression: 0.01
Flow: direction=0.41, x_offset=-24.7
Light position (normalized): x=0.43, z=0.06
Almost-engaged: False, strategy: none
Person zone: active

=== Engagement at 2026-03-03 15:13:47 ===
Hour: 15, Period: afternoon
Mode: aware (duration: 0.4s)
Aggression: 0.01
Flow: direction=0.41, x_offset=-24.7
Light position (normalized): x=0.43, z=0.06
Almost-engaged: False, strategy: none
Person zone: active

=== Engagement at 2026-03-03 15:14:01 ===
Hour: 15, Period: afternoon
Mode: aware (duration: 14.4s)
Aggression: 0.01
Flow: direction=-0.10, x_offset=5.9
Light position (normalized): x=0.14, z=0.22
Almost-engaged: False, strategy: none
Person zone: active

=== Engagement at 2026-03-03 15:15:17 ===
Hour: 15, Period: afternoon
Mode: idle (duration: 3.8s)
Aggression: 0.02
Flow: direction=0.60, x_offset=-35.9
Light position (normalized): x=0.78, z=0.27
Almost-engaged: False, strategy: none
Person zone: active

=== Engagement at 2026-03-03 15:15:18 ===
Hour: 15, Period: afternoon
Mode: engaged (duration: 1.1s)
Aggression: 0.00
Flow: direction=0.70, x_offset=-41.8
Light position (normalized): x=0.85, z=0.18
Almost-engaged: False, strategy: none
Person zone: active

=== Engagement at 2026-03-03 15:15:18 ===
Hour: 15, Period: afternoon
Mode: engaged (duration: 1.1s)
Aggression: 0.00
Flow: direction=0.70, x_offset=-41.8
Light position (normalized): x=0.85, z=0.18
Almost-engaged: False, strategy: none
Person zone: active

=== Engagement at 2026-03-03 15:16:43 ===
Hour: 15, Period: afternoon
Mode: flow (duration: 15.9s)
Aggression: 0.04
Flow: direction=1.00, x_offset=-60.0
Light position (normalized): x=0.49, z=0.26
Almost-engaged: False, strategy: none
Person zone: active

=== Engagement at 2026-03-03 15:16:57 ===
Hour: 15, Period: afternoon
Mode: flow (duration: 29.8s)
Aggression: 0.05
Flow: direction=0.80, x_offset=-48.0
Light position (normalized): x=0.52, z=0.49
Almost-engaged: False, strategy: none
Person zone: active

=== Engagement at 2026-03-03 15:19:21 ===
Hour: 15, Period: afternoon
Mode: aware (duration: 130.8s)
Aggression: 0.08
Flow: direction=0.84, x_offset=-50.6
Light position (normalized): x=0.44, z=0.40
Almost-engaged: False, strategy: none
Person zone: active

=== Engagement at 2026-03-03 15:20:15 ===
Hour: 15, Period: afternoon
Mode: flow (duration: 17.1s)
Aggression: 0.01
Flow: direction=0.96, x_offset=-57.8
Light position (normalized): x=0.24, z=0.21
Almost-engaged: False, strategy: none
Person zone: active

=== Engagement at 2026-03-03 15:20:54 ===
Hour: 15, Period: afternoon
Mode: flow (duration: 26.5s)
Aggression: 0.02
Flow: direction=-0.36, x_offset=10.4
Light position (normalized): x=0.64, z=0.29
Almost-engaged: False, strategy: none
Person zone: active

=== Engagement at 2026-03-03 15:22:05 ===
Hour: 15, Period: afternoon
Mode: flow (duration: 0.4s)
Aggression: 0.03
Flow: direction=0.05, x_offset=-17.5
Light position (normalized): x=0.13, z=0.28
Almost-engaged: False, strategy: none
Person zone: active

=== Engagement at 2026-03-03 15:22:38 ===
Hour: 15, Period: afternoon
Mode: idle (duration: 12.3s)
Aggression: 0.01
Flow: direction=0.96, x_offset=-57.5
Light position (normalized): x=0.49, z=0.20
Almost-engaged: False, strategy: none
Person zone: active

=== Engagement at 2026-03-03 15:22:38 ===
Hour: 15, Period: afternoon
Mode: idle (duration: 12.3s)
Aggression: 0.01
Flow: direction=0.96, x_offset=-57.5
Light position (normalized): x=0.49, z=0.20
Almost-engaged: False, strategy: none
Person zone: active

=== Engagement at 2026-03-03 15:22:51 ===
Hour: 15, Period: afternoon
Mode: flow (duration: 0.0s)
Aggression: 0.00
Flow: direction=0.99, x_offset=-59.3
Light position (normalized): x=0.50, z=0.30
Almost-engaged: False, strategy: none
Person zone: active

=== Engagement at 2026-03-03 15:23:06 ===
Hour: 15, Period: afternoon
Mode: flow (duration: 14.5s)
Aggression: 0.01
Flow: direction=0.99, x_offset=-59.5
Light position (normalized): x=0.31, z=0.09
Almost-engaged: False, strategy: none
Person zone: active

=== Engagement at 2026-03-03 15:23:06 ===
Hour: 15, Period: afternoon
Mode: flow (duration: 14.5s)
Aggression: 0.01
Flow: direction=0.99, x_offset=-59.5
Light position (normalized): x=0.31, z=0.09
Almost-engaged: False, strategy: none
Person zone: active

=== Engagement at 2026-03-03 15:23:24 ===
Hour: 15, Period: afternoon
Mode: aware (duration: 5.5s)
Aggression: 0.01
Flow: direction=0.30, x_offset=-18.0
Light position (normalized): x=0.12, z=0.62
Almost-engaged: False, strategy: none
Person zone: active

=== Engagement at 2026-03-03 15:24:43 ===
Hour: 15, Period: afternoon
Mode: flow (duration: 4.8s)
Aggression: 0.02
Flow: direction=1.00, x_offset=-59.9
Light position (normalized): x=0.66, z=0.27
Almost-engaged: False, strategy: none
Person zone: active

=== Engagement at 2026-03-03 15:24:50 ===
Hour: 15, Period: afternoon
Mode: engaged (duration: 7.3s)
Aggression: 0.01
Flow: direction=0.97, x_offset=-58.2
Light position (normalized): x=0.13, z=0.59
Almost-engaged: False, strategy: none
Person zone: active

=== Engagement at 2026-03-03 15:24:50 ===
Hour: 15, Period: afternoon
Mode: engaged (duration: 7.3s)
Aggression: 0.01
Flow: direction=0.97, x_offset=-58.2
Light position (normalized): x=0.13, z=0.59
Almost-engaged: False, strategy: none
Person zone: active

=== Engagement at 2026-03-03 15:24:51 ===
Hour: 15, Period: afternoon
Mode: engaged (duration: 7.8s)
Aggression: 0.00
Flow: direction=0.97, x_offset=-58.2
Light position (normalized): x=0.07, z=0.63
Almost-engaged: False, strategy: none
Person zone: active

=== Engagement at 2026-03-03 15:24:52 ===
Hour: 15, Period: afternoon
Mode: engaged (duration: 8.7s)
Aggression: 0.00
Flow: direction=0.89, x_offset=-53.6
Light position (normalized): x=0.06, z=0.62
Almost-engaged: False, strategy: none
Person zone: active

=== Engagement at 2026-03-03 15:25:16 ===
Hour: 15, Period: afternoon
Mode: aware (duration: 18.4s)
Aggression: 0.01
Flow: direction=0.38, x_offset=-22.5
Light position (normalized): x=0.30, z=0.40
Almost-engaged: False, strategy: none
Person zone: active

=== Engagement at 2026-03-03 15:26:21 ===
Hour: 15, Period: afternoon
Mode: flow (duration: 22.1s)
Aggression: 0.03
Flow: direction=0.44, x_offset=-26.6
Light position (normalized): x=0.37, z=0.12
Almost-engaged: False, strategy: none
Person zone: active

=== Engagement at 2026-03-03 15:28:24 ===
Hour: 15, Period: afternoon
Mode: flow (duration: 35.6s)
Aggression: 0.07
Flow: direction=0.82, x_offset=-49.1
Light position (normalized): x=0.81, z=0.19
Almost-engaged: False, strategy: none
Person zone: active

=== Engagement at 2026-03-03 15:28:40 ===
Hour: 15, Period: afternoon
Mode: aware (duration: 2.4s)
Aggression: 0.01
Flow: direction=0.78, x_offset=-46.8
Light position (normalized): x=0.60, z=0.41
Almost-engaged: False, strategy: none
Person zone: active

=== Engagement at 2026-03-03 15:28:40 ===
Hour: 15, Period: afternoon
Mode: aware (duration: 2.4s)
Aggression: 0.01
Flow: direction=0.78, x_offset=-46.8
Light position (normalized): x=0.60, z=0.41
Almost-engaged: False, strategy: none
Person zone: active

=== Engagement at 2026-03-03 15:28:41 ===
Hour: 15, Period: afternoon
Mode: engaged (duration: 0.4s)
Aggression: 0.00
Flow: direction=0.78, x_offset=-46.8
Light position (normalized): x=0.73, z=0.53
Almost-engaged: False, strategy: none
Person zone: active

=== Engagement at 2026-03-03 15:28:43 ===
Hour: 15, Period: afternoon
Mode: engaged (duration: 2.5s)
Aggression: 0.00
Flow: direction=0.76, x_offset=-45.4
Light position (normalized): x=0.69, z=0.21
Almost-engaged: False, strategy: none
Person zone: active

=== Engagement at 2026-03-03 15:28:43 ===
Hour: 15, Period: afternoon
Mode: engaged (duration: 2.5s)
Aggression: 0.00
Flow: direction=0.76, x_offset=-45.4
Light position (normalized): x=0.69, z=0.21
Almost-engaged: False, strategy: none
Person zone: active

=== Engagement at 2026-03-03 15:28:57 ===
Hour: 15, Period: afternoon
Mode: aware (duration: 3.8s)
Aggression: 0.02
Flow: direction=0.35, x_offset=-20.7
Light position (normalized): x=0.55, z=0.37
Almost-engaged: False, strategy: none
Person zone: active

=== Engagement at 2026-03-03 15:30:30 ===
Hour: 15, Period: afternoon
Mode: aware (duration: 0.6s)
Aggression: 0.05
Flow: direction=0.38, x_offset=-22.6
Light position (normalized): x=0.38, z=0.30
Almost-engaged: False, strategy: none
Person zone: active

=== Engagement at 2026-03-03 15:30:53 ===
Hour: 15, Period: afternoon
Mode: aware (duration: 23.1s)
Aggression: 0.01
Flow: direction=0.24, x_offset=-14.2
Light position (normalized): x=0.18, z=0.29
Almost-engaged: False, strategy: none
Person zone: active

=== Engagement at 2026-03-03 15:32:50 ===
Hour: 15, Period: afternoon
Mode: aware (duration: 25.5s)
Aggression: 0.07
Flow: direction=0.92, x_offset=-55.3
Light position (normalized): x=0.34, z=0.32
Almost-engaged: False, strategy: none
Person zone: active

=== Engagement at 2026-03-03 15:34:13 ===
Hour: 15, Period: afternoon
Mode: aware (duration: 3.4s)
Aggression: 0.05
Flow: direction=0.75, x_offset=-44.9
Light position (normalized): x=0.21, z=0.16
Almost-engaged: False, strategy: none
Person zone: active

=== Engagement at 2026-03-03 15:34:15 ===
Hour: 15, Period: afternoon
Mode: engaged (duration: 2.0s)
Aggression: 0.00
Flow: direction=0.85, x_offset=-50.8
Light position (normalized): x=0.57, z=0.16
Almost-engaged: False, strategy: none
Person zone: active

=== Engagement at 2026-03-03 15:36:46 ===
Hour: 15, Period: afternoon
Mode: aware (duration: 34.9s)
Aggression: 0.08
Flow: direction=0.89, x_offset=-53.4
Light position (normalized): x=0.56, z=0.33
Almost-engaged: False, strategy: none
Person zone: active

=== Engagement at 2026-03-03 15:37:20 ===
Hour: 15, Period: afternoon
Mode: aware (duration: 21.2s)
Aggression: 0.01
Flow: direction=0.30, x_offset=-17.7
Light position (normalized): x=0.24, z=0.49
Almost-engaged: False, strategy: none
Person zone: active

=== Engagement at 2026-03-03 15:37:20 ===
Hour: 15, Period: afternoon
Mode: aware (duration: 21.2s)
Aggression: 0.01
Flow: direction=0.30, x_offset=-17.7
Light position (normalized): x=0.24, z=0.49
Almost-engaged: False, strategy: none
Person zone: active

=== Engagement at 2026-03-03 15:37:25 ===
Hour: 15, Period: afternoon
Mode: engaged (duration: 4.6s)
Aggression: 0.00
Flow: direction=0.60, x_offset=-36.0
Light position (normalized): x=0.74, z=0.36
Almost-engaged: False, strategy: none
Person zone: active

=== Engagement at 2026-03-03 15:37:45 ===
Hour: 15, Period: afternoon
Mode: flow (duration: 7.6s)
Aggression: 0.01
Flow: direction=0.61, x_offset=-36.4
Light position (normalized): x=0.55, z=0.37
Almost-engaged: False, strategy: none
Person zone: active

=== Engagement at 2026-03-03 15:38:39 ===
Hour: 15, Period: afternoon
Mode: flow (duration: 5.3s)
Aggression: 0.03
Flow: direction=0.92, x_offset=-55.2
Light position (normalized): x=0.34, z=0.32
Almost-engaged: False, strategy: none
Person zone: active

=== Engagement at 2026-03-03 15:38:40 ===
Hour: 15, Period: afternoon
Mode: engaged (duration: 0.7s)
Aggression: 0.00
Flow: direction=0.90, x_offset=-53.8
Light position (normalized): x=0.48, z=0.37
Almost-engaged: False, strategy: none
Person zone: active

=== Engagement at 2026-03-03 15:38:40 ===
Hour: 15, Period: afternoon
Mode: engaged (duration: 0.7s)
Aggression: 0.00
Flow: direction=0.90, x_offset=-53.8
Light position (normalized): x=0.48, z=0.37
Almost-engaged: False, strategy: none
Person zone: active

=== Engagement at 2026-03-03 15:40:20 ===
Hour: 15, Period: afternoon
Mode: aware (duration: 15.3s)
Aggression: 0.05
Flow: direction=0.90, x_offset=-54.3
Light position (normalized): x=0.29, z=0.19
Almost-engaged: False, strategy: none
Person zone: active

=== Engagement at 2026-03-03 15:40:25 ===
Hour: 15, Period: afternoon
Mode: engaged (duration: 4.5s)
Aggression: 0.01
Flow: direction=0.91, x_offset=-54.5
Light position (normalized): x=0.50, z=0.06
Almost-engaged: False, strategy: none
Person zone: active

=== Engagement at 2026-03-03 15:42:24 ===
Hour: 15, Period: afternoon
Mode: aware (duration: 109.9s)
Aggression: 0.07
Flow: direction=0.63, x_offset=-37.6
Light position (normalized): x=0.14, z=0.31
Almost-engaged: False, strategy: none
Person zone: active

=== Engagement at 2026-03-03 15:42:24 ===
Hour: 15, Period: afternoon
Mode: aware (duration: 109.9s)
Aggression: 0.07
Flow: direction=0.63, x_offset=-37.6
Light position (normalized): x=0.14, z=0.31
Almost-engaged: False, strategy: none
Person zone: active

=== Engagement at 2026-03-03 15:43:26 ===
Hour: 15, Period: afternoon
Mode: aware (duration: 49.3s)
Aggression: 0.03
Flow: direction=0.73, x_offset=-43.9
Light position (normalized): x=0.27, z=0.26
Almost-engaged: False, strategy: none
Person zone: active

=== Engagement at 2026-03-03 15:43:26 ===
Hour: 15, Period: afternoon
Mode: aware (duration: 49.3s)
Aggression: 0.03
Flow: direction=0.73, x_offset=-43.9
Light position (normalized): x=0.27, z=0.26
Almost-engaged: False, strategy: none
Person zone: active

=== Engagement at 2026-03-03 15:43:44 ===
Hour: 15, Period: afternoon
Mode: aware (duration: 5.0s)
Aggression: 0.01
Flow: direction=0.98, x_offset=-59.1
Light position (normalized): x=0.08, z=0.42
Almost-engaged: False, strategy: none
Person zone: active

=== Engagement at 2026-03-03 15:43:44 ===
Hour: 15, Period: afternoon
Mode: aware (duration: 5.0s)
Aggression: 0.01
Flow: direction=0.98, x_offset=-59.1
Light position (normalized): x=0.08, z=0.42
Almost-engaged: False, strategy: none
Person zone: active

=== Engagement at 2026-03-03 15:44:30 ===
Hour: 15, Period: afternoon
Mode: aware (duration: 32.5s)
Aggression: 0.01
Flow: direction=0.95, x_offset=-57.1
Light position (normalized): x=0.07, z=0.42
Almost-engaged: False, strategy: none
Person zone: active

=== Engagement at 2026-03-03 15:44:30 ===
Hour: 15, Period: afternoon
Mode: aware (duration: 32.5s)
Aggression: 0.01
Flow: direction=0.95, x_offset=-57.1
Light position (normalized): x=0.07, z=0.42
Almost-engaged: False, strategy: none
Person zone: active

=== Engagement at 2026-03-03 15:45:38 ===
Hour: 15, Period: afternoon
Mode: flow (duration: 54.9s)
Aggression: 0.03
Flow: direction=-0.06, x_offset=3.5
Light position (normalized): x=0.45, z=0.30
Almost-engaged: False, strategy: none
Person zone: active

=== Engagement at 2026-03-03 15:45:48 ===
Hour: 15, Period: afternoon
Mode: engaged (duration: 10.7s)
Aggression: 0.01
Flow: direction=0.53, x_offset=-31.8
Light position (normalized): x=0.69, z=0.47
Almost-engaged: False, strategy: none
Person zone: active

=== Engagement at 2026-03-03 15:45:51 ===
Hour: 15, Period: afternoon
Mode: engaged (duration: 13.7s)
Aggression: 0.00
Flow: direction=0.70, x_offset=-42.3
Light position (normalized): x=0.90, z=0.33
Almost-engaged: False, strategy: none
Person zone: active

=== Engagement at 2026-03-03 15:45:51 ===
Hour: 15, Period: afternoon
Mode: engaged (duration: 13.7s)
Aggression: 0.00
Flow: direction=0.70, x_offset=-42.3
Light position (normalized): x=0.90, z=0.33
Almost-engaged: False, strategy: none
Person zone: active

=== Engagement at 2026-03-03 15:46:18 ===
Hour: 15, Period: afternoon
Mode: aware (duration: 21.1s)
Aggression: 0.01
Flow: direction=0.97, x_offset=-58.1
Light position (normalized): x=0.37, z=0.44
Almost-engaged: False, strategy: none
Person zone: active

=== Engagement at 2026-03-03 15:46:18 ===
Hour: 15, Period: afternoon
Mode: engaged (duration: 0.3s)
Aggression: 0.01
Flow: direction=0.97, x_offset=-58.1
Light position (normalized): x=0.37, z=0.42
Almost-engaged: False, strategy: none
Person zone: active

=== Engagement at 2026-03-03 15:47:20 ===
Hour: 15, Period: afternoon
Mode: aware (duration: 49.3s)
Aggression: 0.04
Flow: direction=0.32, x_offset=-19.0
Light position (normalized): x=0.49, z=0.29
Almost-engaged: False, strategy: none
Person zone: active

=== Engagement at 2026-03-03 15:47:32 ===
Hour: 15, Period: afternoon
Mode: engaged (duration: 12.2s)
Aggression: 0.01
Flow: direction=0.44, x_offset=-26.1
Light position (normalized): x=0.39, z=0.30
Almost-engaged: False, strategy: none
Person zone: active

=== Engagement at 2026-03-03 15:47:47 ===
Hour: 15, Period: afternoon
Mode: aware (duration: 7.6s)
Aggression: 0.01
Flow: direction=0.79, x_offset=-47.5
Light position (normalized): x=0.48, z=0.39
Almost-engaged: False, strategy: none
Person zone: active

=== Engagement at 2026-03-03 15:47:47 ===
Hour: 15, Period: afternoon
Mode: aware (duration: 7.6s)
Aggression: 0.01
Flow: direction=0.79, x_offset=-47.5
Light position (normalized): x=0.48, z=0.39
Almost-engaged: False, strategy: none
Person zone: active

=== Engagement at 2026-03-03 15:47:48 ===
Hour: 15, Period: afternoon
Mode: engaged (duration: 1.1s)
Aggression: 0.00
Flow: direction=0.79, x_offset=-47.7
Light position (normalized): x=0.90, z=0.57
Almost-engaged: False, strategy: none
Person zone: active

=== Engagement at 2026-03-03 15:50:06 ===
Hour: 15, Period: afternoon
Mode: aware (duration: 126.1s)
Aggression: 0.08
Flow: direction=0.90, x_offset=-54.1
Light position (normalized): x=0.46, z=0.38
Almost-engaged: False, strategy: none
Person zone: active

=== Engagement at 2026-03-03 15:51:16 ===
Hour: 15, Period: afternoon
Mode: aware (duration: 56.7s)
Aggression: 0.07
Flow: direction=0.60, x_offset=-36.0
Light position (normalized): x=0.11, z=0.34
Almost-engaged: False, strategy: none
Person zone: active

=== Engagement at 2026-03-03 15:51:34 ===
Hour: 15, Period: afternoon
Mode: aware (duration: 5.2s)
Aggression: 0.02
Flow: direction=0.82, x_offset=-49.3
Light position (normalized): x=0.41, z=0.10
Almost-engaged: False, strategy: none
Person zone: active

=== Engagement at 2026-03-03 15:51:34 ===
Hour: 15, Period: afternoon
Mode: engaged (duration: 0.3s)
Aggression: 0.01
Flow: direction=0.74, x_offset=-44.6
Light position (normalized): x=0.52, z=0.10
Almost-engaged: False, strategy: none
Person zone: active

=== Engagement at 2026-03-03 15:51:35 ===
Hour: 15, Period: afternoon
Mode: engaged (duration: 1.0s)
Aggression: 0.00
Flow: direction=0.74, x_offset=-44.6
Light position (normalized): x=0.89, z=0.06
Almost-engaged: False, strategy: none
Person zone: active

=== Engagement at 2026-03-03 15:53:01 ===
Hour: 15, Period: afternoon
Mode: flow (duration: 10.0s)
Aggression: 0.04
Flow: direction=0.86, x_offset=-51.4
Light position (normalized): x=0.24, z=0.25
Almost-engaged: False, strategy: none
Person zone: active

=== Engagement at 2026-03-03 15:53:01 ===
Hour: 15, Period: afternoon
Mode: flow (duration: 10.0s)
Aggression: 0.04
Flow: direction=0.86, x_offset=-51.4
Light position (normalized): x=0.24, z=0.25
Almost-engaged: False, strategy: none
Person zone: active

=== Engagement at 2026-03-03 15:53:09 ===
Hour: 15, Period: afternoon
Mode: engaged (duration: 8.5s)
Aggression: 0.02
Flow: direction=0.73, x_offset=-43.8
Light position (normalized): x=0.17, z=0.32
Almost-engaged: False, strategy: none
Person zone: active

=== Engagement at 2026-03-03 15:54:52 ===
Hour: 15, Period: afternoon
Mode: aware (duration: 0.1s)
Aggression: 0.06
Flow: direction=0.99, x_offset=-59.1
Light position (normalized): x=0.75, z=0.38
Almost-engaged: False, strategy: none
Person zone: active

=== Engagement at 2026-03-03 15:54:52 ===
Hour: 15, Period: afternoon
Mode: aware (duration: 0.1s)
Aggression: 0.06
Flow: direction=0.99, x_offset=-59.1
Light position (normalized): x=0.75, z=0.38
Almost-engaged: False, strategy: none
Person zone: active

=== Engagement at 2026-03-03 15:55:32 ===
Hour: 15, Period: afternoon
Mode: aware (duration: 40.2s)
Aggression: 0.02
Flow: direction=1.00, x_offset=-60.0
Light position (normalized): x=0.38, z=0.32
Almost-engaged: False, strategy: none
Person zone: active

=== Engagement at 2026-03-03 15:56:56 ===
Hour: 15, Period: afternoon
Mode: aware (duration: 70.8s)
Aggression: 0.05
Flow: direction=0.77, x_offset=-46.3
Light position (normalized): x=0.68, z=0.13
Almost-engaged: False, strategy: none
Person zone: active

=== Engagement at 2026-03-03 15:58:45 ===
Hour: 15, Period: afternoon
Mode: flow (duration: 39.1s)
Aggression: 0.05
Flow: direction=0.57, x_offset=-34.2
Light position (normalized): x=0.32, z=0.27
Almost-engaged: False, strategy: none
Person zone: active

=== Engagement at 2026-03-03 15:58:45 ===
Hour: 15, Period: afternoon
Mode: flow (duration: 39.1s)
Aggression: 0.05
Flow: direction=0.57, x_offset=-34.2
Light position (normalized): x=0.32, z=0.27
Almost-engaged: False, strategy: none
Person zone: active

=== Engagement at 2026-03-03 15:58:56 ===
Hour: 15, Period: afternoon
Mode: engaged (duration: 11.6s)
Aggression: 0.01
Flow: direction=0.79, x_offset=-47.7
Light position (normalized): x=0.66, z=0.04
Almost-engaged: False, strategy: none
Person zone: active

=== Engagement at 2026-03-03 15:58:57 ===
Hour: 15, Period: afternoon
Mode: engaged (duration: 12.3s)
Aggression: 0.00
Flow: direction=0.81, x_offset=-48.5
Light position (normalized): x=0.89, z=0.03
Almost-engaged: False, strategy: none
Person zone: active

=== Engagement at 2026-03-03 15:59:59 ===
Hour: 15, Period: afternoon
Mode: aware (duration: 56.2s)
Aggression: 0.02
Flow: direction=-0.11, x_offset=8.0
Light position (normalized): x=0.40, z=0.29
Almost-engaged: False, strategy: none
Person zone: active

=== Engagement at 2026-03-03 15:59:59 ===
Hour: 15, Period: afternoon
Mode: aware (duration: 56.2s)
Aggression: 0.02
Flow: direction=-0.11, x_offset=8.0
Light position (normalized): x=0.40, z=0.29
Almost-engaged: False, strategy: none
Person zone: active

=== Engagement at 2026-03-03 16:01:07 ===
Hour: 16, Period: afternoon
Mode: aware (duration: 7.9s)
Aggression: 0.04
Flow: direction=1.00, x_offset=-59.7
Light position (normalized): x=0.38, z=0.46
Almost-engaged: False, strategy: none
Person zone: active

=== Engagement at 2026-03-03 16:03:24 ===
Hour: 16, Period: afternoon
Mode: aware (duration: 40.8s)
Aggression: 0.08
Flow: direction=0.48, x_offset=-28.7
Light position (normalized): x=0.39, z=0.41
Almost-engaged: False, strategy: none
Person zone: active

=== Engagement at 2026-03-03 16:04:44 ===
Hour: 16, Period: afternoon
Mode: flow (duration: 31.6s)
Aggression: 0.06
Flow: direction=0.90, x_offset=-53.9
Light position (normalized): x=0.33, z=0.08
Almost-engaged: False, strategy: none
Person zone: active

=== Engagement at 2026-03-03 16:04:47 ===
Hour: 16, Period: afternoon
Mode: engaged (duration: 3.1s)
Aggression: 0.00
Flow: direction=0.90, x_offset=-54.2
Light position (normalized): x=0.41, z=0.39
Almost-engaged: False, strategy: none
Person zone: active

=== Engagement at 2026-03-03 16:05:36 ===
Hour: 16, Period: afternoon
Mode: aware (duration: 39.5s)
Aggression: 0.04
Flow: direction=-0.70, x_offset=41.8
Light position (normalized): x=0.23, z=0.54
Almost-engaged: False, strategy: none
Person zone: active

=== Engagement at 2026-03-03 16:06:07 ===
Hour: 16, Period: afternoon
Mode: aware (duration: 17.5s)
Aggression: 0.02
Flow: direction=0.60, x_offset=-35.9
Light position (normalized): x=0.65, z=0.53
Almost-engaged: False, strategy: none
Person zone: active

=== Engagement at 2026-03-03 16:06:57 ===
Hour: 16, Period: afternoon
Mode: aware (duration: 37.0s)
Aggression: 0.03
Flow: direction=0.56, x_offset=-33.3
Light position (normalized): x=0.63, z=0.47
Almost-engaged: False, strategy: none
Person zone: active

=== Engagement at 2026-03-03 16:06:57 ===
Hour: 16, Period: afternoon
Mode: aware (duration: 37.0s)
Aggression: 0.03
Flow: direction=0.56, x_offset=-33.3
Light position (normalized): x=0.63, z=0.47
Almost-engaged: False, strategy: none
Person zone: active

=== Engagement at 2026-03-03 16:07:42 ===
Hour: 16, Period: afternoon
Mode: flow (duration: 8.2s)
Aggression: 0.02
Flow: direction=0.78, x_offset=-47.1
Light position (normalized): x=0.54, z=0.31
Almost-engaged: False, strategy: none
Person zone: active

=== Engagement at 2026-03-03 16:09:29 ===
Hour: 16, Period: afternoon
Mode: aware (duration: 63.7s)
Aggression: 0.08
Flow: direction=0.85, x_offset=-51.0
Light position (normalized): x=0.55, z=0.37
Almost-engaged: False, strategy: none
Person zone: active

=== Engagement at 2026-03-03 16:09:34 ===
Hour: 16, Period: afternoon
Mode: aware (duration: 68.3s)
Aggression: 0.08
Flow: direction=0.69, x_offset=-41.4
Light position (normalized): x=0.36, z=0.43
Almost-engaged: False, strategy: none
Person zone: active

=== Engagement at 2026-03-03 16:10:15 ===
Hour: 16, Period: afternoon
Mode: aware (duration: 28.0s)
Aggression: 0.03
Flow: direction=0.96, x_offset=-57.8
Light position (normalized): x=0.49, z=0.16
Almost-engaged: False, strategy: none
Person zone: active

=== Engagement at 2026-03-03 16:10:26 ===
Hour: 16, Period: afternoon
Mode: engaged (duration: 10.9s)
Aggression: 0.01
Flow: direction=0.85, x_offset=-51.2
Light position (normalized): x=0.21, z=0.45
Almost-engaged: False, strategy: none
Person zone: active

=== Engagement at 2026-03-03 16:10:26 ===
Hour: 16, Period: afternoon
Mode: engaged (duration: 10.9s)
Aggression: 0.01
Flow: direction=0.85, x_offset=-51.2
Light position (normalized): x=0.21, z=0.45
Almost-engaged: False, strategy: none
Person zone: active

=== Engagement at 2026-03-03 16:10:26 ===
Hour: 16, Period: afternoon
Mode: engaged (duration: 11.2s)
Aggression: 0.00
Flow: direction=0.85, x_offset=-51.2
Light position (normalized): x=0.41, z=0.51
Almost-engaged: False, strategy: none
Person zone: active

=== Engagement at 2026-03-03 16:11:12 ===
Hour: 16, Period: afternoon
Mode: aware (duration: 40.3s)
Aggression: 0.02
Flow: direction=0.77, x_offset=-46.2
Light position (normalized): x=0.27, z=0.47
Almost-engaged: False, strategy: none
Person zone: active

=== Engagement at 2026-03-03 16:11:12 ===
Hour: 16, Period: afternoon
Mode: aware (duration: 40.3s)
Aggression: 0.02
Flow: direction=0.77, x_offset=-46.2
Light position (normalized): x=0.27, z=0.47
Almost-engaged: False, strategy: none
Person zone: active

=== Engagement at 2026-03-03 16:11:32 ===
Hour: 16, Period: afternoon
Mode: aware (duration: 7.8s)
Aggression: 0.01
Flow: direction=0.98, x_offset=-58.5
Light position (normalized): x=0.60, z=0.29
Almost-engaged: False, strategy: none
Person zone: active

=== Engagement at 2026-03-03 16:11:51 ===
Hour: 16, Period: afternoon
Mode: flow (duration: 5.5s)
Aggression: 0.01
Flow: direction=0.23, x_offset=-13.7
Light position (normalized): x=0.48, z=0.19
Almost-engaged: False, strategy: none
Person zone: active

=== Engagement at 2026-03-03 16:12:01 ===
Hour: 16, Period: afternoon
Mode: engaged (duration: 9.8s)
Aggression: 0.01
Flow: direction=0.18, x_offset=-10.6
Light position (normalized): x=0.24, z=0.13
Almost-engaged: False, strategy: none
Person zone: active

=== Engagement at 2026-03-03 16:12:01 ===
Hour: 16, Period: afternoon
Mode: engaged (duration: 10.3s)
Aggression: 0.00
Flow: direction=0.18, x_offset=-10.6
Light position (normalized): x=0.39, z=0.09
Almost-engaged: False, strategy: none
Person zone: active

=== Engagement at 2026-03-03 16:12:01 ===
Hour: 16, Period: afternoon
Mode: engaged (duration: 10.3s)
Aggression: 0.00
Flow: direction=0.18, x_offset=-10.6
Light position (normalized): x=0.39, z=0.09
Almost-engaged: False, strategy: none
Person zone: active

=== Engagement at 2026-03-03 16:13:08 ===
Hour: 16, Period: afternoon
Mode: aware (duration: 59.4s)
Aggression: 0.06
Flow: direction=0.98, x_offset=-58.8
Light position (normalized): x=0.41, z=0.38
Almost-engaged: False, strategy: none
Person zone: active

=== Engagement at 2026-03-03 16:13:49 ===
Hour: 16, Period: afternoon
Mode: aware (duration: 28.5s)
Aggression: 0.03
Flow: direction=0.40, x_offset=-23.8
Light position (normalized): x=0.53, z=0.30
Almost-engaged: False, strategy: none
Person zone: active

=== Engagement at 2026-03-03 16:13:49 ===
Hour: 16, Period: afternoon
Mode: aware (duration: 28.5s)
Aggression: 0.03
Flow: direction=0.40, x_offset=-23.8
Light position (normalized): x=0.53, z=0.30
Almost-engaged: False, strategy: none
Person zone: active

=== Engagement at 2026-03-03 16:14:51 ===
Hour: 16, Period: afternoon
Mode: aware (duration: 49.2s)
Aggression: 0.06
Flow: direction=0.39, x_offset=-23.5
Light position (normalized): x=0.26, z=0.54
Almost-engaged: False, strategy: none
Person zone: active

=== Engagement at 2026-03-03 16:15:58 ===
Hour: 16, Period: afternoon
Mode: aware (duration: 53.7s)
Aggression: 0.06
Flow: direction=0.32, x_offset=-19.2
Light position (normalized): x=0.04, z=0.37
Almost-engaged: False, strategy: none
Person zone: active

=== Engagement at 2026-03-03 16:16:02 ===
Hour: 16, Period: afternoon
Mode: engaged (duration: 3.9s)
Aggression: 0.01
Flow: direction=0.40, x_offset=-24.0
Light position (normalized): x=0.76, z=0.52
Almost-engaged: False, strategy: none
Person zone: active

=== Engagement at 2026-03-03 16:16:03 ===
Hour: 16, Period: afternoon
Mode: engaged (duration: 4.3s)
Aggression: 0.00
Flow: direction=0.42, x_offset=-25.5
Light position (normalized): x=0.78, z=0.43
Almost-engaged: False, strategy: none
Person zone: active

=== Engagement at 2026-03-03 16:16:03 ===
Hour: 16, Period: afternoon
Mode: engaged (duration: 4.3s)
Aggression: 0.00
Flow: direction=0.42, x_offset=-25.5
Light position (normalized): x=0.78, z=0.43
Almost-engaged: False, strategy: none
Person zone: active

=== Engagement at 2026-03-03 16:16:03 ===
Hour: 16, Period: afternoon
Mode: engaged (duration: 4.9s)
Aggression: 0.00
Flow: direction=0.42, x_offset=-25.5
Light position (normalized): x=0.90, z=0.62
Almost-engaged: False, strategy: none
Person zone: active

=== Engagement at 2026-03-03 16:16:03 ===
Hour: 16, Period: afternoon
Mode: engaged (duration: 4.9s)
Aggression: 0.00
Flow: direction=0.42, x_offset=-25.5
Light position (normalized): x=0.90, z=0.62
Almost-engaged: False, strategy: none
Person zone: active

=== Engagement at 2026-03-03 16:17:56 ===
Hour: 16, Period: afternoon
Mode: aware (duration: 5.4s)
Aggression: 0.07
Flow: direction=0.61, x_offset=-36.9
Light position (normalized): x=0.22, z=0.32
Almost-engaged: False, strategy: none
Person zone: active

=== Engagement at 2026-03-03 16:18:35 ===
Hour: 16, Period: afternoon
Mode: aware (duration: 26.0s)
Aggression: 0.02
Flow: direction=0.86, x_offset=-51.8
Light position (normalized): x=0.26, z=0.34
Almost-engaged: False, strategy: none
Person zone: active

=== Engagement at 2026-03-03 16:18:35 ===
Hour: 16, Period: afternoon
Mode: aware (duration: 26.0s)
Aggression: 0.02
Flow: direction=0.86, x_offset=-51.8
Light position (normalized): x=0.26, z=0.34
Almost-engaged: False, strategy: none
Person zone: active

=== Engagement at 2026-03-03 16:19:36 ===
Hour: 16, Period: afternoon
Mode: aware (duration: 48.4s)
Aggression: 0.06
Flow: direction=0.13, x_offset=-7.7
Light position (normalized): x=0.14, z=0.60
Almost-engaged: False, strategy: none
Person zone: active

=== Engagement at 2026-03-03 16:20:41 ===
Hour: 16, Period: afternoon
Mode: aware (duration: 51.6s)
Aggression: 0.04
Flow: direction=0.62, x_offset=-37.0
Light position (normalized): x=0.35, z=0.56
Almost-engaged: False, strategy: none
Person zone: active

=== Engagement at 2026-03-03 16:21:56 ===
Hour: 16, Period: afternoon
Mode: aware (duration: 21.2s)
Aggression: 0.06
Flow: direction=0.73, x_offset=-43.9
Light position (normalized): x=0.43, z=0.44
Almost-engaged: False, strategy: none
Person zone: active

=== Engagement at 2026-03-03 16:21:56 ===
Hour: 16, Period: afternoon
Mode: engaged (duration: 0.8s)
Aggression: 0.01
Flow: direction=0.73, x_offset=-43.6
Light position (normalized): x=0.68, z=0.29
Almost-engaged: False, strategy: none
Person zone: active

=== Engagement at 2026-03-03 16:22:31 ===
Hour: 16, Period: afternoon
Mode: aware (duration: 22.8s)
Aggression: 0.02
Flow: direction=-0.00, x_offset=0.2
Light position (normalized): x=0.44, z=0.22
Almost-engaged: False, strategy: none
Person zone: active

=== Engagement at 2026-03-03 16:23:26 ===
Hour: 16, Period: afternoon
Mode: aware (duration: 2.2s)
Aggression: 0.05
Flow: direction=0.87, x_offset=-52.1
Light position (normalized): x=0.33, z=0.14
Almost-engaged: False, strategy: none
Person zone: active

=== Engagement at 2026-03-03 16:23:34 ===
Hour: 16, Period: afternoon
Mode: aware (duration: 10.0s)
Aggression: 0.00
Flow: direction=0.90, x_offset=-53.8
Light position (normalized): x=0.56, z=0.40
Almost-engaged: False, strategy: none
Person zone: active

=== Engagement at 2026-03-03 16:23:34 ===
Hour: 16, Period: afternoon
Mode: aware (duration: 10.0s)
Aggression: 0.00
Flow: direction=0.90, x_offset=-53.8
Light position (normalized): x=0.56, z=0.40
Almost-engaged: False, strategy: none
Person zone: active

=== Engagement at 2026-03-03 16:23:57 ===
Hour: 16, Period: afternoon
Mode: aware (duration: 9.5s)
Aggression: 0.03
Flow: direction=0.73, x_offset=-43.7
Light position (normalized): x=0.30, z=0.12
Almost-engaged: False, strategy: none
Person zone: active

=== Engagement at 2026-03-03 16:24:43 ===
Hour: 16, Period: afternoon
Mode: aware (duration: 32.8s)
Aggression: 0.02
Flow: direction=0.88, x_offset=-53.0
Light position (normalized): x=0.51, z=0.27
Almost-engaged: False, strategy: none
Person zone: active

=== Engagement at 2026-03-03 16:24:43 ===
Hour: 16, Period: afternoon
Mode: aware (duration: 32.8s)
Aggression: 0.02
Flow: direction=0.88, x_offset=-53.0
Light position (normalized): x=0.51, z=0.27
Almost-engaged: False, strategy: none
Person zone: active

=== Engagement at 2026-03-03 16:24:44 ===
Hour: 16, Period: afternoon
Mode: engaged (duration: 1.4s)
Aggression: 0.00
Flow: direction=0.89, x_offset=-53.4
Light position (normalized): x=0.23, z=0.30
Almost-engaged: False, strategy: none
Person zone: active

=== Engagement at 2026-03-03 16:24:44 ===
Hour: 16, Period: afternoon
Mode: engaged (duration: 1.4s)
Aggression: 0.00
Flow: direction=0.89, x_offset=-53.4
Light position (normalized): x=0.23, z=0.30
Almost-engaged: False, strategy: none
Person zone: active

=== Engagement at 2026-03-03 16:24:53 ===
Hour: 16, Period: afternoon
Mode: engaged (duration: 10.3s)
Aggression: 0.01
Flow: direction=0.90, x_offset=-54.2
Light position (normalized): x=0.59, z=0.37
Almost-engaged: False, strategy: none
Person zone: active

=== Engagement at 2026-03-03 16:25:17 ===
Hour: 16, Period: afternoon
Mode: flow (duration: 1.4s)
Aggression: 0.01
Flow: direction=0.97, x_offset=-58.1
Light position (normalized): x=0.38, z=0.48
Almost-engaged: False, strategy: none
Person zone: active

=== Engagement at 2026-03-03 16:25:25 ===
Hour: 16, Period: afternoon
Mode: flow (duration: 9.3s)
Aggression: 0.02
Flow: direction=0.76, x_offset=-45.7
Light position (normalized): x=0.84, z=0.20
Almost-engaged: False, strategy: none
Person zone: active

=== Engagement at 2026-03-03 16:25:25 ===
Hour: 16, Period: afternoon
Mode: flow (duration: 9.3s)
Aggression: 0.02
Flow: direction=0.76, x_offset=-45.7
Light position (normalized): x=0.84, z=0.20
Almost-engaged: False, strategy: none
Person zone: active

=== Engagement at 2026-03-03 16:25:26 ===
Hour: 16, Period: afternoon
Mode: engaged (duration: 0.9s)
Aggression: 0.00
Flow: direction=0.76, x_offset=-45.7
Light position (normalized): x=0.21, z=0.48
Almost-engaged: False, strategy: none
Person zone: active

=== Engagement at 2026-03-03 16:25:27 ===
Hour: 16, Period: afternoon
Mode: engaged (duration: 2.5s)
Aggression: 0.00
Flow: direction=0.74, x_offset=-44.5
Light position (normalized): x=0.14, z=0.30
Almost-engaged: False, strategy: none
Person zone: active

=== Engagement at 2026-03-03 16:25:28 ===
Hour: 16, Period: afternoon
Mode: engaged (duration: 2.7s)
Aggression: 0.00
Flow: direction=0.74, x_offset=-44.1
Light position (normalized): x=0.26, z=0.29
Almost-engaged: False, strategy: none
Person zone: active

=== Engagement at 2026-03-03 16:25:28 ===
Hour: 16, Period: afternoon
Mode: engaged (duration: 2.7s)
Aggression: 0.00
Flow: direction=0.74, x_offset=-44.1
Light position (normalized): x=0.26, z=0.29
Almost-engaged: False, strategy: none
Person zone: active

=== Engagement at 2026-03-03 16:25:48 ===
Hour: 16, Period: afternoon
Mode: aware (duration: 10.3s)
Aggression: 0.02
Flow: direction=0.76, x_offset=-45.4
Light position (normalized): x=0.31, z=0.15
Almost-engaged: False, strategy: none
Person zone: active

=== Engagement at 2026-03-03 16:26:30 ===
Hour: 16, Period: afternoon
Mode: aware (duration: 28.7s)
Aggression: 0.02
Flow: direction=0.01, x_offset=-0.4
Light position (normalized): x=0.51, z=0.10
Almost-engaged: False, strategy: none
Person zone: active

=== Engagement at 2026-03-03 16:27:20 ===
Hour: 16, Period: afternoon
Mode: aware (duration: 3.3s)
Aggression: 0.04
Flow: direction=0.58, x_offset=-34.5
Light position (normalized): x=0.30, z=0.41
Almost-engaged: False, strategy: none
Person zone: active

=== Engagement at 2026-03-03 16:27:20 ===
Hour: 16, Period: afternoon
Mode: aware (duration: 3.3s)
Aggression: 0.04
Flow: direction=0.58, x_offset=-34.5
Light position (normalized): x=0.30, z=0.41
Almost-engaged: False, strategy: none
Person zone: active

=== Engagement at 2026-03-03 16:27:52 ===
Hour: 16, Period: afternoon
Mode: aware (duration: 18.3s)
Aggression: 0.02
Flow: direction=0.85, x_offset=-51.0
Light position (normalized): x=0.32, z=0.07
Almost-engaged: False, strategy: none
Person zone: active

=== Engagement at 2026-03-03 16:27:52 ===
Hour: 16, Period: afternoon
Mode: aware (duration: 18.3s)
Aggression: 0.02
Flow: direction=0.85, x_offset=-51.0
Light position (normalized): x=0.32, z=0.07
Almost-engaged: False, strategy: none
Person zone: active

=== Engagement at 2026-03-03 16:27:52 ===
Hour: 16, Period: afternoon
Mode: engaged (duration: 0.4s)
Aggression: 0.01
Flow: direction=0.85, x_offset=-51.0
Light position (normalized): x=0.16, z=0.38
Almost-engaged: False, strategy: none
Person zone: active

=== Engagement at 2026-03-03 16:27:52 ===
Hour: 16, Period: afternoon
Mode: engaged (duration: 0.4s)
Aggression: 0.01
Flow: direction=0.85, x_offset=-51.0
Light position (normalized): x=0.16, z=0.38
Almost-engaged: False, strategy: none
Person zone: active

=== Engagement at 2026-03-03 16:27:54 ===
Hour: 16, Period: afternoon
Mode: engaged (duration: 2.1s)
Aggression: 0.00
Flow: direction=0.80, x_offset=-48.3
Light position (normalized): x=0.25, z=0.40
Almost-engaged: False, strategy: none
Person zone: active

=== Engagement at 2026-03-03 16:27:55 ===
Hour: 16, Period: afternoon
Mode: engaged (duration: 3.2s)
Aggression: 0.00
Flow: direction=0.78, x_offset=-46.7
Light position (normalized): x=0.90, z=0.45
Almost-engaged: False, strategy: none
Person zone: active

=== Engagement at 2026-03-03 16:28:10 ===
Hour: 16, Period: afternoon
Mode: aware (duration: 5.0s)
Aggression: 0.00
Flow: direction=0.40, x_offset=-24.0
Light position (normalized): x=0.27, z=0.37
Almost-engaged: False, strategy: none
Person zone: active

=== Engagement at 2026-03-03 16:28:10 ===
Hour: 16, Period: afternoon
Mode: aware (duration: 5.0s)
Aggression: 0.00
Flow: direction=0.40, x_offset=-24.0
Light position (normalized): x=0.27, z=0.37
Almost-engaged: False, strategy: none
Person zone: active

=== Engagement at 2026-03-03 16:28:12 ===
Hour: 16, Period: afternoon
Mode: engaged (duration: 1.8s)
Aggression: 0.00
Flow: direction=0.29, x_offset=-13.3
Light position (normalized): x=0.80, z=0.35
Almost-engaged: False, strategy: none
Person zone: active

=== Engagement at 2026-03-03 16:28:12 ===
Hour: 16, Period: afternoon
Mode: engaged (duration: 1.8s)
Aggression: 0.00
Flow: direction=0.29, x_offset=-13.3
Light position (normalized): x=0.80, z=0.35
Almost-engaged: False, strategy: none
Person zone: active

=== Engagement at 2026-03-03 16:28:12 ===
Hour: 16, Period: afternoon
Mode: engaged (duration: 2.4s)
Aggression: 0.00
Flow: direction=0.29, x_offset=-13.3
Light position (normalized): x=0.79, z=0.32
Almost-engaged: False, strategy: none
Person zone: active

=== Engagement at 2026-03-03 16:28:12 ===
Hour: 16, Period: afternoon
Mode: engaged (duration: 2.4s)
Aggression: 0.00
Flow: direction=0.29, x_offset=-13.3
Light position (normalized): x=0.79, z=0.32
Almost-engaged: False, strategy: none
Person zone: active

=== Engagement at 2026-03-03 16:28:14 ===
Hour: 16, Period: afternoon
Mode: engaged (duration: 4.6s)
Aggression: 0.00
Flow: direction=0.18, x_offset=-11.0
Light position (normalized): x=0.09, z=0.42
Almost-engaged: False, strategy: none
Person zone: active

=== Engagement at 2026-03-03 16:28:16 ===
Hour: 16, Period: afternoon
Mode: engaged (duration: 5.9s)
Aggression: 0.00
Flow: direction=0.18, x_offset=-10.9
Light position (normalized): x=0.59, z=0.49
Almost-engaged: False, strategy: none
Person zone: active

=== Engagement at 2026-03-03 16:28:16 ===
Hour: 16, Period: afternoon
Mode: engaged (duration: 5.9s)
Aggression: 0.00
Flow: direction=0.18, x_offset=-10.9
Light position (normalized): x=0.59, z=0.49
Almost-engaged: False, strategy: none
Person zone: active

=== Engagement at 2026-03-03 16:28:28 ===
Hour: 16, Period: afternoon
Mode: aware (duration: 4.5s)
Aggression: 0.00
Flow: direction=0.13, x_offset=-7.6
Light position (normalized): x=0.41, z=0.32
Almost-engaged: False, strategy: none
Person zone: active

=== Engagement at 2026-03-03 16:28:29 ===
Hour: 16, Period: afternoon
Mode: engaged (duration: 0.3s)
Aggression: 0.00
Flow: direction=0.13, x_offset=-7.6
Light position (normalized): x=0.57, z=0.34
Almost-engaged: False, strategy: none
Person zone: active

=== Engagement at 2026-03-03 16:28:29 ===
Hour: 16, Period: afternoon
Mode: engaged (duration: 0.3s)
Aggression: 0.00
Flow: direction=0.13, x_offset=-7.6
Light position (normalized): x=0.57, z=0.34
Almost-engaged: False, strategy: none
Person zone: active

=== Engagement at 2026-03-03 16:28:40 ===
Hour: 16, Period: afternoon
Mode: engaged (duration: 11.3s)
Aggression: 0.01
Flow: direction=0.67, x_offset=-40.5
Light position (normalized): x=0.64, z=0.30
Almost-engaged: False, strategy: none
Person zone: active

=== Engagement at 2026-03-03 16:29:06 ===
Hour: 16, Period: afternoon
Mode: aware (duration: 21.2s)
Aggression: 0.02
Flow: direction=0.30, x_offset=-17.7
Light position (normalized): x=0.27, z=0.35
Almost-engaged: False, strategy: none
Person zone: active

=== Engagement at 2026-03-03 16:29:13 ===
Hour: 16, Period: afternoon
Mode: engaged (duration: 6.1s)
Aggression: 0.01
Flow: direction=0.41, x_offset=-24.5
Light position (normalized): x=0.26, z=0.25
Almost-engaged: False, strategy: none
Person zone: active

=== Engagement at 2026-03-03 16:29:25 ===
Hour: 16, Period: afternoon
Mode: aware (duration: 5.1s)
Aggression: 0.03
Flow: direction=0.43, x_offset=-26.0
Light position (normalized): x=0.60, z=0.25
Almost-engaged: False, strategy: none
Person zone: active

=== Engagement at 2026-03-03 16:29:25 ===
Hour: 16, Period: afternoon
Mode: aware (duration: 5.1s)
Aggression: 0.03
Flow: direction=0.43, x_offset=-26.0
Light position (normalized): x=0.60, z=0.25
Almost-engaged: False, strategy: none
Person zone: active

=== Engagement at 2026-03-03 16:30:55 ===
Hour: 16, Period: afternoon
Mode: aware (duration: 77.2s)
Aggression: 0.06
Flow: direction=-0.35, x_offset=20.9
Light position (normalized): x=0.53, z=0.23
Almost-engaged: False, strategy: none
Person zone: active

=== Engagement at 2026-03-03 16:31:24 ===
Hour: 16, Period: afternoon
Mode: aware (duration: 15.7s)
Aggression: 0.03
Flow: direction=0.26, x_offset=-15.5
Light position (normalized): x=0.62, z=0.33
Almost-engaged: False, strategy: none
Person zone: active

=== Engagement at 2026-03-03 16:31:24 ===
Hour: 16, Period: afternoon
Mode: aware (duration: 15.7s)
Aggression: 0.03
Flow: direction=0.26, x_offset=-15.5
Light position (normalized): x=0.62, z=0.33
Almost-engaged: False, strategy: none
Person zone: active

=== Engagement at 2026-03-03 16:31:29 ===
Hour: 16, Period: afternoon
Mode: engaged (duration: 5.3s)
Aggression: 0.00
Flow: direction=0.50, x_offset=-30.0
Light position (normalized): x=0.24, z=0.54
Almost-engaged: False, strategy: none
Person zone: active

=== Engagement at 2026-03-03 16:31:57 ===
Hour: 16, Period: afternoon
Mode: aware (duration: 20.6s)
Aggression: 0.01
Flow: direction=0.29, x_offset=-17.2
Light position (normalized): x=0.05, z=0.22
Almost-engaged: False, strategy: none
Person zone: active

=== Engagement at 2026-03-03 16:31:57 ===
Hour: 16, Period: afternoon
Mode: aware (duration: 20.6s)
Aggression: 0.01
Flow: direction=0.29, x_offset=-17.2
Light position (normalized): x=0.05, z=0.22
Almost-engaged: False, strategy: none
Person zone: active

=== Engagement at 2026-03-03 16:32:03 ===
Hour: 16, Period: afternoon
Mode: engaged (duration: 5.4s)
Aggression: 0.00
Flow: direction=-0.24, x_offset=14.1
Light position (normalized): x=0.33, z=0.27
Almost-engaged: False, strategy: none
Person zone: active

=== Engagement at 2026-03-03 16:32:03 ===
Hour: 16, Period: afternoon
Mode: engaged (duration: 5.4s)
Aggression: 0.00
Flow: direction=-0.24, x_offset=14.1
Light position (normalized): x=0.33, z=0.27
Almost-engaged: False, strategy: none
Person zone: active

=== Engagement at 2026-03-03 16:32:09 ===
Hour: 16, Period: afternoon
Mode: engaged (duration: 11.1s)
Aggression: 0.00
Flow: direction=-0.42, x_offset=25.5
Light position (normalized): x=0.72, z=0.15
Almost-engaged: False, strategy: none
Person zone: active

=== Engagement at 2026-03-03 16:33:01 ===
Hour: 16, Period: afternoon
Mode: aware (duration: 47.0s)
Aggression: 0.02
Flow: direction=0.17, x_offset=-10.1
Light position (normalized): x=0.83, z=0.33
Almost-engaged: False, strategy: none
Person zone: active

=== Engagement at 2026-03-03 16:33:04 ===
Hour: 16, Period: afternoon
Mode: engaged (duration: 3.3s)
Aggression: 0.01
Flow: direction=0.26, x_offset=-15.6
Light position (normalized): x=0.62, z=0.17
Almost-engaged: False, strategy: none
Person zone: active

=== Engagement at 2026-03-03 16:33:36 ===
Hour: 16, Period: afternoon
Mode: aware (duration: 22.3s)
Aggression: 0.03
Flow: direction=0.88, x_offset=-52.8
Light position (normalized): x=0.35, z=0.30
Almost-engaged: False, strategy: none
Person zone: active

=== Engagement at 2026-03-03 16:33:42 ===
Hour: 16, Period: afternoon
Mode: engaged (duration: 5.9s)
Aggression: 0.01
Flow: direction=0.70, x_offset=-42.0
Light position (normalized): x=0.77, z=0.10
Almost-engaged: False, strategy: none
Person zone: active

=== Engagement at 2026-03-03 16:35:16 ===
Hour: 16, Period: afternoon
Mode: aware (duration: 86.7s)
Aggression: 0.06
Flow: direction=0.97, x_offset=-58.2
Light position (normalized): x=0.40, z=0.28
Almost-engaged: False, strategy: none
Person zone: active

=== Engagement at 2026-03-03 16:35:45 ===
Hour: 16, Period: afternoon
Mode: aware (duration: 16.3s)
Aggression: 0.02
Flow: direction=-0.40, x_offset=24.1
Light position (normalized): x=0.46, z=0.32
Almost-engaged: False, strategy: none
Person zone: active

=== Engagement at 2026-03-03 16:36:01 ===
Hour: 16, Period: afternoon
Mode: aware (duration: 2.2s)
Aggression: 0.00
Flow: direction=-0.85, x_offset=51.1
Light position (normalized): x=0.26, z=0.37
Almost-engaged: False, strategy: none
Person zone: active

=== Engagement at 2026-03-03 16:36:01 ===
Hour: 16, Period: afternoon
Mode: aware (duration: 2.2s)
Aggression: 0.00
Flow: direction=-0.85, x_offset=51.1
Light position (normalized): x=0.26, z=0.37
Almost-engaged: False, strategy: none
Person zone: active

=== Engagement at 2026-03-03 16:37:03 ===
Hour: 16, Period: afternoon
Mode: aware (duration: 49.2s)
Aggression: 0.05
Flow: direction=0.86, x_offset=-51.7
Light position (normalized): x=0.30, z=0.34
Almost-engaged: False, strategy: none
Person zone: active

=== Engagement at 2026-03-03 16:38:30 ===
Hour: 16, Period: afternoon
Mode: aware (duration: 73.5s)
Aggression: 0.05
Flow: direction=0.46, x_offset=-27.8
Light position (normalized): x=0.11, z=0.42
Almost-engaged: False, strategy: none
Person zone: active

=== Engagement at 2026-03-03 16:38:30 ===
Hour: 16, Period: afternoon
Mode: aware (duration: 73.5s)
Aggression: 0.05
Flow: direction=0.46, x_offset=-27.8
Light position (normalized): x=0.11, z=0.42
Almost-engaged: False, strategy: none
Person zone: active

=== Engagement at 2026-03-03 16:38:35 ===
Hour: 16, Period: afternoon
Mode: engaged (duration: 5.3s)
Aggression: 0.01
Flow: direction=0.66, x_offset=-39.5
Light position (normalized): x=0.46, z=0.15
Almost-engaged: False, strategy: none
Person zone: active

=== Engagement at 2026-03-03 16:38:35 ===
Hour: 16, Period: afternoon
Mode: engaged (duration: 5.7s)
Aggression: 0.00
Flow: direction=0.66, x_offset=-39.5
Light position (normalized): x=0.59, z=0.12
Almost-engaged: False, strategy: none
Person zone: active

=== Engagement at 2026-03-03 16:38:39 ===
Hour: 16, Period: afternoon
Mode: engaged (duration: 9.4s)
Aggression: 0.01
Flow: direction=0.72, x_offset=-42.9
Light position (normalized): x=0.73, z=0.27
Almost-engaged: False, strategy: none
Person zone: active

=== Engagement at 2026-03-03 16:38:39 ===
Hour: 16, Period: afternoon
Mode: engaged (duration: 9.4s)
Aggression: 0.01
Flow: direction=0.72, x_offset=-42.9
Light position (normalized): x=0.73, z=0.27
Almost-engaged: False, strategy: none
Person zone: active

=== Engagement at 2026-03-03 16:38:45 ===
Hour: 16, Period: afternoon
Mode: engaged (duration: 14.9s)
Aggression: 0.01
Flow: direction=0.62, x_offset=-37.2
Light position (normalized): x=0.68, z=0.07
Almost-engaged: False, strategy: none
Person zone: active

=== Engagement at 2026-03-03 16:40:18 ===
Hour: 16, Period: afternoon
Mode: flow (duration: 3.2s)
Aggression: 0.07
Flow: direction=0.93, x_offset=-55.6
Light position (normalized): x=0.25, z=0.36
Almost-engaged: False, strategy: none
Person zone: active

=== Engagement at 2026-03-03 16:40:24 ===
Hour: 16, Period: afternoon
Mode: engaged (duration: 6.2s)
Aggression: 0.01
Flow: direction=0.54, x_offset=-32.5
Light position (normalized): x=0.58, z=0.43
Almost-engaged: False, strategy: none
Person zone: active

=== Engagement at 2026-03-03 16:40:24 ===
Hour: 16, Period: afternoon
Mode: engaged (duration: 6.2s)
Aggression: 0.01
Flow: direction=0.54, x_offset=-32.5
Light position (normalized): x=0.58, z=0.43
Almost-engaged: False, strategy: none
Person zone: active

=== Engagement at 2026-03-03 16:40:34 ===
Hour: 16, Period: afternoon
Mode: aware (duration: 2.6s)
Aggression: 0.02
Flow: direction=0.25, x_offset=-15.3
Light position (normalized): x=0.57, z=0.23
Almost-engaged: False, strategy: none
Person zone: active

=== Engagement at 2026-03-03 16:40:37 ===
Hour: 16, Period: afternoon
Mode: engaged (duration: 3.5s)
Aggression: 0.00
Flow: direction=0.30, x_offset=-17.9
Light position (normalized): x=0.85, z=0.34
Almost-engaged: False, strategy: none
Person zone: active

=== Engagement at 2026-03-03 16:40:41 ===
Hour: 16, Period: afternoon
Mode: engaged (duration: 7.1s)
Aggression: 0.00
Flow: direction=0.37, x_offset=-22.1
Light position (normalized): x=0.50, z=0.41
Almost-engaged: False, strategy: none
Person zone: active

=== Engagement at 2026-03-03 16:42:32 ===
Hour: 16, Period: afternoon
Mode: aware (duration: 0.3s)
Aggression: 0.08
Flow: direction=0.69, x_offset=-41.7
Light position (normalized): x=0.80, z=0.58
Almost-engaged: False, strategy: none
Person zone: active

=== Engagement at 2026-03-03 16:42:36 ===
Hour: 16, Period: afternoon
Mode: aware (duration: 4.9s)
Aggression: 0.01
Flow: direction=0.77, x_offset=-46.2
Light position (normalized): x=0.48, z=0.47
Almost-engaged: False, strategy: none
Person zone: active

=== Engagement at 2026-03-03 16:43:47 ===
Hour: 16, Period: afternoon
Mode: aware (duration: 57.4s)
Aggression: 0.06
Flow: direction=0.37, x_offset=-22.3
Light position (normalized): x=0.36, z=0.38
Almost-engaged: False, strategy: none
Person zone: active

=== Engagement at 2026-03-03 16:43:47 ===
Hour: 16, Period: afternoon
Mode: aware (duration: 57.4s)
Aggression: 0.06
Flow: direction=0.37, x_offset=-22.3
Light position (normalized): x=0.36, z=0.38
Almost-engaged: False, strategy: none
Person zone: active

=== Engagement at 2026-03-03 16:46:12 ===
Hour: 16, Period: afternoon
Mode: flow (duration: 21.4s)
Aggression: 0.08
Flow: direction=0.59, x_offset=-35.6
Light position (normalized): x=0.49, z=0.27
Almost-engaged: False, strategy: none
Person zone: active

=== Engagement at 2026-03-03 16:46:54 ===
Hour: 16, Period: afternoon
Mode: aware (duration: 29.4s)
Aggression: 0.04
Flow: direction=0.76, x_offset=-45.7
Light position (normalized): x=0.36, z=0.18
Almost-engaged: False, strategy: none
Person zone: active

=== Engagement at 2026-03-03 16:46:55 ===
Hour: 16, Period: afternoon
Mode: engaged (duration: 0.8s)
Aggression: 0.00
Flow: direction=0.78, x_offset=-47.0
Light position (normalized): x=0.46, z=0.13
Almost-engaged: False, strategy: none
Person zone: active

=== Engagement at 2026-03-03 16:46:55 ===
Hour: 16, Period: afternoon
Mode: engaged (duration: 0.8s)
Aggression: 0.00
Flow: direction=0.78, x_offset=-47.0
Light position (normalized): x=0.46, z=0.13
Almost-engaged: False, strategy: none
Person zone: active

=== Engagement at 2026-03-03 16:46:57 ===
Hour: 16, Period: afternoon
Mode: engaged (duration: 2.2s)
Aggression: 0.00
Flow: direction=0.79, x_offset=-47.2
Light position (normalized): x=0.21, z=0.35
Almost-engaged: False, strategy: none
Person zone: active

=== Engagement at 2026-03-03 16:47:04 ===
Hour: 16, Period: afternoon
Mode: engaged (duration: 9.8s)
Aggression: 0.01
Flow: direction=0.52, x_offset=-31.2
Light position (normalized): x=0.69, z=0.41
Almost-engaged: False, strategy: none
Person zone: active

=== Engagement at 2026-03-03 16:47:09 ===
Hour: 16, Period: afternoon
Mode: engaged (duration: 14.0s)
Aggression: 0.00
Flow: direction=0.39, x_offset=-23.5
Light position (normalized): x=0.68, z=0.34
Almost-engaged: False, strategy: none
Person zone: active

=== Engagement at 2026-03-03 16:47:09 ===
Hour: 16, Period: afternoon
Mode: engaged (duration: 14.0s)
Aggression: 0.00
Flow: direction=0.39, x_offset=-23.5
Light position (normalized): x=0.68, z=0.34
Almost-engaged: False, strategy: none
Person zone: active

=== Engagement at 2026-03-03 16:48:00 ===
Hour: 16, Period: afternoon
Mode: aware (duration: 46.4s)
Aggression: 0.03
Flow: direction=0.41, x_offset=-24.5
Light position (normalized): x=0.45, z=0.25
Almost-engaged: False, strategy: none
Person zone: active

=== Engagement at 2026-03-03 16:48:35 ===
Hour: 16, Period: afternoon
Mode: aware (duration: 22.0s)
Aggression: 0.05
Flow: direction=0.76, x_offset=-45.3
Light position (normalized): x=0.12, z=0.24
Almost-engaged: False, strategy: none
Person zone: active

=== Engagement at 2026-03-03 16:49:00 ===
Hour: 16, Period: afternoon
Mode: aware (duration: 11.4s)
Aggression: 0.01
Flow: direction=0.51, x_offset=-30.8
Light position (normalized): x=0.57, z=0.24
Almost-engaged: False, strategy: none
Person zone: active

=== Engagement at 2026-03-03 16:49:00 ===
Hour: 16, Period: afternoon
Mode: aware (duration: 11.4s)
Aggression: 0.01
Flow: direction=0.51, x_offset=-30.8
Light position (normalized): x=0.57, z=0.24
Almost-engaged: False, strategy: none
Person zone: active

=== Engagement at 2026-03-03 16:49:55 ===
Hour: 16, Period: afternoon
Mode: aware (duration: 42.1s)
Aggression: 0.04
Flow: direction=0.66, x_offset=-39.4
Light position (normalized): x=0.20, z=0.14
Almost-engaged: False, strategy: none
Person zone: active

=== Engagement at 2026-03-03 16:49:55 ===
Hour: 16, Period: afternoon
Mode: engaged (duration: 0.1s)
Aggression: 0.03
Flow: direction=0.66, x_offset=-39.4
Light position (normalized): x=0.22, z=0.15
Almost-engaged: False, strategy: none
Person zone: active

=== Engagement at 2026-03-03 16:49:56 ===
Hour: 16, Period: afternoon
Mode: engaged (duration: 0.5s)
Aggression: 0.01
Flow: direction=0.65, x_offset=-39.0
Light position (normalized): x=0.38, z=0.22
Almost-engaged: False, strategy: none
Person zone: active

=== Engagement at 2026-03-03 16:50:56 ===
Hour: 16, Period: afternoon
Mode: aware (duration: 48.2s)
Aggression: 0.03
Flow: direction=-0.04, x_offset=2.4
Light position (normalized): x=0.64, z=0.13
Almost-engaged: False, strategy: none
Person zone: active

=== Engagement at 2026-03-03 16:50:56 ===
Hour: 16, Period: afternoon
Mode: aware (duration: 48.2s)
Aggression: 0.03
Flow: direction=-0.04, x_offset=2.4
Light position (normalized): x=0.64, z=0.13
Almost-engaged: False, strategy: none
Person zone: active

=== Engagement at 2026-03-03 16:51:18 ===
Hour: 16, Period: afternoon
Mode: aware (duration: 8.9s)
Aggression: 0.02
Flow: direction=0.50, x_offset=-29.8
Light position (normalized): x=0.53, z=0.43
Almost-engaged: False, strategy: none
Person zone: active

=== Engagement at 2026-03-03 16:51:18 ===
Hour: 16, Period: afternoon
Mode: aware (duration: 8.9s)
Aggression: 0.02
Flow: direction=0.50, x_offset=-29.8
Light position (normalized): x=0.53, z=0.43
Almost-engaged: False, strategy: none
Person zone: active

=== Engagement at 2026-03-03 16:51:55 ===
Hour: 16, Period: afternoon
Mode: aware (duration: 24.0s)
Aggression: 0.05
Flow: direction=0.29, x_offset=-17.6
Light position (normalized): x=0.14, z=0.45
Almost-engaged: False, strategy: none
Person zone: active

=== Engagement at 2026-03-03 16:51:59 ===
Hour: 16, Period: afternoon
Mode: engaged (duration: 3.5s)
Aggression: 0.01
Flow: direction=0.34, x_offset=-20.4
Light position (normalized): x=0.59, z=0.35
Almost-engaged: False, strategy: none
Person zone: active

=== Engagement at 2026-03-03 16:51:59 ===
Hour: 16, Period: afternoon
Mode: engaged (duration: 3.5s)
Aggression: 0.01
Flow: direction=0.34, x_offset=-20.4
Light position (normalized): x=0.59, z=0.35
Almost-engaged: False, strategy: none
Person zone: active

=== Engagement at 2026-03-03 16:52:14 ===
Hour: 16, Period: afternoon
Mode: aware (duration: 5.7s)
Aggression: 0.02
Flow: direction=0.49, x_offset=-29.2
Light position (normalized): x=0.34, z=0.27
Almost-engaged: False, strategy: none
Person zone: active

=== Engagement at 2026-03-03 16:52:15 ===
Hour: 16, Period: afternoon
Mode: engaged (duration: 0.4s)
Aggression: 0.00
Flow: direction=0.49, x_offset=-29.2
Light position (normalized): x=0.56, z=0.25
Almost-engaged: False, strategy: none
Person zone: active

=== Engagement at 2026-03-03 16:52:15 ===
Hour: 16, Period: afternoon
Mode: engaged (duration: 0.4s)
Aggression: 0.00
Flow: direction=0.49, x_offset=-29.2
Light position (normalized): x=0.56, z=0.25
Almost-engaged: False, strategy: none
Person zone: active

=== Engagement at 2026-03-03 16:52:33 ===
Hour: 16, Period: afternoon
Mode: aware (duration: 5.6s)
Aggression: 0.01
Flow: direction=0.34, x_offset=-20.5
Light position (normalized): x=0.04, z=0.43
Almost-engaged: False, strategy: none
Person zone: active

=== Engagement at 2026-03-03 16:53:11 ===
Hour: 16, Period: afternoon
Mode: aware (duration: 25.2s)
Aggression: 0.03
Flow: direction=0.39, x_offset=-23.6
Light position (normalized): x=0.10, z=0.20
Almost-engaged: False, strategy: none
Person zone: active

=== Engagement at 2026-03-03 16:53:42 ===
Hour: 16, Period: afternoon
Mode: aware (duration: 14.1s)
Aggression: 0.02
Flow: direction=0.91, x_offset=-54.6
Light position (normalized): x=0.06, z=0.35
Almost-engaged: False, strategy: none
Person zone: active

=== Engagement at 2026-03-03 16:53:42 ===
Hour: 16, Period: afternoon
Mode: aware (duration: 14.1s)
Aggression: 0.02
Flow: direction=0.91, x_offset=-54.6
Light position (normalized): x=0.06, z=0.35
Almost-engaged: False, strategy: none
Person zone: active

=== Engagement at 2026-03-03 16:53:47 ===
Hour: 16, Period: afternoon
Mode: engaged (duration: 5.4s)
Aggression: 0.01
Flow: direction=0.67, x_offset=-40.2
Light position (normalized): x=0.57, z=0.12
Almost-engaged: False, strategy: none
Person zone: active

=== Engagement at 2026-03-03 16:53:47 ===
Hour: 16, Period: afternoon
Mode: engaged (duration: 5.4s)
Aggression: 0.01
Flow: direction=0.67, x_offset=-40.2
Light position (normalized): x=0.57, z=0.12
Almost-engaged: False, strategy: none
Person zone: active

=== Engagement at 2026-03-03 16:54:14 ===
Hour: 16, Period: afternoon
Mode: aware (duration: 19.7s)
Aggression: 0.04
Flow: direction=0.51, x_offset=-30.4
Light position (normalized): x=0.30, z=0.39
Almost-engaged: False, strategy: none
Person zone: active

=== Engagement at 2026-03-03 16:54:29 ===
Hour: 16, Period: afternoon
Mode: aware (duration: 1.5s)
Aggression: 0.01
Flow: direction=0.42, x_offset=-25.0
Light position (normalized): x=0.55, z=0.37
Almost-engaged: False, strategy: none
Person zone: active

=== Engagement at 2026-03-03 16:54:29 ===
Hour: 16, Period: afternoon
Mode: aware (duration: 1.5s)
Aggression: 0.01
Flow: direction=0.42, x_offset=-25.0
Light position (normalized): x=0.55, z=0.37
Almost-engaged: False, strategy: none
Person zone: active

=== Engagement at 2026-03-03 16:55:31 ===
Hour: 16, Period: afternoon
Mode: aware (duration: 63.2s)
Aggression: 0.04
Flow: direction=0.30, x_offset=-18.2
Light position (normalized): x=0.28, z=0.30
Almost-engaged: False, strategy: none
Person zone: active

=== Engagement at 2026-03-03 16:55:46 ===
Hour: 16, Period: afternoon
Mode: aware (duration: 2.0s)
Aggression: 0.02
Flow: direction=0.09, x_offset=-5.7
Light position (normalized): x=0.18, z=0.14
Almost-engaged: False, strategy: none
Person zone: active

=== Engagement at 2026-03-03 16:55:50 ===
Hour: 16, Period: afternoon
Mode: engaged (duration: 3.7s)
Aggression: 0.01
Flow: direction=0.25, x_offset=-15.1
Light position (normalized): x=0.25, z=0.58
Almost-engaged: False, strategy: none
Person zone: active

=== Engagement at 2026-03-03 16:55:51 ===
Hour: 16, Period: afternoon
Mode: engaged (duration: 4.6s)
Aggression: 0.00
Flow: direction=0.25, x_offset=-15.1
Light position (normalized): x=0.54, z=0.59
Almost-engaged: False, strategy: none
Person zone: active

=== Engagement at 2026-03-03 16:55:51 ===
Hour: 16, Period: afternoon
Mode: engaged (duration: 4.8s)
Aggression: 0.00
Flow: direction=0.25, x_offset=-15.1
Light position (normalized): x=0.57, z=0.59
Almost-engaged: False, strategy: none
Person zone: active

=== Engagement at 2026-03-03 16:56:37 ===
Hour: 16, Period: afternoon
Mode: aware (duration: 37.5s)
Aggression: 0.03
Flow: direction=0.96, x_offset=-57.9
Light position (normalized): x=0.32, z=0.40
Almost-engaged: False, strategy: none
Person zone: active

=== Engagement at 2026-03-03 16:56:38 ===
Hour: 16, Period: afternoon
Mode: engaged (duration: 1.7s)
Aggression: 0.00
Flow: direction=0.97, x_offset=-58.0
Light position (normalized): x=0.48, z=0.26
Almost-engaged: False, strategy: none
Person zone: active

=== Engagement at 2026-03-03 16:56:39 ===
Hour: 16, Period: afternoon
Mode: engaged (duration: 2.0s)
Aggression: 0.00
Flow: direction=0.97, x_offset=-58.0
Light position (normalized): x=0.56, z=0.26
Almost-engaged: False, strategy: none
Person zone: active

=== Engagement at 2026-03-03 16:58:07 ===
Hour: 16, Period: afternoon
Mode: aware (duration: 22.3s)
Aggression: 0.06
Flow: direction=0.31, x_offset=-18.5
Light position (normalized): x=0.33, z=0.41
Almost-engaged: False, strategy: none
Person zone: active

=== Engagement at 2026-03-03 16:58:37 ===
Hour: 16, Period: afternoon
Mode: aware (duration: 16.6s)
Aggression: 0.02
Flow: direction=-0.25, x_offset=15.1
Light position (normalized): x=0.09, z=0.27
Almost-engaged: False, strategy: none
Person zone: active

=== Engagement at 2026-03-03 16:58:37 ===
Hour: 16, Period: afternoon
Mode: aware (duration: 16.6s)
Aggression: 0.02
Flow: direction=-0.25, x_offset=15.1
Light position (normalized): x=0.09, z=0.27
Almost-engaged: False, strategy: none
Person zone: active

=== Engagement at 2026-03-03 16:58:44 ===
Hour: 16, Period: afternoon
Mode: engaged (duration: 6.9s)
Aggression: 0.02
Flow: direction=-0.50, x_offset=30.2
Light position (normalized): x=0.75, z=0.41
Almost-engaged: False, strategy: none
Person zone: active

=== Engagement at 2026-03-03 16:58:44 ===
Hour: 16, Period: afternoon
Mode: engaged (duration: 6.9s)
Aggression: 0.02
Flow: direction=-0.50, x_offset=30.2
Light position (normalized): x=0.75, z=0.41
Almost-engaged: False, strategy: none
Person zone: active

=== Engagement at 2026-03-03 16:58:45 ===
Hour: 16, Period: afternoon
Mode: engaged (duration: 8.8s)
Aggression: 0.00
Flow: direction=-0.53, x_offset=31.8
Light position (normalized): x=0.89, z=0.52
Almost-engaged: False, strategy: none
Person zone: active

=== Engagement at 2026-03-03 16:58:45 ===
Hour: 16, Period: afternoon
Mode: engaged (duration: 8.8s)
Aggression: 0.00
Flow: direction=-0.53, x_offset=31.8
Light position (normalized): x=0.89, z=0.52
Almost-engaged: False, strategy: none
Person zone: active

=== Engagement at 2026-03-03 16:59:03 ===
Hour: 16, Period: afternoon
Mode: aware (duration: 11.6s)
Aggression: 0.01
Flow: direction=-0.69, x_offset=41.4
Light position (normalized): x=0.79, z=0.41
Almost-engaged: False, strategy: none
Person zone: active

=== Engagement at 2026-03-03 16:59:54 ===
Hour: 16, Period: afternoon
Mode: aware (duration: 38.2s)
Aggression: 0.04
Flow: direction=0.67, x_offset=-40.5
Light position (normalized): x=0.54, z=0.37
Almost-engaged: False, strategy: none
Person zone: active

=== Engagement at 2026-03-03 17:00:14 ===
Hour: 17, Period: evening
Mode: aware (duration: 6.1s)
Aggression: 0.01
Flow: direction=0.93, x_offset=-56.0
Light position (normalized): x=0.43, z=0.52
Almost-engaged: False, strategy: none
Person zone: active

=== Engagement at 2026-03-03 17:00:18 ===
Hour: 17, Period: evening
Mode: engaged (duration: 4.6s)
Aggression: 0.00
Flow: direction=0.89, x_offset=-53.5
Light position (normalized): x=0.56, z=0.32
Almost-engaged: False, strategy: none
Person zone: active

=== Engagement at 2026-03-03 17:00:18 ===
Hour: 17, Period: evening
Mode: engaged (duration: 4.6s)
Aggression: 0.00
Flow: direction=0.89, x_offset=-53.5
Light position (normalized): x=0.56, z=0.32
Almost-engaged: False, strategy: none
Person zone: active

=== Engagement at 2026-03-03 17:00:34 ===
Hour: 17, Period: evening
Mode: aware (duration: 7.5s)
Aggression: 0.02
Flow: direction=0.03, x_offset=-2.0
Light position (normalized): x=0.45, z=0.34
Almost-engaged: False, strategy: none
Person zone: active

=== Engagement at 2026-03-03 17:00:34 ===
Hour: 17, Period: evening
Mode: aware (duration: 7.5s)
Aggression: 0.02
Flow: direction=0.03, x_offset=-2.0
Light position (normalized): x=0.45, z=0.34
Almost-engaged: False, strategy: none
Person zone: active

=== Engagement at 2026-03-03 17:00:54 ===
Hour: 17, Period: evening
Mode: aware (duration: 6.4s)
Aggression: 0.01
Flow: direction=-0.41, x_offset=24.7
Light position (normalized): x=0.15, z=0.55
Almost-engaged: False, strategy: none
Person zone: active

=== Engagement at 2026-03-03 17:01:39 ===
Hour: 17, Period: evening
Mode: aware (duration: 32.5s)
Aggression: 0.03
Flow: direction=-0.36, x_offset=21.6
Light position (normalized): x=0.86, z=0.19
Almost-engaged: False, strategy: none
Person zone: active

=== Engagement at 2026-03-03 17:01:40 ===
Hour: 17, Period: evening
Mode: engaged (duration: 0.2s)
Aggression: 0.01
Flow: direction=-0.36, x_offset=21.6
Light position (normalized): x=0.90, z=0.17
Almost-engaged: False, strategy: none
Person zone: active

=== Engagement at 2026-03-03 17:01:40 ===
Hour: 17, Period: evening
Mode: engaged (duration: 0.4s)
Aggression: 0.01
Flow: direction=-0.36, x_offset=21.6
Light position (normalized): x=0.90, z=0.16
Almost-engaged: False, strategy: none
Person zone: active

=== Engagement at 2026-03-03 17:01:41 ===
Hour: 17, Period: evening
Mode: engaged (duration: 1.7s)
Aggression: 0.00
Flow: direction=-0.18, x_offset=11.0
Light position (normalized): x=0.90, z=0.13
Almost-engaged: False, strategy: none
Person zone: active

=== Engagement at 2026-03-03 17:01:52 ===
Hour: 17, Period: evening
Mode: aware (duration: 0.1s)
Aggression: 0.01
Flow: direction=0.65, x_offset=-39.0
Light position (normalized): x=0.23, z=0.31
Almost-engaged: False, strategy: none
Person zone: active

=== Engagement at 2026-03-03 17:01:56 ===
Hour: 17, Period: evening
Mode: aware (duration: 3.2s)
Aggression: 0.00
Flow: direction=0.71, x_offset=-42.5
Light position (normalized): x=0.28, z=0.21
Almost-engaged: False, strategy: none
Person zone: active

=== Engagement at 2026-03-03 17:01:56 ===
Hour: 17, Period: evening
Mode: aware (duration: 3.2s)
Aggression: 0.00
Flow: direction=0.71, x_offset=-42.5
Light position (normalized): x=0.28, z=0.21
Almost-engaged: False, strategy: none
Person zone: active

=== Engagement at 2026-03-03 17:02:58 ===
Hour: 17, Period: evening
Mode: aware (duration: 49.4s)
Aggression: 0.04
Flow: direction=0.87, x_offset=-52.2
Light position (normalized): x=0.08, z=0.59
Almost-engaged: False, strategy: none
Person zone: active

=== Engagement at 2026-03-03 17:02:58 ===
Hour: 17, Period: evening
Mode: aware (duration: 49.4s)
Aggression: 0.04
Flow: direction=0.87, x_offset=-52.2
Light position (normalized): x=0.08, z=0.59
Almost-engaged: False, strategy: none
Person zone: active

=== Engagement at 2026-03-03 17:03:01 ===
Hour: 17, Period: evening
Mode: engaged (duration: 2.4s)
Aggression: 0.00
Flow: direction=0.87, x_offset=-52.2
Light position (normalized): x=0.29, z=0.45
Almost-engaged: False, strategy: none
Person zone: active

=== Engagement at 2026-03-03 17:03:16 ===
Hour: 17, Period: evening
Mode: aware (duration: 5.0s)
Aggression: 0.02
Flow: direction=0.91, x_offset=-54.5
Light position (normalized): x=0.54, z=0.33
Almost-engaged: False, strategy: none
Person zone: active

=== Engagement at 2026-03-03 17:03:36 ===
Hour: 17, Period: evening
Mode: aware (duration: 7.1s)
Aggression: 0.02
Flow: direction=0.85, x_offset=-51.2
Light position (normalized): x=0.61, z=0.45
Almost-engaged: False, strategy: none
Person zone: active

=== Engagement at 2026-03-03 17:03:44 ===
Hour: 17, Period: evening
Mode: engaged (duration: 7.3s)
Aggression: 0.01
Flow: direction=0.79, x_offset=-47.3
Light position (normalized): x=0.68, z=0.53
Almost-engaged: False, strategy: none
Person zone: active

=== Engagement at 2026-03-03 17:03:44 ===
Hour: 17, Period: evening
Mode: engaged (duration: 7.3s)
Aggression: 0.01
Flow: direction=0.79, x_offset=-47.3
Light position (normalized): x=0.68, z=0.53
Almost-engaged: False, strategy: none
Person zone: active

=== Engagement at 2026-03-03 17:03:49 ===
Hour: 17, Period: evening
Mode: engaged (duration: 12.6s)
Aggression: 0.00
Flow: direction=0.77, x_offset=-46.0
Light position (normalized): x=0.62, z=0.54
Almost-engaged: False, strategy: none
Person zone: active

=== Engagement at 2026-03-03 17:03:53 ===
Hour: 17, Period: evening
Mode: engaged (duration: 16.4s)
Aggression: 0.01
Flow: direction=0.73, x_offset=-44.0
Light position (normalized): x=0.72, z=0.25
Almost-engaged: False, strategy: none
Person zone: active

=== Engagement at 2026-03-03 17:05:09 ===
Hour: 17, Period: evening
Mode: aware (duration: 69.8s)
Aggression: 0.06
Flow: direction=0.33, x_offset=-19.6
Light position (normalized): x=0.07, z=0.45
Almost-engaged: False, strategy: none
Person zone: active

=== Engagement at 2026-03-03 17:05:09 ===
Hour: 17, Period: evening
Mode: aware (duration: 69.8s)
Aggression: 0.06
Flow: direction=0.33, x_offset=-19.6
Light position (normalized): x=0.07, z=0.45
Almost-engaged: False, strategy: none
Person zone: active

=== Engagement at 2026-03-03 17:05:11 ===
Hour: 17, Period: evening
Mode: engaged (duration: 1.9s)
Aggression: 0.00
Flow: direction=0.34, x_offset=-20.4
Light position (normalized): x=0.90, z=0.58
Almost-engaged: False, strategy: none
Person zone: active

=== Engagement at 2026-03-03 17:05:11 ===
Hour: 17, Period: evening
Mode: engaged (duration: 1.9s)
Aggression: 0.00
Flow: direction=0.34, x_offset=-20.4
Light position (normalized): x=0.90, z=0.58
Almost-engaged: False, strategy: none
Person zone: active

=== Engagement at 2026-03-03 17:05:16 ===
Hour: 17, Period: evening
Mode: engaged (duration: 6.6s)
Aggression: 0.00
Flow: direction=0.39, x_offset=-23.3
Light position (normalized): x=0.58, z=0.32
Almost-engaged: False, strategy: none
Person zone: active

=== Engagement at 2026-03-03 17:05:27 ===
Hour: 17, Period: evening
Mode: aware (duration: 4.8s)
Aggression: 0.02
Flow: direction=0.70, x_offset=-41.9
Light position (normalized): x=0.32, z=0.53
Almost-engaged: False, strategy: none
Person zone: active

=== Engagement at 2026-03-03 17:05:41 ===
Hour: 17, Period: evening
Mode: aware (duration: 0.6s)
Aggression: 0.02
Flow: direction=0.75, x_offset=-44.9
Light position (normalized): x=0.48, z=0.22
Almost-engaged: False, strategy: none
Person zone: active

=== Engagement at 2026-03-03 17:05:41 ===
Hour: 17, Period: evening
Mode: aware (duration: 0.6s)
Aggression: 0.02
Flow: direction=0.75, x_offset=-44.9
Light position (normalized): x=0.48, z=0.22
Almost-engaged: False, strategy: none
Person zone: active

=== Engagement at 2026-03-03 17:05:42 ===
Hour: 17, Period: evening
Mode: aware (duration: 2.4s)
Aggression: 0.00
Flow: direction=0.75, x_offset=-45.0
Light position (normalized): x=0.66, z=0.45
Almost-engaged: False, strategy: none
Person zone: active

=== Engagement at 2026-03-03 17:05:49 ===
Hour: 17, Period: evening
Mode: engaged (duration: 6.6s)
Aggression: 0.01
Flow: direction=0.71, x_offset=-42.9
Light position (normalized): x=0.70, z=0.27
Almost-engaged: False, strategy: none
Person zone: active

=== Engagement at 2026-03-03 17:05:49 ===
Hour: 17, Period: evening
Mode: engaged (duration: 6.6s)
Aggression: 0.01
Flow: direction=0.71, x_offset=-42.9
Light position (normalized): x=0.70, z=0.27
Almost-engaged: False, strategy: none
Person zone: active

=== Engagement at 2026-03-03 17:05:50 ===
Hour: 17, Period: evening
Mode: engaged (duration: 7.1s)
Aggression: 0.00
Flow: direction=0.71, x_offset=-42.9
Light position (normalized): x=0.86, z=0.58
Almost-engaged: False, strategy: none
Person zone: active

=== Engagement at 2026-03-03 17:05:50 ===
Hour: 17, Period: evening
Mode: engaged (duration: 7.1s)
Aggression: 0.00
Flow: direction=0.71, x_offset=-42.9
Light position (normalized): x=0.86, z=0.58
Almost-engaged: False, strategy: none
Person zone: active

=== Engagement at 2026-03-03 17:05:51 ===
Hour: 17, Period: evening
Mode: engaged (duration: 8.2s)
Aggression: 0.00
Flow: direction=0.72, x_offset=-43.3
Light position (normalized): x=0.76, z=0.32
Almost-engaged: False, strategy: none
Person zone: active

=== Engagement at 2026-03-03 17:05:51 ===
Hour: 17, Period: evening
Mode: engaged (duration: 8.2s)
Aggression: 0.00
Flow: direction=0.72, x_offset=-43.3
Light position (normalized): x=0.76, z=0.32
Almost-engaged: False, strategy: none
Person zone: active

=== Engagement at 2026-03-03 17:06:39 ===
Hour: 17, Period: evening
Mode: aware (duration: 41.7s)
Aggression: 0.02
Flow: direction=0.89, x_offset=-53.2
Light position (normalized): x=0.37, z=0.37
Almost-engaged: False, strategy: none
Person zone: active

=== Engagement at 2026-03-03 17:06:56 ===
Hour: 17, Period: evening
Mode: aware (duration: 4.2s)
Aggression: 0.01
Flow: direction=0.96, x_offset=-57.5
Light position (normalized): x=0.21, z=0.55
Almost-engaged: False, strategy: none
Person zone: active

=== Engagement at 2026-03-03 17:06:57 ===
Hour: 17, Period: evening
Mode: engaged (duration: 0.4s)
Aggression: 0.00
Flow: direction=0.96, x_offset=-57.5
Light position (normalized): x=0.42, z=0.54
Almost-engaged: False, strategy: none
Person zone: active

=== Engagement at 2026-03-03 17:07:04 ===
Hour: 17, Period: evening
Mode: engaged (duration: 7.2s)
Aggression: 0.01
Flow: direction=0.97, x_offset=-57.9
Light position (normalized): x=0.43, z=0.19
Almost-engaged: False, strategy: none
Person zone: active

=== Engagement at 2026-03-03 17:07:04 ===
Hour: 17, Period: evening
Mode: engaged (duration: 7.2s)
Aggression: 0.01
Flow: direction=0.97, x_offset=-57.9
Light position (normalized): x=0.43, z=0.19
Almost-engaged: False, strategy: none
Person zone: active

=== Engagement at 2026-03-03 17:07:10 ===
Hour: 17, Period: evening
Mode: engaged (duration: 13.5s)
Aggression: 0.01
Flow: direction=0.75, x_offset=-44.9
Light position (normalized): x=0.38, z=0.29
Almost-engaged: False, strategy: none
Person zone: active

=== Engagement at 2026-03-03 17:07:25 ===
Hour: 17, Period: evening
Mode: aware (duration: 10.0s)
Aggression: 0.02
Flow: direction=0.61, x_offset=-36.8
Light position (normalized): x=0.33, z=0.06
Almost-engaged: False, strategy: none
Person zone: active

=== Engagement at 2026-03-03 17:07:25 ===
Hour: 17, Period: evening
Mode: aware (duration: 10.0s)
Aggression: 0.02
Flow: direction=0.61, x_offset=-36.8
Light position (normalized): x=0.33, z=0.06
Almost-engaged: False, strategy: none
Person zone: active

=== Engagement at 2026-03-03 17:07:31 ===
Hour: 17, Period: evening
Mode: engaged (duration: 5.7s)
Aggression: 0.01
Flow: direction=0.50, x_offset=-29.9
Light position (normalized): x=0.60, z=0.26
Almost-engaged: False, strategy: none
Person zone: active

=== Engagement at 2026-03-03 17:07:36 ===
Hour: 17, Period: evening
Mode: engaged (duration: 10.7s)
Aggression: 0.00
Flow: direction=0.39, x_offset=-23.6
Light position (normalized): x=0.64, z=0.54
Almost-engaged: False, strategy: none
Person zone: active

=== Engagement at 2026-03-03 17:07:36 ===
Hour: 17, Period: evening
Mode: engaged (duration: 10.7s)
Aggression: 0.00
Flow: direction=0.39, x_offset=-23.6
Light position (normalized): x=0.64, z=0.54
Almost-engaged: False, strategy: none
Person zone: active

=== Engagement at 2026-03-03 17:08:16 ===
Hour: 17, Period: evening
Mode: aware (duration: 33.3s)
Aggression: 0.01
Flow: direction=0.96, x_offset=-57.5
Light position (normalized): x=0.43, z=0.27
Almost-engaged: False, strategy: none
Person zone: active

=== Engagement at 2026-03-03 17:08:16 ===
Hour: 17, Period: evening
Mode: aware (duration: 33.3s)
Aggression: 0.01
Flow: direction=0.96, x_offset=-57.5
Light position (normalized): x=0.43, z=0.27
Almost-engaged: False, strategy: none
Person zone: active

=== Engagement at 2026-03-03 17:08:41 ===
Hour: 17, Period: evening
Mode: aware (duration: 11.6s)
Aggression: 0.02
Flow: direction=0.58, x_offset=-35.0
Light position (normalized): x=0.46, z=0.05
Almost-engaged: False, strategy: none
Person zone: active

=== Engagement at 2026-03-03 17:09:23 ===
Hour: 17, Period: evening
Mode: aware (duration: 29.2s)
Aggression: 0.06
Flow: direction=0.58, x_offset=-35.1
Light position (normalized): x=0.37, z=0.40
Almost-engaged: False, strategy: none
Person zone: active

=== Engagement at 2026-03-03 17:09:23 ===
Hour: 17, Period: evening
Mode: aware (duration: 29.2s)
Aggression: 0.06
Flow: direction=0.58, x_offset=-35.1
Light position (normalized): x=0.37, z=0.40
Almost-engaged: False, strategy: none
Person zone: active

=== Engagement at 2026-03-03 17:09:35 ===
Hour: 17, Period: evening
Mode: engaged (duration: 11.8s)
Aggression: 0.01
Flow: direction=0.82, x_offset=-49.4
Light position (normalized): x=0.54, z=0.21
Almost-engaged: False, strategy: none
Person zone: active

=== Engagement at 2026-03-03 17:09:35 ===
Hour: 17, Period: evening
Mode: engaged (duration: 11.8s)
Aggression: 0.01
Flow: direction=0.82, x_offset=-49.4
Light position (normalized): x=0.54, z=0.21
Almost-engaged: False, strategy: none
Person zone: active

=== Engagement at 2026-03-03 17:10:27 ===
Hour: 17, Period: evening
Mode: aware (duration: 46.2s)
Aggression: 0.04
Flow: direction=0.39, x_offset=-23.1
Light position (normalized): x=0.29, z=0.38
Almost-engaged: False, strategy: none
Person zone: active

=== Engagement at 2026-03-03 17:10:27 ===
Hour: 17, Period: evening
Mode: aware (duration: 46.2s)
Aggression: 0.04
Flow: direction=0.39, x_offset=-23.1
Light position (normalized): x=0.29, z=0.38
Almost-engaged: False, strategy: none
Person zone: active

=== Engagement at 2026-03-03 17:10:57 ===
Hour: 17, Period: evening
Mode: aware (duration: 17.2s)
Aggression: 0.02
Flow: direction=-0.26, x_offset=5.9
Light position (normalized): x=0.26, z=0.39
Almost-engaged: False, strategy: none
Person zone: active

=== Engagement at 2026-03-03 17:11:01 ===
Hour: 17, Period: evening
Mode: engaged (duration: 3.5s)
Aggression: 0.01
Flow: direction=0.07, x_offset=-4.0
Light position (normalized): x=0.40, z=0.22
Almost-engaged: False, strategy: none
Person zone: active

=== Engagement at 2026-03-03 17:11:59 ===
Hour: 17, Period: evening
Mode: aware (duration: 49.0s)
Aggression: 0.05
Flow: direction=1.00, x_offset=-59.7
Light position (normalized): x=0.14, z=0.08
Almost-engaged: False, strategy: none
Person zone: active

=== Engagement at 2026-03-03 17:12:50 ===
Hour: 17, Period: evening
Mode: aware (duration: 37.2s)
Aggression: 0.05
Flow: direction=0.75, x_offset=-45.0
Light position (normalized): x=0.34, z=0.54
Almost-engaged: False, strategy: none
Person zone: active

=== Engagement at 2026-03-03 17:13:11 ===
Hour: 17, Period: evening
Mode: aware (duration: 8.6s)
Aggression: 0.03
Flow: direction=0.60, x_offset=-36.3
Light position (normalized): x=0.29, z=0.32
Almost-engaged: False, strategy: none
Person zone: active

=== Engagement at 2026-03-03 17:13:26 ===
Hour: 17, Period: evening
Mode: aware (duration: 1.2s)
Aggression: 0.01
Flow: direction=0.66, x_offset=-39.8
Light position (normalized): x=0.28, z=0.53
Almost-engaged: False, strategy: none
Person zone: active

=== Engagement at 2026-03-03 17:14:05 ===
Hour: 17, Period: evening
Mode: aware (duration: 25.2s)
Aggression: 0.03
Flow: direction=-0.46, x_offset=27.6
Light position (normalized): x=0.10, z=0.39
Almost-engaged: False, strategy: none
Person zone: active

=== Engagement at 2026-03-03 17:15:07 ===
Hour: 17, Period: evening
Mode: aware (duration: 49.3s)
Aggression: 0.03
Flow: direction=0.46, x_offset=-27.4
Light position (normalized): x=0.74, z=0.14
Almost-engaged: False, strategy: none
Person zone: active

=== Engagement at 2026-03-03 17:15:18 ===
Hour: 17, Period: evening
Mode: engaged (duration: 11.2s)
Aggression: 0.01
Flow: direction=0.57, x_offset=-34.2
Light position (normalized): x=0.55, z=0.23
Almost-engaged: False, strategy: none
Person zone: active

=== Engagement at 2026-03-03 17:15:18 ===
Hour: 17, Period: evening
Mode: engaged (duration: 11.2s)
Aggression: 0.01
Flow: direction=0.57, x_offset=-34.2
Light position (normalized): x=0.55, z=0.23
Almost-engaged: False, strategy: none
Person zone: active

=== Engagement at 2026-03-03 17:15:22 ===
Hour: 17, Period: evening
Mode: engaged (duration: 14.6s)
Aggression: 0.01
Flow: direction=0.57, x_offset=-34.3
Light position (normalized): x=0.78, z=0.45
Almost-engaged: False, strategy: none
Person zone: active

=== Engagement at 2026-03-03 17:15:24 ===
Hour: 17, Period: evening
Mode: engaged (duration: 16.6s)
Aggression: 0.01
Flow: direction=0.51, x_offset=-30.4
Light position (normalized): x=0.79, z=0.47
Almost-engaged: False, strategy: none
Person zone: active

=== Engagement at 2026-03-03 17:15:25 ===
Hour: 17, Period: evening
Mode: engaged (duration: 17.8s)
Aggression: 0.00
Flow: direction=0.46, x_offset=-27.4
Light position (normalized): x=0.70, z=0.37
Almost-engaged: False, strategy: none
Person zone: active

=== Engagement at 2026-03-03 17:15:25 ===
Hour: 17, Period: evening
Mode: engaged (duration: 17.8s)
Aggression: 0.00
Flow: direction=0.46, x_offset=-27.4
Light position (normalized): x=0.70, z=0.37
Almost-engaged: False, strategy: none
Person zone: active

=== Engagement at 2026-03-03 17:15:32 ===
Hour: 17, Period: evening
Mode: aware (duration: 0.1s)
Aggression: 0.02
Flow: direction=0.31, x_offset=-18.5
Light position (normalized): x=0.72, z=0.21
Almost-engaged: False, strategy: none
Person zone: active

=== Engagement at 2026-03-03 17:15:32 ===
Hour: 17, Period: evening
Mode: aware (duration: 0.1s)
Aggression: 0.02
Flow: direction=0.31, x_offset=-18.5
Light position (normalized): x=0.72, z=0.21
Almost-engaged: False, strategy: none
Person zone: active

=== Engagement at 2026-03-03 17:15:35 ===
Hour: 17, Period: evening
Mode: engaged (duration: 1.1s)
Aggression: 0.00
Flow: direction=0.28, x_offset=-17.0
Light position (normalized): x=0.73, z=0.48
Almost-engaged: False, strategy: none
Person zone: active

=== Engagement at 2026-03-03 17:15:37 ===
Hour: 17, Period: evening
Mode: engaged (duration: 3.5s)
Aggression: 0.01
Flow: direction=0.28, x_offset=-16.8
Light position (normalized): x=0.58, z=0.32
Almost-engaged: False, strategy: none
Person zone: active

=== Engagement at 2026-03-03 17:15:39 ===
Hour: 17, Period: evening
Mode: engaged (duration: 5.4s)
Aggression: 0.01
Flow: direction=0.28, x_offset=-16.9
Light position (normalized): x=0.65, z=0.24
Almost-engaged: False, strategy: none
Person zone: active

=== Engagement at 2026-03-03 17:16:37 ===
Hour: 17, Period: evening
Mode: aware (duration: 50.3s)
Aggression: 0.04
Flow: direction=0.52, x_offset=-31.2
Light position (normalized): x=0.11, z=0.34
Almost-engaged: False, strategy: none
Person zone: active

=== Engagement at 2026-03-03 17:16:37 ===
Hour: 17, Period: evening
Mode: aware (duration: 50.3s)
Aggression: 0.04
Flow: direction=0.52, x_offset=-31.2
Light position (normalized): x=0.11, z=0.34
Almost-engaged: False, strategy: none
Person zone: active

=== Engagement at 2026-03-03 17:16:40 ===
Hour: 17, Period: evening
Mode: engaged (duration: 3.1s)
Aggression: 0.01
Flow: direction=0.44, x_offset=-26.5
Light position (normalized): x=0.66, z=0.28
Almost-engaged: False, strategy: none
Person zone: active

=== Engagement at 2026-03-03 17:16:40 ===
Hour: 17, Period: evening
Mode: engaged (duration: 3.1s)
Aggression: 0.01
Flow: direction=0.44, x_offset=-26.5
Light position (normalized): x=0.66, z=0.28
Almost-engaged: False, strategy: none
Person zone: active

=== Engagement at 2026-03-03 17:17:00 ===
Hour: 17, Period: evening
Mode: aware (duration: 9.9s)
Aggression: 0.03
Flow: direction=0.49, x_offset=-29.6
Light position (normalized): x=0.42, z=0.22
Almost-engaged: False, strategy: none
Person zone: active

=== Engagement at 2026-03-03 17:17:05 ===
Hour: 17, Period: evening
Mode: engaged (duration: 4.6s)
Aggression: 0.01
Flow: direction=0.49, x_offset=-29.2
Light position (normalized): x=0.57, z=0.27
Almost-engaged: False, strategy: none
Person zone: active

=== Engagement at 2026-03-03 17:17:06 ===
Hour: 17, Period: evening
Mode: engaged (duration: 5.4s)
Aggression: 0.00
Flow: direction=0.45, x_offset=-26.8
Light position (normalized): x=0.44, z=0.33
Almost-engaged: False, strategy: none
Person zone: active

=== Engagement at 2026-03-03 17:17:06 ===
Hour: 17, Period: evening
Mode: engaged (duration: 5.4s)
Aggression: 0.00
Flow: direction=0.45, x_offset=-26.8
Light position (normalized): x=0.44, z=0.33
Almost-engaged: False, strategy: none
Person zone: active

=== Engagement at 2026-03-03 17:18:19 ===
Hour: 17, Period: evening
Mode: aware (duration: 66.1s)
Aggression: 0.03
Flow: direction=0.12, x_offset=-7.3
Light position (normalized): x=0.82, z=0.32
Almost-engaged: False, strategy: none
Person zone: active

=== Engagement at 2026-03-03 17:18:19 ===
Hour: 17, Period: evening
Mode: aware (duration: 66.1s)
Aggression: 0.03
Flow: direction=0.12, x_offset=-7.3
Light position (normalized): x=0.82, z=0.32
Almost-engaged: False, strategy: none
Person zone: active

=== Engagement at 2026-03-03 17:18:41 ===
Hour: 17, Period: evening
Mode: aware (duration: 8.8s)
Aggression: 0.03
Flow: direction=-0.12, x_offset=7.0
Light position (normalized): x=0.82, z=0.39
Almost-engaged: False, strategy: none
Person zone: active

=== Engagement at 2026-03-03 17:18:45 ===
Hour: 17, Period: evening
Mode: engaged (duration: 3.5s)
Aggression: 0.01
Flow: direction=0.04, x_offset=-2.5
Light position (normalized): x=0.80, z=0.49
Almost-engaged: False, strategy: none
Person zone: active

=== Engagement at 2026-03-03 17:18:59 ===
Hour: 17, Period: evening
Mode: aware (duration: 4.2s)
Aggression: 0.02
Flow: direction=0.42, x_offset=-25.1
Light position (normalized): x=0.07, z=0.09
Almost-engaged: False, strategy: none
Person zone: active

=== Engagement at 2026-03-03 17:18:59 ===
Hour: 17, Period: evening
Mode: aware (duration: 4.2s)
Aggression: 0.02
Flow: direction=0.42, x_offset=-25.1
Light position (normalized): x=0.07, z=0.09
Almost-engaged: False, strategy: none
Person zone: active

=== Engagement at 2026-03-03 17:19:02 ===
Hour: 17, Period: evening
Mode: engaged (duration: 2.7s)
Aggression: 0.00
Flow: direction=0.41, x_offset=-24.5
Light position (normalized): x=0.67, z=0.24
Almost-engaged: False, strategy: none
Person zone: active

=== Engagement at 2026-03-03 17:19:02 ===
Hour: 17, Period: evening
Mode: engaged (duration: 2.9s)
Aggression: 0.00
Flow: direction=0.41, x_offset=-24.5
Light position (normalized): x=0.66, z=0.24
Almost-engaged: False, strategy: none
Person zone: active

=== Engagement at 2026-03-03 17:19:02 ===
Hour: 17, Period: evening
Mode: engaged (duration: 2.9s)
Aggression: 0.00
Flow: direction=0.41, x_offset=-24.5
Light position (normalized): x=0.66, z=0.24
Almost-engaged: False, strategy: none
Person zone: active

=== Engagement at 2026-03-03 17:20:55 ===
Hour: 17, Period: evening
Mode: aware (duration: 20.5s)
Aggression: 0.07
Flow: direction=0.87, x_offset=-52.3
Light position (normalized): x=0.44, z=0.57
Almost-engaged: False, strategy: none
Person zone: active

=== Engagement at 2026-03-03 17:20:55 ===
Hour: 17, Period: evening
Mode: aware (duration: 20.5s)
Aggression: 0.07
Flow: direction=0.87, x_offset=-52.3
Light position (normalized): x=0.44, z=0.57
Almost-engaged: False, strategy: none
Person zone: active

=== Engagement at 2026-03-03 17:20:56 ===
Hour: 17, Period: evening
Mode: engaged (duration: 1.0s)
Aggression: 0.01
Flow: direction=0.87, x_offset=-52.3
Light position (normalized): x=0.35, z=0.59
Almost-engaged: False, strategy: none
Person zone: active

=== Engagement at 2026-03-03 17:21:02 ===
Hour: 17, Period: evening
Mode: engaged (duration: 6.7s)
Aggression: 0.00
Flow: direction=0.93, x_offset=-56.0
Light position (normalized): x=0.83, z=0.07
Almost-engaged: False, strategy: none
Person zone: active

=== Engagement at 2026-03-03 17:21:02 ===
Hour: 17, Period: evening
Mode: engaged (duration: 6.7s)
Aggression: 0.00
Flow: direction=0.93, x_offset=-56.0
Light position (normalized): x=0.83, z=0.07
Almost-engaged: False, strategy: none
Person zone: active

=== Engagement at 2026-03-03 17:21:14 ===
Hour: 17, Period: evening
Mode: aware (duration: 5.8s)
Aggression: 0.00
Flow: direction=0.96, x_offset=-57.8
Light position (normalized): x=0.45, z=0.24
Almost-engaged: False, strategy: none
Person zone: active

=== Engagement at 2026-03-03 17:21:14 ===
Hour: 17, Period: evening
Mode: aware (duration: 5.8s)
Aggression: 0.00
Flow: direction=0.96, x_offset=-57.8
Light position (normalized): x=0.45, z=0.24
Almost-engaged: False, strategy: none
Person zone: active

=== Engagement at 2026-03-03 17:22:22 ===
Hour: 17, Period: evening
Mode: aware (duration: 54.7s)
Aggression: 0.07
Flow: direction=0.44, x_offset=-26.5
Light position (normalized): x=0.10, z=0.27
Almost-engaged: False, strategy: none
Person zone: active

=== Engagement at 2026-03-03 17:22:55 ===
Hour: 17, Period: evening
Mode: aware (duration: 19.8s)
Aggression: 0.06
Flow: direction=0.60, x_offset=-36.1
Light position (normalized): x=0.46, z=0.44
Almost-engaged: False, strategy: none
Person zone: active

=== Engagement at 2026-03-03 17:22:55 ===
Hour: 17, Period: evening
Mode: aware (duration: 19.8s)
Aggression: 0.06
Flow: direction=0.60, x_offset=-36.1
Light position (normalized): x=0.46, z=0.44
Almost-engaged: False, strategy: none
Person zone: active

=== Engagement at 2026-03-03 17:23:08 ===
Hour: 17, Period: evening
Mode: aware (duration: 0.8s)
Aggression: 0.01
Flow: direction=0.69, x_offset=-41.5
Light position (normalized): x=0.69, z=0.39
Almost-engaged: False, strategy: none
Person zone: active

=== Engagement at 2026-03-03 17:23:12 ===
Hour: 17, Period: evening
Mode: engaged (duration: 1.9s)
Aggression: 0.00
Flow: direction=0.66, x_offset=-39.4
Light position (normalized): x=0.77, z=0.30
Almost-engaged: False, strategy: none
Person zone: active

=== Engagement at 2026-03-03 17:23:12 ===
Hour: 17, Period: evening
Mode: engaged (duration: 1.9s)
Aggression: 0.00
Flow: direction=0.66, x_offset=-39.4
Light position (normalized): x=0.77, z=0.30
Almost-engaged: False, strategy: none
Person zone: active

=== Engagement at 2026-03-03 17:24:15 ===
Hour: 17, Period: evening
Mode: aware (duration: 52.0s)
Aggression: 0.05
Flow: direction=-0.14, x_offset=8.4
Light position (normalized): x=0.86, z=0.23
Almost-engaged: False, strategy: none
Person zone: active

=== Engagement at 2026-03-03 17:24:15 ===
Hour: 17, Period: evening
Mode: aware (duration: 52.0s)
Aggression: 0.05
Flow: direction=-0.14, x_offset=8.4
Light position (normalized): x=0.86, z=0.23
Almost-engaged: False, strategy: none
Person zone: active

=== Engagement at 2026-03-03 17:24:25 ===
Hour: 17, Period: evening
Mode: engaged (duration: 10.0s)
Aggression: 0.02
Flow: direction=0.35, x_offset=-21.3
Light position (normalized): x=0.65, z=0.28
Almost-engaged: False, strategy: none
Person zone: active

=== Engagement at 2026-03-03 17:24:25 ===
Hour: 17, Period: evening
Mode: engaged (duration: 10.0s)
Aggression: 0.02
Flow: direction=0.35, x_offset=-21.3
Light position (normalized): x=0.65, z=0.28
Almost-engaged: False, strategy: none
Person zone: active

=== Engagement at 2026-03-03 17:24:48 ===
Hour: 17, Period: evening
Mode: aware (duration: 17.3s)
Aggression: 0.04
Flow: direction=0.61, x_offset=-36.5
Light position (normalized): x=0.51, z=0.39
Almost-engaged: False, strategy: none
Person zone: active

=== Engagement at 2026-03-03 17:24:58 ===
Hour: 17, Period: evening
Mode: engaged (duration: 10.0s)
Aggression: 0.02
Flow: direction=0.50, x_offset=-29.8
Light position (normalized): x=0.50, z=0.54
Almost-engaged: False, strategy: none
Person zone: active

=== Engagement at 2026-03-03 17:25:18 ===
Hour: 17, Period: evening
Mode: aware (duration: 14.0s)
Aggression: 0.00
Flow: direction=0.61, x_offset=-36.3
Light position (normalized): x=0.34, z=0.17
Almost-engaged: False, strategy: none
Person zone: active

=== Engagement at 2026-03-03 17:25:18 ===
Hour: 17, Period: evening
Mode: aware (duration: 14.0s)
Aggression: 0.00
Flow: direction=0.61, x_offset=-36.3
Light position (normalized): x=0.34, z=0.17
Almost-engaged: False, strategy: none
Person zone: active

=== Engagement at 2026-03-03 17:25:23 ===
Hour: 17, Period: evening
Mode: engaged (duration: 5.0s)
Aggression: 0.00
Flow: direction=0.61, x_offset=-36.4
Light position (normalized): x=0.23, z=0.42
Almost-engaged: False, strategy: none
Person zone: active

=== Engagement at 2026-03-03 17:25:29 ===
Hour: 17, Period: evening
Mode: engaged (duration: 11.0s)
Aggression: 0.01
Flow: direction=0.12, x_offset=-7.4
Light position (normalized): x=0.30, z=0.23
Almost-engaged: False, strategy: none
Person zone: active

=== Engagement at 2026-03-03 17:26:55 ===
Hour: 17, Period: evening
Mode: aware (duration: 79.8s)
Aggression: 0.05
Flow: direction=0.19, x_offset=-11.3
Light position (normalized): x=0.55, z=0.49
Almost-engaged: False, strategy: none
Person zone: active

=== Engagement at 2026-03-03 17:26:57 ===
Hour: 17, Period: evening
Mode: engaged (duration: 2.4s)
Aggression: 0.01
Flow: direction=0.19, x_offset=-11.5
Light position (normalized): x=0.47, z=0.34
Almost-engaged: False, strategy: none
Person zone: active

=== Engagement at 2026-03-03 17:26:59 ===
Hour: 17, Period: evening
Mode: engaged (duration: 4.4s)
Aggression: 0.00
Flow: direction=0.17, x_offset=-10.0
Light position (normalized): x=0.68, z=0.46
Almost-engaged: False, strategy: none
Person zone: active

=== Engagement at 2026-03-03 17:26:59 ===
Hour: 17, Period: evening
Mode: engaged (duration: 4.4s)
Aggression: 0.00
Flow: direction=0.17, x_offset=-10.0
Light position (normalized): x=0.68, z=0.46
Almost-engaged: False, strategy: none
Person zone: active

=== Engagement at 2026-03-03 17:28:16 ===
Hour: 17, Period: evening
Mode: aware (duration: 67.9s)
Aggression: 0.05
Flow: direction=0.86, x_offset=-51.5
Light position (normalized): x=0.29, z=0.32
Almost-engaged: False, strategy: none
Person zone: active

=== Engagement at 2026-03-03 17:28:18 ===
Hour: 17, Period: evening
Mode: engaged (duration: 2.2s)
Aggression: 0.00
Flow: direction=0.87, x_offset=-52.0
Light position (normalized): x=0.83, z=0.26
Almost-engaged: False, strategy: none
Person zone: active

=== Engagement at 2026-03-03 17:29:28 ===
Hour: 17, Period: evening
Mode: aware (duration: 59.7s)
Aggression: 0.05
Flow: direction=0.04, x_offset=-2.3
Light position (normalized): x=0.07, z=0.29
Almost-engaged: False, strategy: none
Person zone: active

=== Engagement at 2026-03-03 17:29:29 ===
Hour: 17, Period: evening
Mode: engaged (duration: 0.8s)
Aggression: 0.01
Flow: direction=0.08, x_offset=-4.5
Light position (normalized): x=0.23, z=0.25
Almost-engaged: False, strategy: none
Person zone: active

=== Engagement at 2026-03-03 17:30:15 ===
Hour: 17, Period: evening
Mode: aware (duration: 34.1s)
Aggression: 0.04
Flow: direction=0.91, x_offset=-54.5
Light position (normalized): x=0.52, z=0.50
Almost-engaged: False, strategy: none
Person zone: active

=== Engagement at 2026-03-03 17:30:15 ===
Hour: 17, Period: evening
Mode: aware (duration: 34.1s)
Aggression: 0.04
Flow: direction=0.91, x_offset=-54.5
Light position (normalized): x=0.52, z=0.50
Almost-engaged: False, strategy: none
Person zone: active

=== Engagement at 2026-03-03 17:30:45 ===
Hour: 17, Period: evening
Mode: aware (duration: 16.6s)
Aggression: 0.02
Flow: direction=0.64, x_offset=-38.5
Light position (normalized): x=0.41, z=0.43
Almost-engaged: False, strategy: none
Person zone: active

=== Engagement at 2026-03-03 17:30:45 ===
Hour: 17, Period: evening
Mode: aware (duration: 16.6s)
Aggression: 0.02
Flow: direction=0.64, x_offset=-38.5
Light position (normalized): x=0.41, z=0.43
Almost-engaged: False, strategy: none
Person zone: active

=== Engagement at 2026-03-03 17:31:54 ===
Hour: 17, Period: evening
Mode: aware (duration: 55.9s)
Aggression: 0.05
Flow: direction=0.41, x_offset=-24.9
Light position (normalized): x=0.57, z=0.19
Almost-engaged: False, strategy: none
Person zone: active

=== Engagement at 2026-03-03 17:31:57 ===
Hour: 17, Period: evening
Mode: engaged (duration: 2.6s)
Aggression: 0.00
Flow: direction=0.38, x_offset=-23.0
Light position (normalized): x=0.52, z=0.49
Almost-engaged: False, strategy: none
Person zone: active

=== Engagement at 2026-03-03 17:32:15 ===
Hour: 17, Period: evening
Mode: aware (duration: 7.3s)
Aggression: 0.03
Flow: direction=0.27, x_offset=-16.4
Light position (normalized): x=0.15, z=0.25
Almost-engaged: False, strategy: none
Person zone: active

=== Engagement at 2026-03-03 17:32:15 ===
Hour: 17, Period: evening
Mode: aware (duration: 7.3s)
Aggression: 0.03
Flow: direction=0.27, x_offset=-16.4
Light position (normalized): x=0.15, z=0.25
Almost-engaged: False, strategy: none
Person zone: active

=== Engagement at 2026-03-03 17:33:06 ===
Hour: 17, Period: evening
Mode: aware (duration: 38.3s)
Aggression: 0.02
Flow: direction=-0.08, x_offset=5.0
Light position (normalized): x=0.04, z=0.44
Almost-engaged: False, strategy: none
Person zone: active

=== Engagement at 2026-03-03 17:33:51 ===
Hour: 17, Period: evening
Mode: aware (duration: 32.2s)
Aggression: 0.04
Flow: direction=-0.10, x_offset=6.1
Light position (normalized): x=0.11, z=0.38
Almost-engaged: False, strategy: none
Person zone: active

=== Engagement at 2026-03-03 17:33:53 ===
Hour: 17, Period: evening
Mode: engaged (duration: 1.6s)
Aggression: 0.00
Flow: direction=0.10, x_offset=-5.9
Light position (normalized): x=0.67, z=0.26
Almost-engaged: False, strategy: none
Person zone: active

=== Engagement at 2026-03-03 17:34:29 ===
Hour: 17, Period: evening
Mode: aware (duration: 25.0s)
Aggression: 0.01
Flow: direction=0.93, x_offset=-55.6
Light position (normalized): x=0.13, z=0.17
Almost-engaged: False, strategy: none
Person zone: active

=== Engagement at 2026-03-03 17:36:44 ===
Hour: 17, Period: evening
Mode: aware (duration: 55.2s)
Aggression: 0.08
Flow: direction=0.43, x_offset=-25.9
Light position (normalized): x=0.12, z=0.24
Almost-engaged: False, strategy: none
Person zone: active

=== Engagement at 2026-03-03 17:36:44 ===
Hour: 17, Period: evening
Mode: aware (duration: 55.2s)
Aggression: 0.08
Flow: direction=0.43, x_offset=-25.9
Light position (normalized): x=0.12, z=0.24
Almost-engaged: False, strategy: none
Person zone: active

=== Engagement at 2026-03-03 17:36:45 ===
Hour: 17, Period: evening
Mode: engaged (duration: 0.4s)
Aggression: 0.02
Flow: direction=0.43, x_offset=-25.9
Light position (normalized): x=0.40, z=0.43
Almost-engaged: False, strategy: none
Person zone: active

=== Engagement at 2026-03-03 17:37:39 ===
Hour: 17, Period: evening
Mode: aware (duration: 41.3s)
Aggression: 0.05
Flow: direction=0.02, x_offset=-1.5
Light position (normalized): x=0.75, z=0.10
Almost-engaged: False, strategy: none
Person zone: active

=== Engagement at 2026-03-03 17:37:39 ===
Hour: 17, Period: evening
Mode: aware (duration: 41.3s)
Aggression: 0.05
Flow: direction=0.02, x_offset=-1.5
Light position (normalized): x=0.75, z=0.10
Almost-engaged: False, strategy: none
Person zone: active

=== Engagement at 2026-03-03 17:38:45 ===
Hour: 17, Period: evening
Mode: aware (duration: 53.0s)
Aggression: 0.05
Flow: direction=0.62, x_offset=-37.2
Light position (normalized): x=0.46, z=0.27
Almost-engaged: False, strategy: none
Person zone: active

=== Engagement at 2026-03-03 17:38:59 ===
Hour: 17, Period: evening
Mode: aware (duration: 1.2s)
Aggression: 0.01
Flow: direction=-0.31, x_offset=18.7
Light position (normalized): x=0.62, z=0.12
Almost-engaged: False, strategy: none
Person zone: active

=== Engagement at 2026-03-03 17:39:50 ===
Hour: 17, Period: evening
Mode: aware (duration: 37.6s)
Aggression: 0.04
Flow: direction=0.53, x_offset=-31.6
Light position (normalized): x=0.13, z=0.37
Almost-engaged: False, strategy: none
Person zone: active

=== Engagement at 2026-03-03 17:40:10 ===
Hour: 17, Period: evening
Mode: aware (duration: 6.2s)
Aggression: 0.01
Flow: direction=0.66, x_offset=-39.7
Light position (normalized): x=0.11, z=0.07
Almost-engaged: False, strategy: none
Person zone: active

=== Engagement at 2026-03-03 17:41:12 ===
Hour: 17, Period: evening
Mode: aware (duration: 49.8s)
Aggression: 0.03
Flow: direction=0.91, x_offset=-54.6
Light position (normalized): x=0.28, z=0.20
Almost-engaged: False, strategy: none
Person zone: active

=== Engagement at 2026-03-03 17:41:59 ===
Hour: 17, Period: evening
Mode: aware (duration: 33.8s)
Aggression: 0.06
Flow: direction=0.90, x_offset=-53.9
Light position (normalized): x=0.53, z=0.12
Almost-engaged: False, strategy: none
Person zone: active

=== Engagement at 2026-03-03 17:42:04 ===
Hour: 17, Period: evening
Mode: engaged (duration: 4.3s)
Aggression: 0.01
Flow: direction=0.86, x_offset=-51.8
Light position (normalized): x=0.24, z=0.39
Almost-engaged: False, strategy: none
Person zone: active

=== Engagement at 2026-03-03 17:42:24 ===
Hour: 17, Period: evening
Mode: aware (duration: 11.6s)
Aggression: 0.01
Flow: direction=0.38, x_offset=-22.8
Light position (normalized): x=0.63, z=0.41
Almost-engaged: False, strategy: none
Person zone: active

=== Engagement at 2026-03-03 17:42:24 ===
Hour: 17, Period: evening
Mode: aware (duration: 11.6s)
Aggression: 0.01
Flow: direction=0.38, x_offset=-22.8
Light position (normalized): x=0.63, z=0.41
Almost-engaged: False, strategy: none
Person zone: active

=== Engagement at 2026-03-03 17:43:52 ===
Hour: 17, Period: evening
Mode: flow (duration: 39.0s)
Aggression: 0.04
Flow: direction=0.95, x_offset=-57.1
Light position (normalized): x=0.70, z=0.54
Almost-engaged: False, strategy: none
Person zone: active

=== Engagement at 2026-03-03 17:43:52 ===
Hour: 17, Period: evening
Mode: engaged (duration: 0.2s)
Aggression: 0.02
Flow: direction=0.96, x_offset=-57.3
Light position (normalized): x=0.69, z=0.55
Almost-engaged: False, strategy: none
Person zone: active

=== Engagement at 2026-03-03 17:45:31 ===
Hour: 17, Period: evening
Mode: aware (duration: 14.8s)
Aggression: 0.06
Flow: direction=0.89, x_offset=-53.4
Light position (normalized): x=0.40, z=0.34
Almost-engaged: False, strategy: none
Person zone: active

=== Engagement at 2026-03-03 17:45:31 ===
Hour: 17, Period: evening
Mode: aware (duration: 14.8s)
Aggression: 0.06
Flow: direction=0.89, x_offset=-53.4
Light position (normalized): x=0.40, z=0.34
Almost-engaged: False, strategy: none
Person zone: active

=== Engagement at 2026-03-03 17:45:49 ===
Hour: 17, Period: evening
Mode: aware (duration: 4.6s)
Aggression: 0.02
Flow: direction=0.21, x_offset=-12.5
Light position (normalized): x=0.43, z=0.43
Almost-engaged: False, strategy: none
Person zone: active

=== Engagement at 2026-03-03 17:45:57 ===
Hour: 17, Period: evening
Mode: engaged (duration: 8.0s)
Aggression: 0.01
Flow: direction=0.05, x_offset=-3.0
Light position (normalized): x=0.80, z=0.51
Almost-engaged: False, strategy: none
Person zone: active

=== Engagement at 2026-03-03 17:47:00 ===
Hour: 17, Period: evening
Mode: aware (duration: 57.3s)
Aggression: 0.03
Flow: direction=0.81, x_offset=-48.6
Light position (normalized): x=0.20, z=0.37
Almost-engaged: False, strategy: none
Person zone: active

=== Engagement at 2026-03-03 17:47:19 ===
Hour: 17, Period: evening
Mode: aware (duration: 6.1s)
Aggression: 0.02
Flow: direction=-0.15, x_offset=8.8
Light position (normalized): x=0.17, z=0.22
Almost-engaged: False, strategy: none
Person zone: active

=== Engagement at 2026-03-03 17:48:17 ===
Hour: 17, Period: evening
Mode: aware (duration: 44.7s)
Aggression: 0.03
Flow: direction=0.42, x_offset=-25.3
Light position (normalized): x=0.46, z=0.42
Almost-engaged: False, strategy: none
Person zone: active

=== Engagement at 2026-03-03 17:48:40 ===
Hour: 17, Period: evening
Mode: flow (duration: 8.5s)
Aggression: 0.01
Flow: direction=0.99, x_offset=-59.2
Light position (normalized): x=0.66, z=0.17
Almost-engaged: False, strategy: none
Person zone: active

=== Engagement at 2026-03-03 17:49:02 ===
Hour: 17, Period: evening
Mode: flow (duration: 9.3s)
Aggression: 0.03
Flow: direction=-0.47, x_offset=28.5
Light position (normalized): x=0.37, z=0.06
Almost-engaged: False, strategy: none
Person zone: active

=== Engagement at 2026-03-03 17:49:02 ===
Hour: 17, Period: evening
Mode: flow (duration: 9.3s)
Aggression: 0.03
Flow: direction=-0.47, x_offset=28.5
Light position (normalized): x=0.37, z=0.06
Almost-engaged: False, strategy: none
Person zone: active

=== Engagement at 2026-03-03 17:49:32 ===
Hour: 17, Period: evening
Mode: aware (duration: 16.2s)
Aggression: 0.04
Flow: direction=-0.10, x_offset=6.1
Light position (normalized): x=0.78, z=0.37
Almost-engaged: False, strategy: none
Person zone: active

=== Engagement at 2026-03-03 17:49:53 ===
Hour: 17, Period: evening
Mode: aware (duration: 7.9s)
Aggression: 0.01
Flow: direction=0.67, x_offset=-40.5
Light position (normalized): x=0.78, z=0.46
Almost-engaged: False, strategy: none
Person zone: active

=== Engagement at 2026-03-03 17:50:10 ===
Hour: 17, Period: evening
Mode: aware (duration: 3.9s)
Aggression: 0.01
Flow: direction=0.79, x_offset=-47.3
Light position (normalized): x=0.76, z=0.34
Almost-engaged: False, strategy: none
Person zone: active

=== Engagement at 2026-03-03 17:50:18 ===
Hour: 17, Period: evening
Mode: engaged (duration: 8.3s)
Aggression: 0.01
Flow: direction=0.29, x_offset=-17.5
Light position (normalized): x=0.16, z=0.07
Almost-engaged: False, strategy: none
Person zone: active

=== Engagement at 2026-03-03 17:50:34 ===
Hour: 17, Period: evening
Mode: aware (duration: 9.9s)
Aggression: 0.02
Flow: direction=-0.32, x_offset=19.3
Light position (normalized): x=0.10, z=0.26
Almost-engaged: False, strategy: none
Person zone: active

=== Engagement at 2026-03-03 17:50:56 ===
Hour: 17, Period: evening
Mode: aware (duration: 9.1s)
Aggression: 0.01
Flow: direction=-0.35, x_offset=20.8
Light position (normalized): x=0.11, z=0.32
Almost-engaged: False, strategy: none
Person zone: active

=== Engagement at 2026-03-03 17:50:56 ===
Hour: 17, Period: evening
Mode: aware (duration: 9.1s)
Aggression: 0.01
Flow: direction=-0.35, x_offset=20.8
Light position (normalized): x=0.11, z=0.32
Almost-engaged: False, strategy: none
Person zone: active

=== Engagement at 2026-03-03 17:50:58 ===
Hour: 17, Period: evening
Mode: engaged (duration: 1.7s)
Aggression: 0.00
Flow: direction=-0.28, x_offset=17.1
Light position (normalized): x=0.44, z=0.41
Almost-engaged: False, strategy: none
Person zone: active

=== Engagement at 2026-03-03 17:51:12 ===
Hour: 17, Period: evening
Mode: aware (duration: 2.8s)
Aggression: 0.02
Flow: direction=0.35, x_offset=-20.9
Light position (normalized): x=0.10, z=0.29
Almost-engaged: False, strategy: none
Person zone: active

=== Engagement at 2026-03-03 17:51:50 ===
Hour: 17, Period: evening
Mode: aware (duration: 24.8s)
Aggression: 0.02
Flow: direction=-0.25, x_offset=15.0
Light position (normalized): x=0.16, z=0.21
Almost-engaged: False, strategy: none
Person zone: active

=== Engagement at 2026-03-03 17:52:06 ===
Hour: 17, Period: evening
Mode: aware (duration: 2.4s)
Aggression: 0.01
Flow: direction=0.22, x_offset=-13.3
Light position (normalized): x=0.12, z=0.16
Almost-engaged: False, strategy: none
Person zone: active

=== Engagement at 2026-03-03 17:52:06 ===
Hour: 17, Period: evening
Mode: aware (duration: 2.4s)
Aggression: 0.01
Flow: direction=0.22, x_offset=-13.3
Light position (normalized): x=0.12, z=0.16
Almost-engaged: False, strategy: none
Person zone: active

=== Engagement at 2026-03-03 17:56:55 ===
Hour: 17, Period: evening
Mode: flow (duration: 123.7s)
Aggression: 0.09
Flow: direction=0.90, x_offset=-54.2
Light position (normalized): x=0.26, z=0.24
Almost-engaged: False, strategy: none
Person zone: active

=== Engagement at 2026-03-03 17:56:55 ===
Hour: 17, Period: evening
Mode: engaged (duration: 0.1s)
Aggression: 0.05
Flow: direction=0.90, x_offset=-54.2
Light position (normalized): x=0.33, z=0.24
Almost-engaged: False, strategy: none
Person zone: active

=== Engagement at 2026-03-03 17:56:55 ===
Hour: 17, Period: evening
Mode: engaged (duration: 0.1s)
Aggression: 0.05
Flow: direction=0.90, x_offset=-54.2
Light position (normalized): x=0.33, z=0.24
Almost-engaged: False, strategy: none
Person zone: active

=== Engagement at 2026-03-03 17:56:58 ===
Hour: 17, Period: evening
Mode: engaged (duration: 3.0s)
Aggression: 0.00
Flow: direction=0.90, x_offset=-53.9
Light position (normalized): x=0.90, z=0.38
Almost-engaged: False, strategy: none
Person zone: active

=== Engagement at 2026-03-03 17:56:58 ===
Hour: 17, Period: evening
Mode: engaged (duration: 3.0s)
Aggression: 0.00
Flow: direction=0.90, x_offset=-53.9
Light position (normalized): x=0.90, z=0.38
Almost-engaged: False, strategy: none
Person zone: active

=== Engagement at 2026-03-03 17:57:03 ===
Hour: 17, Period: evening
Mode: engaged (duration: 8.5s)
Aggression: 0.01
Flow: direction=0.82, x_offset=-49.4
Light position (normalized): x=0.29, z=0.31
Almost-engaged: False, strategy: none
Person zone: active

=== Engagement at 2026-03-03 17:57:14 ===
Hour: 17, Period: evening
Mode: aware (duration: 4.6s)
Aggression: 0.02
Flow: direction=0.64, x_offset=-38.2
Light position (normalized): x=0.28, z=0.33
Almost-engaged: False, strategy: none
Person zone: active

=== Engagement at 2026-03-03 17:57:14 ===
Hour: 17, Period: evening
Mode: aware (duration: 4.6s)
Aggression: 0.02
Flow: direction=0.64, x_offset=-38.2
Light position (normalized): x=0.28, z=0.33
Almost-engaged: False, strategy: none
Person zone: active

=== Engagement at 2026-03-03 17:57:16 ===
Hour: 17, Period: evening
Mode: engaged (duration: 1.8s)
Aggression: 0.00
Flow: direction=0.63, x_offset=-37.9
Light position (normalized): x=0.66, z=0.45
Almost-engaged: False, strategy: none
Person zone: active

=== Engagement at 2026-03-03 17:57:28 ===
Hour: 17, Period: evening
Mode: aware (duration: 1.0s)
Aggression: 0.00
Flow: direction=0.32, x_offset=-18.9
Light position (normalized): x=0.55, z=0.30
Almost-engaged: False, strategy: none
Person zone: active

=== Engagement at 2026-03-03 17:57:28 ===
Hour: 17, Period: evening
Mode: aware (duration: 1.0s)
Aggression: 0.00
Flow: direction=0.32, x_offset=-18.9
Light position (normalized): x=0.55, z=0.30
Almost-engaged: False, strategy: none
Person zone: active

=== Engagement at 2026-03-03 17:58:13 ===
Hour: 17, Period: evening
Mode: aware (duration: 45.2s)
Aggression: 0.02
Flow: direction=0.80, x_offset=-48.2
Light position (normalized): x=0.16, z=0.25
Almost-engaged: False, strategy: none
Person zone: active

=== Engagement at 2026-03-03 17:58:17 ===
Hour: 17, Period: evening
Mode: engaged (duration: 4.8s)
Aggression: 0.00
Flow: direction=0.91, x_offset=-54.3
Light position (normalized): x=0.46, z=0.21
Almost-engaged: False, strategy: none
Person zone: active

=== Engagement at 2026-03-03 17:58:17 ===
Hour: 17, Period: evening
Mode: engaged (duration: 4.8s)
Aggression: 0.00
Flow: direction=0.91, x_offset=-54.3
Light position (normalized): x=0.46, z=0.21
Almost-engaged: False, strategy: none
Person zone: active

=== Engagement at 2026-03-03 18:00:20 ===
Hour: 18, Period: evening
Mode: flow (duration: 44.3s)
Aggression: 0.07
Flow: direction=0.60, x_offset=-36.1
Light position (normalized): x=0.37, z=0.58
Almost-engaged: False, strategy: none
Person zone: active

=== Engagement at 2026-03-03 18:00:20 ===
Hour: 18, Period: evening
Mode: flow (duration: 44.3s)
Aggression: 0.07
Flow: direction=0.60, x_offset=-36.1
Light position (normalized): x=0.37, z=0.58
Almost-engaged: False, strategy: none
Person zone: active

=== Engagement at 2026-03-03 18:00:21 ===
Hour: 18, Period: evening
Mode: engaged (duration: 1.8s)
Aggression: 0.00
Flow: direction=0.63, x_offset=-37.9
Light position (normalized): x=0.90, z=0.28
Almost-engaged: False, strategy: none
Person zone: active

=== Engagement at 2026-03-03 18:00:41 ===
Hour: 18, Period: evening
Mode: aware (duration: 8.0s)
Aggression: 0.02
Flow: direction=0.50, x_offset=-30.2
Light position (normalized): x=0.28, z=0.32
Almost-engaged: False, strategy: none
Person zone: active

=== Engagement at 2026-03-03 18:01:10 ===
Hour: 18, Period: evening
Mode: aware (duration: 16.1s)
Aggression: 0.04
Flow: direction=0.66, x_offset=-39.8
Light position (normalized): x=0.16, z=0.33
Almost-engaged: False, strategy: none
Person zone: active

=== Engagement at 2026-03-03 18:01:10 ===
Hour: 18, Period: evening
Mode: aware (duration: 16.1s)
Aggression: 0.04
Flow: direction=0.66, x_offset=-39.8
Light position (normalized): x=0.16, z=0.33
Almost-engaged: False, strategy: none
Person zone: active

=== Engagement at 2026-03-03 18:01:11 ===
Hour: 18, Period: evening
Mode: engaged (duration: 0.6s)
Aggression: 0.01
Flow: direction=0.68, x_offset=-40.7
Light position (normalized): x=0.06, z=0.58
Almost-engaged: False, strategy: none
Person zone: active

=== Engagement at 2026-03-03 18:01:58 ===
Hour: 18, Period: evening
Mode: aware (duration: 35.0s)
Aggression: 0.01
Flow: direction=-0.12, x_offset=3.1
Light position (normalized): x=0.43, z=0.53
Almost-engaged: False, strategy: none
Person zone: active

=== Engagement at 2026-03-03 18:02:17 ===
Hour: 18, Period: evening
Mode: flow (duration: 3.3s)
Aggression: 0.01
Flow: direction=0.91, x_offset=-54.4
Light position (normalized): x=0.55, z=0.09
Almost-engaged: False, strategy: none
Person zone: active

=== Engagement at 2026-03-03 18:02:17 ===
Hour: 18, Period: evening
Mode: flow (duration: 3.3s)
Aggression: 0.01
Flow: direction=0.91, x_offset=-54.4
Light position (normalized): x=0.55, z=0.09
Almost-engaged: False, strategy: none
Person zone: active

=== Engagement at 2026-03-03 18:03:29 ===
Hour: 18, Period: evening
Mode: aware (duration: 59.3s)
Aggression: 0.03
Flow: direction=1.00, x_offset=-59.9
Light position (normalized): x=0.55, z=0.54
Almost-engaged: False, strategy: none
Person zone: active

=== Engagement at 2026-03-03 18:03:30 ===
Hour: 18, Period: evening
Mode: engaged (duration: 1.0s)
Aggression: 0.00
Flow: direction=1.00, x_offset=-59.9
Light position (normalized): x=0.83, z=0.31
Almost-engaged: False, strategy: none
Person zone: active

=== Engagement at 2026-03-03 18:03:30 ===
Hour: 18, Period: evening
Mode: engaged (duration: 1.0s)
Aggression: 0.00
Flow: direction=1.00, x_offset=-59.9
Light position (normalized): x=0.83, z=0.31
Almost-engaged: False, strategy: none
Person zone: active

=== Engagement at 2026-03-03 18:03:31 ===
Hour: 18, Period: evening
Mode: engaged (duration: 2.0s)
Aggression: 0.00
Flow: direction=1.00, x_offset=-59.9
Light position (normalized): x=0.89, z=0.59
Almost-engaged: False, strategy: none
Person zone: active

=== Engagement at 2026-03-03 18:03:40 ===
Hour: 18, Period: evening
Mode: engaged (duration: 10.9s)
Aggression: 0.00
Flow: direction=0.97, x_offset=-58.4
Light position (normalized): x=0.56, z=0.32
Almost-engaged: False, strategy: none
Person zone: active

=== Engagement at 2026-03-03 18:03:40 ===
Hour: 18, Period: evening
Mode: engaged (duration: 10.9s)
Aggression: 0.00
Flow: direction=0.97, x_offset=-58.4
Light position (normalized): x=0.56, z=0.32
Almost-engaged: False, strategy: none
Person zone: active

=== Engagement at 2026-03-03 18:03:43 ===
Hour: 18, Period: evening
Mode: engaged (duration: 13.8s)
Aggression: 0.00
Flow: direction=0.87, x_offset=-52.4
Light position (normalized): x=0.22, z=0.52
Almost-engaged: False, strategy: none
Person zone: active

=== Engagement at 2026-03-03 18:03:43 ===
Hour: 18, Period: evening
Mode: engaged (duration: 13.8s)
Aggression: 0.00
Flow: direction=0.87, x_offset=-52.4
Light position (normalized): x=0.22, z=0.52
Almost-engaged: False, strategy: none
Person zone: active

=== Engagement at 2026-03-03 18:03:49 ===
Hour: 18, Period: evening
Mode: engaged (duration: 20.2s)
Aggression: 0.01
Flow: direction=0.53, x_offset=-32.0
Light position (normalized): x=0.56, z=0.28
Almost-engaged: False, strategy: none
Person zone: active

=== Engagement at 2026-03-03 18:04:04 ===
Hour: 18, Period: evening
Mode: aware (duration: 9.2s)
Aggression: 0.03
Flow: direction=0.41, x_offset=-24.9
Light position (normalized): x=0.59, z=0.49
Almost-engaged: False, strategy: none
Person zone: active

=== Engagement at 2026-03-03 18:04:04 ===
Hour: 18, Period: evening
Mode: aware (duration: 9.2s)
Aggression: 0.03
Flow: direction=0.41, x_offset=-24.9
Light position (normalized): x=0.59, z=0.49
Almost-engaged: False, strategy: none
Person zone: active

=== Engagement at 2026-03-03 18:10:03 ===
Hour: 18, Period: evening
Mode: aware (duration: 82.5s)
Aggression: 0.10
Flow: direction=0.94, x_offset=-56.3
Light position (normalized): x=0.17, z=0.41
Almost-engaged: False, strategy: none
Person zone: active

=== Engagement at 2026-03-03 18:10:23 ===
Hour: 18, Period: evening
Mode: aware (duration: 6.4s)
Aggression: 0.01
Flow: direction=0.74, x_offset=-44.2
Light position (normalized): x=0.11, z=0.46
Almost-engaged: False, strategy: none
Person zone: active

=== Engagement at 2026-03-03 18:10:23 ===
Hour: 18, Period: evening
Mode: aware (duration: 6.4s)
Aggression: 0.01
Flow: direction=0.74, x_offset=-44.2
Light position (normalized): x=0.11, z=0.46
Almost-engaged: False, strategy: none
Person zone: active

=== Engagement at 2026-03-03 18:11:54 ===
Hour: 18, Period: evening
Mode: flow (duration: 1.2s)
Aggression: 0.04
Flow: direction=0.36, x_offset=-21.9
Light position (normalized): x=0.06, z=0.35
Almost-engaged: False, strategy: none
Person zone: active

=== Engagement at 2026-03-03 18:11:54 ===
Hour: 18, Period: evening
Mode: flow (duration: 1.2s)
Aggression: 0.04
Flow: direction=0.36, x_offset=-21.9
Light position (normalized): x=0.06, z=0.35
Almost-engaged: False, strategy: none
Person zone: active

=== Engagement at 2026-03-03 18:13:02 ===
Hour: 18, Period: evening
Mode: aware (duration: 49.3s)
Aggression: 0.06
Flow: direction=-0.34, x_offset=20.1
Light position (normalized): x=0.61, z=0.14
Almost-engaged: False, strategy: none
Person zone: active

=== Engagement at 2026-03-03 18:14:02 ===
Hour: 18, Period: evening
Mode: flow (duration: 29.6s)
Aggression: 0.03
Flow: direction=0.81, x_offset=-48.7
Light position (normalized): x=0.50, z=0.19
Almost-engaged: False, strategy: none
Person zone: active

=== Engagement at 2026-03-03 18:15:16 ===
Hour: 18, Period: evening
Mode: flow (duration: 25.6s)
Aggression: 0.02
Flow: direction=-0.48, x_offset=28.5
Light position (normalized): x=0.42, z=0.30
Almost-engaged: False, strategy: none
Person zone: active

=== Engagement at 2026-03-03 18:15:24 ===
Hour: 18, Period: evening
Mode: engaged (duration: 8.2s)
Aggression: 0.00
Flow: direction=-0.17, x_offset=10.3
Light position (normalized): x=0.39, z=0.43
Almost-engaged: False, strategy: none
Person zone: active

=== Engagement at 2026-03-03 18:15:24 ===
Hour: 18, Period: evening
Mode: engaged (duration: 8.2s)
Aggression: 0.00
Flow: direction=-0.17, x_offset=10.3
Light position (normalized): x=0.39, z=0.43
Almost-engaged: False, strategy: none
Person zone: active

=== Engagement at 2026-03-03 18:15:43 ===
Hour: 18, Period: evening
Mode: flow (duration: 14.1s)
Aggression: 0.01
Flow: direction=0.11, x_offset=-6.7
Light position (normalized): x=0.26, z=0.24
Almost-engaged: False, strategy: none
Person zone: active

=== Engagement at 2026-03-03 18:15:43 ===
Hour: 18, Period: evening
Mode: flow (duration: 14.1s)
Aggression: 0.01
Flow: direction=0.11, x_offset=-6.7
Light position (normalized): x=0.26, z=0.24
Almost-engaged: False, strategy: none
Person zone: active

=== Engagement at 2026-03-03 18:15:44 ===
Hour: 18, Period: evening
Mode: engaged (duration: 1.4s)
Aggression: 0.00
Flow: direction=0.08, x_offset=-1.7
Light position (normalized): x=0.43, z=0.31
Almost-engaged: False, strategy: none
Person zone: active

=== Engagement at 2026-03-03 18:15:44 ===
Hour: 18, Period: evening
Mode: engaged (duration: 1.4s)
Aggression: 0.00
Flow: direction=0.08, x_offset=-1.7
Light position (normalized): x=0.43, z=0.31
Almost-engaged: False, strategy: none
Person zone: active

=== Engagement at 2026-03-03 18:16:03 ===
Hour: 18, Period: evening
Mode: aware (duration: 6.5s)
Aggression: 0.02
Flow: direction=0.42, x_offset=-25.1
Light position (normalized): x=0.30, z=0.49
Almost-engaged: False, strategy: none
Person zone: active

=== Engagement at 2026-03-03 18:17:02 ===
Hour: 18, Period: evening
Mode: aware (duration: 46.2s)
Aggression: 0.04
Flow: direction=-0.37, x_offset=5.2
Light position (normalized): x=0.09, z=0.21
Almost-engaged: False, strategy: none
Person zone: active

=== Engagement at 2026-03-03 18:17:02 ===
Hour: 18, Period: evening
Mode: aware (duration: 46.2s)
Aggression: 0.04
Flow: direction=-0.37, x_offset=5.2
Light position (normalized): x=0.09, z=0.21
Almost-engaged: False, strategy: none
Person zone: active

=== Engagement at 2026-03-03 18:17:43 ===
Hour: 18, Period: evening
Mode: aware (duration: 28.2s)
Aggression: 0.02
Flow: direction=0.23, x_offset=-13.8
Light position (normalized): x=0.18, z=0.26
Almost-engaged: False, strategy: none
Person zone: active

=== Engagement at 2026-03-03 18:18:51 ===
Hour: 18, Period: evening
Mode: flow (duration: 13.2s)
Aggression: 0.03
Flow: direction=-0.63, x_offset=37.6
Light position (normalized): x=0.39, z=0.44
Almost-engaged: False, strategy: none
Person zone: active

=== Engagement at 2026-03-03 18:18:51 ===
Hour: 18, Period: evening
Mode: flow (duration: 13.2s)
Aggression: 0.03
Flow: direction=-0.63, x_offset=37.6
Light position (normalized): x=0.39, z=0.44
Almost-engaged: False, strategy: none
Person zone: active

=== Engagement at 2026-03-03 18:19:50 ===
Hour: 18, Period: evening
Mode: flow (duration: 46.0s)
Aggression: 0.02
Flow: direction=0.93, x_offset=-55.8
Light position (normalized): x=0.32, z=0.47
Almost-engaged: False, strategy: none
Person zone: active

=== Engagement at 2026-03-03 18:20:07 ===
Hour: 18, Period: evening
Mode: aware (duration: 4.0s)
Aggression: 0.01
Flow: direction=0.92, x_offset=-55.1
Light position (normalized): x=0.36, z=0.46
Almost-engaged: False, strategy: none
Person zone: active

=== Engagement at 2026-03-03 18:21:31 ===
Hour: 18, Period: evening
Mode: flow (duration: 27.2s)
Aggression: 0.03
Flow: direction=0.91, x_offset=-54.8
Light position (normalized): x=0.40, z=0.47
Almost-engaged: False, strategy: none
Person zone: active

=== Engagement at 2026-03-03 18:22:07 ===
Hour: 18, Period: evening
Mode: flow (duration: 22.8s)
Aggression: 0.00
Flow: direction=0.34, x_offset=-4.9
Light position (normalized): x=0.40, z=0.25
Almost-engaged: False, strategy: none
Person zone: active

=== Engagement at 2026-03-03 18:22:07 ===
Hour: 18, Period: evening
Mode: flow (duration: 22.8s)
Aggression: 0.00
Flow: direction=0.34, x_offset=-4.9
Light position (normalized): x=0.40, z=0.25
Almost-engaged: False, strategy: none
Person zone: active

=== Engagement at 2026-03-03 18:24:15 ===
Hour: 18, Period: evening
Mode: aware (duration: 12.5s)
Aggression: 0.05
Flow: direction=-0.33, x_offset=19.6
Light position (normalized): x=0.41, z=0.55
Almost-engaged: False, strategy: none
Person zone: active

=== Engagement at 2026-03-03 18:24:15 ===
Hour: 18, Period: evening
Mode: aware (duration: 12.5s)
Aggression: 0.05
Flow: direction=-0.33, x_offset=19.6
Light position (normalized): x=0.41, z=0.55
Almost-engaged: False, strategy: none
Person zone: active

=== Engagement at 2026-03-03 18:26:07 ===
Hour: 18, Period: evening
Mode: flow (duration: 0.7s)
Aggression: 0.04
Flow: direction=-0.66, x_offset=39.7
Light position (normalized): x=0.83, z=0.44
Almost-engaged: False, strategy: none
Person zone: active

=== Engagement at 2026-03-03 18:27:06 ===
Hour: 18, Period: evening
Mode: flow (duration: 58.9s)
Aggression: 0.02
Flow: direction=0.96, x_offset=-57.4
Light position (normalized): x=0.81, z=0.36
Almost-engaged: False, strategy: none
Person zone: active

=== Engagement at 2026-03-03 18:27:29 ===
Hour: 18, Period: evening
Mode: flow (duration: 10.2s)
Aggression: 0.01
Flow: direction=0.96, x_offset=-57.6
Light position (normalized): x=0.26, z=0.38
Almost-engaged: False, strategy: none
Person zone: active

=== Engagement at 2026-03-03 18:28:19 ===
Hour: 18, Period: evening
Mode: flow (duration: 6.9s)
Aggression: 0.02
Flow: direction=0.87, x_offset=-52.2
Light position (normalized): x=0.74, z=0.38
Almost-engaged: False, strategy: none
Person zone: active

=== Engagement at 2026-03-03 18:28:19 ===
Hour: 18, Period: evening
Mode: flow (duration: 6.9s)
Aggression: 0.02
Flow: direction=0.87, x_offset=-52.2
Light position (normalized): x=0.74, z=0.38
Almost-engaged: False, strategy: none
Person zone: active

=== Engagement at 2026-03-03 18:28:33 ===
Hour: 18, Period: evening
Mode: engaged (duration: 13.2s)
Aggression: 0.01
Flow: direction=-0.16, x_offset=9.9
Light position (normalized): x=0.60, z=0.28
Almost-engaged: False, strategy: none
Person zone: active

=== Engagement at 2026-03-03 18:28:38 ===
Hour: 18, Period: evening
Mode: engaged (duration: 18.3s)
Aggression: 0.00
Flow: direction=-0.34, x_offset=20.2
Light position (normalized): x=0.57, z=0.14
Almost-engaged: False, strategy: none
Person zone: active

=== Engagement at 2026-03-03 18:28:38 ===
Hour: 18, Period: evening
Mode: engaged (duration: 18.3s)
Aggression: 0.00
Flow: direction=-0.34, x_offset=20.2
Light position (normalized): x=0.57, z=0.14
Almost-engaged: False, strategy: none
Person zone: active

=== Engagement at 2026-03-03 18:28:44 ===
Hour: 18, Period: evening
Mode: flow (duration: 1.0s)
Aggression: 0.00
Flow: direction=-0.65, x_offset=38.9
Light position (normalized): x=0.37, z=0.16
Almost-engaged: False, strategy: none
Person zone: active

=== Engagement at 2026-03-03 18:28:44 ===
Hour: 18, Period: evening
Mode: flow (duration: 1.0s)
Aggression: 0.00
Flow: direction=-0.65, x_offset=38.9
Light position (normalized): x=0.37, z=0.16
Almost-engaged: False, strategy: none
Person zone: active

=== Engagement at 2026-03-03 18:30:18 ===
Hour: 18, Period: evening
Mode: flow (duration: 23.9s)
Aggression: 0.03
Flow: direction=0.93, x_offset=-55.6
Light position (normalized): x=0.73, z=0.48
Almost-engaged: False, strategy: none
Person zone: active

=== Engagement at 2026-03-03 18:30:18 ===
Hour: 18, Period: evening
Mode: flow (duration: 23.9s)
Aggression: 0.03
Flow: direction=0.93, x_offset=-55.6
Light position (normalized): x=0.73, z=0.48
Almost-engaged: False, strategy: none
Person zone: active

=== Engagement at 2026-03-03 18:32:26 ===
Hour: 18, Period: evening
Mode: flow (duration: 38.5s)
Aggression: 0.05
Flow: direction=-0.95, x_offset=57.1
Light position (normalized): x=0.54, z=0.26
Almost-engaged: False, strategy: none
Person zone: active

=== Engagement at 2026-03-03 18:33:23 ===
Hour: 18, Period: evening
Mode: aware (duration: 43.6s)
Aggression: 0.06
Flow: direction=0.53, x_offset=-32.0
Light position (normalized): x=0.05, z=0.42
Almost-engaged: False, strategy: none
Person zone: active

=== Engagement at 2026-03-03 18:33:25 ===
Hour: 18, Period: evening
Mode: engaged (duration: 1.6s)
Aggression: 0.00
Flow: direction=0.52, x_offset=-31.4
Light position (normalized): x=0.67, z=0.40
Almost-engaged: False, strategy: none
Person zone: active

=== Engagement at 2026-03-03 18:33:43 ===
Hour: 18, Period: evening
Mode: aware (duration: 6.9s)
Aggression: 0.00
Flow: direction=0.16, x_offset=-9.5
Light position (normalized): x=0.08, z=0.25
Almost-engaged: False, strategy: none
Person zone: active

=== Engagement at 2026-03-03 18:34:23 ===
Hour: 18, Period: evening
Mode: aware (duration: 27.5s)
Aggression: 0.02
Flow: direction=0.95, x_offset=-56.8
Light position (normalized): x=0.08, z=0.14
Almost-engaged: False, strategy: none
Person zone: active

=== Engagement at 2026-03-03 18:34:23 ===
Hour: 18, Period: evening
Mode: aware (duration: 27.5s)
Aggression: 0.02
Flow: direction=0.95, x_offset=-56.8
Light position (normalized): x=0.08, z=0.14
Almost-engaged: False, strategy: none
Person zone: active

=== Engagement at 2026-03-03 18:35:01 ===
Hour: 18, Period: evening
Mode: flow (duration: 24.4s)
Aggression: 0.01
Flow: direction=0.82, x_offset=-49.4
Light position (normalized): x=0.44, z=0.44
Almost-engaged: False, strategy: none
Person zone: active

=== Engagement at 2026-03-03 18:36:28 ===
Hour: 18, Period: evening
Mode: flow (duration: 74.3s)
Aggression: 0.03
Flow: direction=-0.10, x_offset=6.0
Light position (normalized): x=0.31, z=0.26
Almost-engaged: False, strategy: none
Person zone: active

=== Engagement at 2026-03-03 18:37:10 ===
Hour: 18, Period: evening
Mode: flow (duration: 8.2s)
Aggression: 0.01
Flow: direction=0.31, x_offset=-18.8
Light position (normalized): x=0.70, z=0.18
Almost-engaged: False, strategy: none
Person zone: active

=== Engagement at 2026-03-03 18:37:10 ===
Hour: 18, Period: evening
Mode: flow (duration: 8.2s)
Aggression: 0.01
Flow: direction=0.31, x_offset=-18.8
Light position (normalized): x=0.70, z=0.18
Almost-engaged: False, strategy: none
Person zone: active

=== Engagement at 2026-03-03 18:37:19 ===
Hour: 18, Period: evening
Mode: engaged (duration: 7.8s)
Aggression: 0.01
Flow: direction=0.16, x_offset=-9.3
Light position (normalized): x=0.59, z=0.17
Almost-engaged: False, strategy: none
Person zone: active

=== Engagement at 2026-03-03 18:37:19 ===
Hour: 18, Period: evening
Mode: engaged (duration: 7.8s)
Aggression: 0.01
Flow: direction=0.16, x_offset=-9.3
Light position (normalized): x=0.59, z=0.17
Almost-engaged: False, strategy: none
Person zone: active

=== Engagement at 2026-03-03 18:38:29 ===
Hour: 18, Period: evening
Mode: flow (duration: 36.1s)
Aggression: 0.02
Flow: direction=-0.26, x_offset=15.4
Light position (normalized): x=0.50, z=0.30
Almost-engaged: False, strategy: none
Person zone: active

=== Engagement at 2026-03-03 18:38:57 ===
Hour: 18, Period: evening
Mode: flow (duration: 14.9s)
Aggression: 0.02
Flow: direction=0.55, x_offset=-32.9
Light position (normalized): x=0.63, z=0.24
Almost-engaged: False, strategy: none
Person zone: active

=== Engagement at 2026-03-03 18:39:04 ===
Hour: 18, Period: evening
Mode: engaged (duration: 6.8s)
Aggression: 0.00
Flow: direction=0.56, x_offset=-33.4
Light position (normalized): x=0.42, z=0.20
Almost-engaged: False, strategy: none
Person zone: active

=== Engagement at 2026-03-03 18:39:04 ===
Hour: 18, Period: evening
Mode: engaged (duration: 6.8s)
Aggression: 0.00
Flow: direction=0.56, x_offset=-33.4
Light position (normalized): x=0.42, z=0.20
Almost-engaged: False, strategy: none
Person zone: active

=== Engagement at 2026-03-03 18:40:20 ===
Hour: 18, Period: evening
Mode: idle (duration: 2.6s)
Aggression: 0.01
Flow: direction=0.68, x_offset=-41.0
Light position (normalized): x=0.62, z=0.40
Almost-engaged: False, strategy: none
Person zone: active

=== Engagement at 2026-03-03 18:40:20 ===
Hour: 18, Period: evening
Mode: idle (duration: 2.6s)
Aggression: 0.01
Flow: direction=0.68, x_offset=-41.0
Light position (normalized): x=0.62, z=0.40
Almost-engaged: False, strategy: none
Person zone: active

=== Engagement at 2026-03-03 18:40:23 ===
Hour: 18, Period: evening
Mode: engaged (duration: 2.6s)
Aggression: 0.00
Flow: direction=0.43, x_offset=-25.7
Light position (normalized): x=0.61, z=0.27
Almost-engaged: False, strategy: none
Person zone: active

=== Engagement at 2026-03-03 18:40:23 ===
Hour: 18, Period: evening
Mode: engaged (duration: 2.6s)
Aggression: 0.00
Flow: direction=0.43, x_offset=-25.7
Light position (normalized): x=0.61, z=0.27
Almost-engaged: False, strategy: none
Person zone: active

=== Engagement at 2026-03-03 18:40:47 ===
Hour: 18, Period: evening
Mode: flow (duration: 13.6s)
Aggression: 0.01
Flow: direction=0.51, x_offset=-30.3
Light position (normalized): x=0.35, z=0.36
Almost-engaged: False, strategy: none
Person zone: active

=== Engagement at 2026-03-03 18:40:47 ===
Hour: 18, Period: evening
Mode: flow (duration: 13.6s)
Aggression: 0.01
Flow: direction=0.51, x_offset=-30.3
Light position (normalized): x=0.35, z=0.36
Almost-engaged: False, strategy: none
Person zone: active

=== Engagement at 2026-03-03 18:42:35 ===
Hour: 18, Period: evening
Mode: flow (duration: 62.7s)
Aggression: 0.04
Flow: direction=-0.11, x_offset=6.8
Light position (normalized): x=0.34, z=0.20
Almost-engaged: False, strategy: none
Person zone: active

=== Engagement at 2026-03-03 18:43:43 ===
Hour: 18, Period: evening
Mode: aware (duration: 36.3s)
Aggression: 0.03
Flow: direction=0.53, x_offset=-31.9
Light position (normalized): x=0.38, z=0.56
Almost-engaged: False, strategy: none
Person zone: active

=== Engagement at 2026-03-03 18:43:45 ===
Hour: 18, Period: evening
Mode: engaged (duration: 2.1s)
Aggression: 0.00
Flow: direction=0.52, x_offset=-31.1
Light position (normalized): x=0.62, z=0.52
Almost-engaged: False, strategy: none
Person zone: active

=== Engagement at 2026-03-03 18:43:45 ===
Hour: 18, Period: evening
Mode: engaged (duration: 2.1s)
Aggression: 0.00
Flow: direction=0.52, x_offset=-31.1
Light position (normalized): x=0.62, z=0.52
Almost-engaged: False, strategy: none
Person zone: active

=== Engagement at 2026-03-03 18:44:24 ===
Hour: 18, Period: evening
Mode: aware (duration: 23.3s)
Aggression: 0.02
Flow: direction=0.12, x_offset=-7.5
Light position (normalized): x=0.85, z=0.52
Almost-engaged: False, strategy: none
Person zone: active

=== Engagement at 2026-03-03 18:44:24 ===
Hour: 18, Period: evening
Mode: aware (duration: 23.3s)
Aggression: 0.02
Flow: direction=0.12, x_offset=-7.5
Light position (normalized): x=0.85, z=0.52
Almost-engaged: False, strategy: none
Person zone: active

=== Engagement at 2026-03-03 18:45:19 ===
Hour: 18, Period: evening
Mode: aware (duration: 42.2s)
Aggression: 0.03
Flow: direction=-0.50, x_offset=29.8
Light position (normalized): x=0.21, z=0.36
Almost-engaged: False, strategy: none
Person zone: active

=== Engagement at 2026-03-03 18:46:09 ===
Hour: 18, Period: evening
Mode: flow (duration: 32.8s)
Aggression: 0.02
Flow: direction=0.80, x_offset=-48.0
Light position (normalized): x=0.69, z=0.45
Almost-engaged: False, strategy: none
Person zone: active

=== Engagement at 2026-03-03 18:46:09 ===
Hour: 18, Period: evening
Mode: flow (duration: 32.8s)
Aggression: 0.02
Flow: direction=0.80, x_offset=-48.0
Light position (normalized): x=0.69, z=0.45
Almost-engaged: False, strategy: none
Person zone: active

=== Engagement at 2026-03-03 18:47:23 ===
Hour: 18, Period: evening
Mode: flow (duration: 2.7s)
Aggression: 0.03
Flow: direction=1.00, x_offset=-60.0
Light position (normalized): x=0.44, z=0.32
Almost-engaged: False, strategy: none
Person zone: active

=== Engagement at 2026-03-03 18:47:26 ===
Hour: 18, Period: evening
Mode: flow (duration: 5.7s)
Aggression: 0.01
Flow: direction=1.00, x_offset=-59.8
Light position (normalized): x=0.49, z=0.28
Almost-engaged: False, strategy: none
Person zone: active

=== Engagement at 2026-03-03 18:48:05 ===
Hour: 18, Period: evening
Mode: flow (duration: 25.6s)
Aggression: 0.01
Flow: direction=1.00, x_offset=-59.7
Light position (normalized): x=0.53, z=0.13
Almost-engaged: False, strategy: none
Person zone: active

=== Engagement at 2026-03-03 18:48:05 ===
Hour: 18, Period: evening
Mode: flow (duration: 25.6s)
Aggression: 0.01
Flow: direction=1.00, x_offset=-59.7
Light position (normalized): x=0.53, z=0.13
Almost-engaged: False, strategy: none
Person zone: active

=== Engagement at 2026-03-03 18:48:13 ===
Hour: 18, Period: evening
Mode: engaged (duration: 7.8s)
Aggression: 0.01
Flow: direction=0.93, x_offset=-55.6
Light position (normalized): x=0.27, z=0.40
Almost-engaged: False, strategy: none
Person zone: active

=== Engagement at 2026-03-03 18:48:13 ===
Hour: 18, Period: evening
Mode: engaged (duration: 7.8s)
Aggression: 0.01
Flow: direction=0.93, x_offset=-55.6
Light position (normalized): x=0.27, z=0.40
Almost-engaged: False, strategy: none
Person zone: active

=== Engagement at 2026-03-03 18:48:54 ===
Hour: 18, Period: evening
Mode: aware (duration: 34.0s)
Aggression: 0.02
Flow: direction=0.85, x_offset=-51.1
Light position (normalized): x=0.43, z=0.44
Almost-engaged: False, strategy: none
Person zone: active

=== Engagement at 2026-03-03 18:51:55 ===
Hour: 18, Period: evening
Mode: flow (duration: 19.8s)
Aggression: 0.06
Flow: direction=0.99, x_offset=-59.5
Light position (normalized): x=0.50, z=0.16
Almost-engaged: False, strategy: none
Person zone: active

=== Engagement at 2026-03-03 18:51:55 ===
Hour: 18, Period: evening
Mode: flow (duration: 19.8s)
Aggression: 0.06
Flow: direction=0.99, x_offset=-59.5
Light position (normalized): x=0.50, z=0.16
Almost-engaged: False, strategy: none
Person zone: active

=== Engagement at 2026-03-03 18:52:11 ===
Hour: 18, Period: evening
Mode: aware (duration: 2.8s)
Aggression: 0.02
Flow: direction=0.82, x_offset=-49.4
Light position (normalized): x=0.68, z=0.09
Almost-engaged: False, strategy: none
Person zone: active

=== Engagement at 2026-03-03 18:52:11 ===
Hour: 18, Period: evening
Mode: aware (duration: 2.8s)
Aggression: 0.02
Flow: direction=0.82, x_offset=-49.4
Light position (normalized): x=0.68, z=0.09
Almost-engaged: False, strategy: none
Person zone: active

=== Engagement at 2026-03-03 18:52:14 ===
Hour: 18, Period: evening
Mode: engaged (duration: 3.3s)
Aggression: 0.00
Flow: direction=0.79, x_offset=-47.4
Light position (normalized): x=0.90, z=0.09
Almost-engaged: False, strategy: none
Person zone: active

=== Engagement at 2026-03-03 18:52:14 ===
Hour: 18, Period: evening
Mode: engaged (duration: 3.3s)
Aggression: 0.00
Flow: direction=0.79, x_offset=-47.4
Light position (normalized): x=0.90, z=0.09
Almost-engaged: False, strategy: none
Person zone: active

=== Engagement at 2026-03-03 18:54:29 ===
Hour: 18, Period: evening
Mode: flow (duration: 73.8s)
Aggression: 0.03
Flow: direction=0.91, x_offset=-54.8
Light position (normalized): x=0.66, z=0.52
Almost-engaged: False, strategy: none
Person zone: active

=== Engagement at 2026-03-03 18:55:54 ===
Hour: 18, Period: evening
Mode: flow (duration: 71.3s)
Aggression: 0.02
Flow: direction=0.81, x_offset=-48.7
Light position (normalized): x=0.59, z=0.11
Almost-engaged: False, strategy: none
Person zone: active

=== Engagement at 2026-03-03 18:56:58 ===
Hour: 18, Period: evening
Mode: flow (duration: 50.5s)
Aggression: 0.02
Flow: direction=0.94, x_offset=-56.5
Light position (normalized): x=0.33, z=0.23
Almost-engaged: False, strategy: none
Person zone: active

=== Engagement at 2026-03-03 18:56:58 ===
Hour: 18, Period: evening
Mode: flow (duration: 50.5s)
Aggression: 0.02
Flow: direction=0.94, x_offset=-56.5
Light position (normalized): x=0.33, z=0.23
Almost-engaged: False, strategy: none
Person zone: active

=== Engagement at 2026-03-03 18:56:58 ===
Hour: 18, Period: evening
Mode: engaged (duration: 0.8s)
Aggression: 0.00
Flow: direction=0.94, x_offset=-56.5
Light position (normalized): x=0.44, z=0.32
Almost-engaged: False, strategy: none
Person zone: active

=== Engagement at 2026-03-03 18:56:58 ===
Hour: 18, Period: evening
Mode: engaged (duration: 0.8s)
Aggression: 0.00
Flow: direction=0.94, x_offset=-56.5
Light position (normalized): x=0.44, z=0.32
Almost-engaged: False, strategy: none
Person zone: active

=== Engagement at 2026-03-03 18:58:23 ===
Hour: 18, Period: evening
Mode: flow (duration: 14.4s)
Aggression: 0.03
Flow: direction=0.98, x_offset=-59.1
Light position (normalized): x=0.24, z=0.06
Almost-engaged: False, strategy: none
Person zone: active

=== Engagement at 2026-03-03 18:58:24 ===
Hour: 18, Period: evening
Mode: engaged (duration: 1.3s)
Aggression: 0.00
Flow: direction=0.98, x_offset=-59.1
Light position (normalized): x=0.90, z=0.15
Almost-engaged: False, strategy: none
Person zone: active

=== Engagement at 2026-03-03 18:58:48 ===
Hour: 18, Period: evening
Mode: flow (duration: 11.6s)
Aggression: 0.01
Flow: direction=1.00, x_offset=-60.0
Light position (normalized): x=0.35, z=0.14
Almost-engaged: False, strategy: none
Person zone: active

=== Engagement at 2026-03-03 19:00:24 ===
Hour: 19, Period: evening
Mode: aware (duration: 57.6s)
Aggression: 0.05
Flow: direction=0.43, x_offset=-26.0
Light position (normalized): x=0.45, z=0.29
Almost-engaged: False, strategy: none
Person zone: active

=== Engagement at 2026-03-03 19:00:24 ===
Hour: 19, Period: evening
Mode: aware (duration: 57.6s)
Aggression: 0.05
Flow: direction=0.43, x_offset=-26.0
Light position (normalized): x=0.45, z=0.29
Almost-engaged: False, strategy: none
Person zone: active

=== Engagement at 2026-03-03 19:00:38 ===
Hour: 19, Period: evening
Mode: engaged (duration: 14.7s)
Aggression: 0.00
Flow: direction=-0.73, x_offset=44.0
Light position (normalized): x=0.60, z=0.32
Almost-engaged: False, strategy: none
Person zone: active

=== Engagement at 2026-03-03 19:00:38 ===
Hour: 19, Period: evening
Mode: engaged (duration: 14.7s)
Aggression: 0.00
Flow: direction=-0.73, x_offset=44.0
Light position (normalized): x=0.60, z=0.32
Almost-engaged: False, strategy: none
Person zone: active

=== Engagement at 2026-03-03 19:00:39 ===
Hour: 19, Period: evening
Mode: engaged (duration: 15.3s)
Aggression: 0.00
Flow: direction=-0.78, x_offset=47.0
Light position (normalized): x=0.89, z=0.63
Almost-engaged: False, strategy: none
Person zone: active

=== Engagement at 2026-03-03 19:00:39 ===
Hour: 19, Period: evening
Mode: engaged (duration: 15.3s)
Aggression: 0.00
Flow: direction=-0.78, x_offset=47.0
Light position (normalized): x=0.89, z=0.63
Almost-engaged: False, strategy: none
Person zone: active

=== Engagement at 2026-03-03 19:01:26 ===
Hour: 19, Period: evening
Mode: flow (duration: 39.3s)
Aggression: 0.03
Flow: direction=0.78, x_offset=-47.0
Light position (normalized): x=0.38, z=0.33
Almost-engaged: False, strategy: none
Person zone: active

=== Engagement at 2026-03-03 19:01:26 ===
Hour: 19, Period: evening
Mode: engaged (duration: 0.6s)
Aggression: 0.01
Flow: direction=0.73, x_offset=-43.8
Light position (normalized): x=0.71, z=0.20
Almost-engaged: False, strategy: none
Person zone: active

=== Engagement at 2026-03-03 19:02:31 ===
Hour: 19, Period: evening
Mode: aware (duration: 52.3s)
Aggression: 0.02
Flow: direction=0.99, x_offset=-59.6
Light position (normalized): x=0.69, z=0.34
Almost-engaged: False, strategy: none
Person zone: active

=== Engagement at 2026-03-03 19:02:31 ===
Hour: 19, Period: evening
Mode: aware (duration: 52.3s)
Aggression: 0.02
Flow: direction=0.99, x_offset=-59.6
Light position (normalized): x=0.69, z=0.34
Almost-engaged: False, strategy: none
Person zone: active

=== Engagement at 2026-03-03 19:03:36 ===
Hour: 19, Period: evening
Mode: aware (duration: 7.7s)
Aggression: 0.03
Flow: direction=0.80, x_offset=-48.0
Light position (normalized): x=0.48, z=0.13
Almost-engaged: False, strategy: none
Person zone: active

=== Engagement at 2026-03-03 19:03:36 ===
Hour: 19, Period: evening
Mode: aware (duration: 7.7s)
Aggression: 0.03
Flow: direction=0.80, x_offset=-48.0
Light position (normalized): x=0.48, z=0.13
Almost-engaged: False, strategy: none
Person zone: active

=== Engagement at 2026-03-03 19:03:37 ===
Hour: 19, Period: evening
Mode: engaged (duration: 0.8s)
Aggression: 0.00
Flow: direction=0.80, x_offset=-48.0
Light position (normalized): x=0.58, z=0.26
Almost-engaged: False, strategy: none
Person zone: active

=== Engagement at 2026-03-03 19:03:38 ===
Hour: 19, Period: evening
Mode: engaged (duration: 1.4s)
Aggression: 0.00
Flow: direction=0.69, x_offset=-41.2
Light position (normalized): x=0.50, z=0.35
Almost-engaged: False, strategy: none
Person zone: active

=== Engagement at 2026-03-03 19:03:38 ===
Hour: 19, Period: evening
Mode: engaged (duration: 1.4s)
Aggression: 0.00
Flow: direction=0.69, x_offset=-41.2
Light position (normalized): x=0.50, z=0.35
Almost-engaged: False, strategy: none
Person zone: active

=== Engagement at 2026-03-03 19:03:58 ===
Hour: 19, Period: evening
Mode: engaged (duration: 22.0s)
Aggression: 0.00
Flow: direction=-0.30, x_offset=18.3
Light position (normalized): x=0.41, z=0.14
Almost-engaged: False, strategy: none
Person zone: active

=== Engagement at 2026-03-03 19:05:15 ===
Hour: 19, Period: evening
Mode: flow (duration: 51.3s)
Aggression: 0.02
Flow: direction=0.53, x_offset=-31.9
Light position (normalized): x=0.40, z=0.35
Almost-engaged: False, strategy: none
Person zone: active

=== Engagement at 2026-03-03 19:09:48 ===
Hour: 19, Period: evening
Mode: flow (duration: 2.7s)
Aggression: 0.05
Flow: direction=0.79, x_offset=-47.2
Light position (normalized): x=0.48, z=0.27
Almost-engaged: False, strategy: none
Person zone: active

=== Engagement at 2026-03-03 19:09:48 ===
Hour: 19, Period: evening
Mode: flow (duration: 2.7s)
Aggression: 0.05
Flow: direction=0.79, x_offset=-47.2
Light position (normalized): x=0.48, z=0.27
Almost-engaged: False, strategy: none
Person zone: active

=== Engagement at 2026-03-03 19:09:49 ===
Hour: 19, Period: evening
Mode: engaged (duration: 0.6s)
Aggression: 0.01
Flow: direction=0.79, x_offset=-47.2
Light position (normalized): x=0.88, z=0.63
Almost-engaged: False, strategy: none
Person zone: active

=== Engagement at 2026-03-03 19:09:49 ===
Hour: 19, Period: evening
Mode: engaged (duration: 0.6s)
Aggression: 0.01
Flow: direction=0.79, x_offset=-47.2
Light position (normalized): x=0.88, z=0.63
Almost-engaged: False, strategy: none
Person zone: active

=== Engagement at 2026-03-03 19:10:13 ===
Hour: 19, Period: evening
Mode: flow (duration: 11.7s)
Aggression: 0.01
Flow: direction=-0.18, x_offset=10.9
Light position (normalized): x=0.60, z=0.41
Almost-engaged: False, strategy: none
Person zone: active

=== Engagement at 2026-03-03 19:10:13 ===
Hour: 19, Period: evening
Mode: flow (duration: 11.7s)
Aggression: 0.01
Flow: direction=-0.18, x_offset=10.9
Light position (normalized): x=0.60, z=0.41
Almost-engaged: False, strategy: none
Person zone: active

=== Engagement at 2026-03-03 19:11:38 ===
Hour: 19, Period: evening
Mode: flow (duration: 5.0s)
Aggression: 0.03
Flow: direction=0.46, x_offset=-27.9
Light position (normalized): x=0.49, z=0.37
Almost-engaged: False, strategy: none
Person zone: active

=== Engagement at 2026-03-03 19:11:38 ===
Hour: 19, Period: evening
Mode: flow (duration: 5.0s)
Aggression: 0.03
Flow: direction=0.46, x_offset=-27.9
Light position (normalized): x=0.49, z=0.37
Almost-engaged: False, strategy: none
Person zone: active

=== Engagement at 2026-03-03 19:13:06 ===
Hour: 19, Period: evening
Mode: flow (duration: 75.0s)
Aggression: 0.03
Flow: direction=0.95, x_offset=-56.9
Light position (normalized): x=0.62, z=0.19
Almost-engaged: False, strategy: none
Person zone: active

=== Engagement at 2026-03-03 19:13:06 ===
Hour: 19, Period: evening
Mode: flow (duration: 75.0s)
Aggression: 0.03
Flow: direction=0.95, x_offset=-56.9
Light position (normalized): x=0.62, z=0.19
Almost-engaged: False, strategy: none
Person zone: active

=== Engagement at 2026-03-03 19:13:36 ===
Hour: 19, Period: evening
Mode: flow (duration: 17.0s)
Aggression: 0.01
Flow: direction=0.50, x_offset=-29.9
Light position (normalized): x=0.32, z=0.27
Almost-engaged: False, strategy: none
Person zone: active

=== Engagement at 2026-03-03 19:14:42 ===
Hour: 19, Period: evening
Mode: flow (duration: 52.7s)
Aggression: 0.01
Flow: direction=-0.07, x_offset=4.1
Light position (normalized): x=0.37, z=0.15
Almost-engaged: False, strategy: none
Person zone: active

=== Engagement at 2026-03-03 19:18:42 ===
Hour: 19, Period: evening
Mode: flow (duration: 153.2s)
Aggression: 0.08
Flow: direction=0.10, x_offset=-6.2
Light position (normalized): x=0.42, z=0.23
Almost-engaged: False, strategy: none
Person zone: active

=== Engagement at 2026-03-03 19:20:18 ===
Hour: 19, Period: evening
Mode: flow (duration: 25.2s)
Aggression: 0.04
Flow: direction=1.00, x_offset=-59.9
Light position (normalized): x=0.42, z=0.30
Almost-engaged: False, strategy: none
Person zone: active

=== Engagement at 2026-03-03 19:20:18 ===
Hour: 19, Period: evening
Mode: flow (duration: 25.2s)
Aggression: 0.04
Flow: direction=1.00, x_offset=-59.9
Light position (normalized): x=0.42, z=0.30
Almost-engaged: False, strategy: none
Person zone: active

=== Engagement at 2026-03-03 19:21:41 ===
Hour: 19, Period: evening
Mode: flow (duration: 3.9s)
Aggression: 0.03
Flow: direction=0.92, x_offset=-55.1
Light position (normalized): x=0.62, z=0.26
Almost-engaged: False, strategy: none
Person zone: active

=== Engagement at 2026-03-03 19:21:41 ===
Hour: 19, Period: evening
Mode: flow (duration: 3.9s)
Aggression: 0.03
Flow: direction=0.92, x_offset=-55.1
Light position (normalized): x=0.62, z=0.26
Almost-engaged: False, strategy: none
Person zone: active

=== Engagement at 2026-03-03 19:23:12 ===
Hour: 19, Period: evening
Mode: aware (duration: 41.4s)
Aggression: 0.06
Flow: direction=0.95, x_offset=-57.2
Light position (normalized): x=0.27, z=0.43
Almost-engaged: False, strategy: none
Person zone: active

=== Engagement at 2026-03-03 19:23:12 ===
Hour: 19, Period: evening
Mode: engaged (duration: 0.2s)
Aggression: 0.03
Flow: direction=0.95, x_offset=-57.2
Light position (normalized): x=0.36, z=0.44
Almost-engaged: False, strategy: none
Person zone: active

=== Engagement at 2026-03-03 19:24:24 ===
Hour: 19, Period: evening
Mode: aware (duration: 59.1s)
Aggression: 0.05
Flow: direction=0.85, x_offset=-51.0
Light position (normalized): x=0.14, z=0.55
Almost-engaged: False, strategy: none
Person zone: active

=== Engagement at 2026-03-03 19:24:24 ===
Hour: 19, Period: evening
Mode: aware (duration: 59.1s)
Aggression: 0.05
Flow: direction=0.85, x_offset=-51.0
Light position (normalized): x=0.14, z=0.55
Almost-engaged: False, strategy: none
Person zone: active

=== Engagement at 2026-03-03 19:24:34 ===
Hour: 19, Period: evening
Mode: engaged (duration: 9.6s)
Aggression: 0.01
Flow: direction=0.79, x_offset=-47.3
Light position (normalized): x=0.33, z=0.52
Almost-engaged: False, strategy: none
Person zone: active

=== Engagement at 2026-03-03 19:24:34 ===
Hour: 19, Period: evening
Mode: engaged (duration: 9.6s)
Aggression: 0.01
Flow: direction=0.79, x_offset=-47.3
Light position (normalized): x=0.33, z=0.52
Almost-engaged: False, strategy: none
Person zone: active

=== Engagement at 2026-03-03 19:24:34 ===
Hour: 19, Period: evening
Mode: engaged (duration: 10.0s)
Aggression: 0.01
Flow: direction=0.79, x_offset=-47.2
Light position (normalized): x=0.35, z=0.52
Almost-engaged: False, strategy: none
Person zone: active

=== Engagement at 2026-03-03 19:28:43 ===
Hour: 19, Period: evening
Mode: flow (duration: 158.3s)
Aggression: 0.07
Flow: direction=1.00, x_offset=-60.0
Light position (normalized): x=0.53, z=0.54
Almost-engaged: False, strategy: none
Person zone: active

=== Engagement at 2026-03-03 19:28:43 ===
Hour: 19, Period: evening
Mode: flow (duration: 158.3s)
Aggression: 0.07
Flow: direction=1.00, x_offset=-60.0
Light position (normalized): x=0.53, z=0.54
Almost-engaged: False, strategy: none
Person zone: active

=== Engagement at 2026-03-03 19:30:16 ===
Hour: 19, Period: evening
Mode: idle (duration: 11.4s)
Aggression: 0.02
Flow: direction=0.82, x_offset=-49.3
Light position (normalized): x=0.61, z=0.44
Almost-engaged: False, strategy: none
Person zone: active

=== Engagement at 2026-03-03 19:30:16 ===
Hour: 19, Period: evening
Mode: idle (duration: 11.4s)
Aggression: 0.02
Flow: direction=0.82, x_offset=-49.3
Light position (normalized): x=0.61, z=0.44
Almost-engaged: False, strategy: none
Person zone: active

=== Engagement at 2026-03-03 19:30:52 ===
Hour: 19, Period: evening
Mode: flow (duration: 22.7s)
Aggression: 0.01
Flow: direction=0.50, x_offset=-30.0
Light position (normalized): x=0.28, z=0.48
Almost-engaged: False, strategy: none
Person zone: active

=== Engagement at 2026-03-03 19:30:56 ===
Hour: 19, Period: evening
Mode: engaged (duration: 3.9s)
Aggression: 0.00
Flow: direction=0.47, x_offset=-28.2
Light position (normalized): x=0.05, z=0.38
Almost-engaged: False, strategy: none
Person zone: active

=== Engagement at 2026-03-03 19:30:56 ===
Hour: 19, Period: evening
Mode: engaged (duration: 3.9s)
Aggression: 0.00
Flow: direction=0.47, x_offset=-28.2
Light position (normalized): x=0.05, z=0.38
Almost-engaged: False, strategy: none
Person zone: active

=== Engagement at 2026-03-03 19:30:56 ===
Hour: 19, Period: evening
Mode: engaged (duration: 4.6s)
Aggression: 0.00
Flow: direction=0.46, x_offset=-27.6
Light position (normalized): x=0.04, z=0.65
Almost-engaged: False, strategy: none
Person zone: active

=== Engagement at 2026-03-03 19:30:56 ===
Hour: 19, Period: evening
Mode: engaged (duration: 4.6s)
Aggression: 0.00
Flow: direction=0.46, x_offset=-27.6
Light position (normalized): x=0.04, z=0.65
Almost-engaged: False, strategy: none
Person zone: active

=== Engagement at 2026-03-03 19:30:59 ===
Hour: 19, Period: evening
Mode: engaged (duration: 7.6s)
Aggression: 0.00
Flow: direction=0.44, x_offset=-26.7
Light position (normalized): x=0.29, z=0.57
Almost-engaged: False, strategy: none
Person zone: active

=== Engagement at 2026-03-03 19:30:59 ===
Hour: 19, Period: evening
Mode: engaged (duration: 7.6s)
Aggression: 0.00
Flow: direction=0.44, x_offset=-26.7
Light position (normalized): x=0.29, z=0.57
Almost-engaged: False, strategy: none
Person zone: active

=== Engagement at 2026-03-03 19:31:00 ===
Hour: 19, Period: evening
Mode: engaged (duration: 8.4s)
Aggression: 0.00
Flow: direction=0.44, x_offset=-26.7
Light position (normalized): x=0.30, z=0.51
Almost-engaged: False, strategy: none
Person zone: active

=== Engagement at 2026-03-03 19:31:00 ===
Hour: 19, Period: evening
Mode: engaged (duration: 8.4s)
Aggression: 0.00
Flow: direction=0.44, x_offset=-26.7
Light position (normalized): x=0.30, z=0.51
Almost-engaged: False, strategy: none
Person zone: active

=== Engagement at 2026-03-03 19:31:08 ===
Hour: 19, Period: evening
Mode: engaged (duration: 15.6s)
Aggression: 0.00
Flow: direction=0.02, x_offset=-1.0
Light position (normalized): x=0.38, z=0.28
Almost-engaged: False, strategy: none
Person zone: active

=== Engagement at 2026-03-03 19:31:08 ===
Hour: 19, Period: evening
Mode: engaged (duration: 16.3s)
Aggression: 0.00
Flow: direction=0.02, x_offset=-1.0
Light position (normalized): x=0.50, z=0.44
Almost-engaged: False, strategy: none
Person zone: active

=== Engagement at 2026-03-03 19:31:10 ===
Hour: 19, Period: evening
Mode: engaged (duration: 17.8s)
Aggression: 0.00
Flow: direction=0.03, x_offset=-1.6
Light position (normalized): x=0.54, z=0.55
Almost-engaged: False, strategy: none
Person zone: active

=== Engagement at 2026-03-03 19:31:10 ===
Hour: 19, Period: evening
Mode: engaged (duration: 17.8s)
Aggression: 0.00
Flow: direction=0.03, x_offset=-1.6
Light position (normalized): x=0.54, z=0.55
Almost-engaged: False, strategy: none
Person zone: active

=== Engagement at 2026-03-03 19:31:19 ===
Hour: 19, Period: evening
Mode: crowd (duration: 8.0s)
Aggression: 0.00
Flow: direction=0.25, x_offset=-15.3
Light position (normalized): x=0.52, z=0.29
Almost-engaged: False, strategy: none
Person zone: active

=== Engagement at 2026-03-03 19:31:19 ===
Hour: 19, Period: evening
Mode: crowd (duration: 8.0s)
Aggression: 0.00
Flow: direction=0.25, x_offset=-15.3
Light position (normalized): x=0.52, z=0.29
Almost-engaged: False, strategy: none
Person zone: active

=== Engagement at 2026-03-03 19:31:25 ===
Hour: 19, Period: evening
Mode: crowd (duration: 14.3s)
Aggression: 0.00
Flow: direction=0.60, x_offset=-36.2
Light position (normalized): x=0.26, z=0.38
Almost-engaged: False, strategy: none
Person zone: active

=== Engagement at 2026-03-03 19:31:25 ===
Hour: 19, Period: evening
Mode: crowd (duration: 14.3s)
Aggression: 0.00
Flow: direction=0.60, x_offset=-36.2
Light position (normalized): x=0.26, z=0.38
Almost-engaged: False, strategy: none
Person zone: active

=== Engagement at 2026-03-03 19:31:27 ===
Hour: 19, Period: evening
Mode: crowd (duration: 15.9s)
Aggression: 0.00
Flow: direction=0.67, x_offset=-40.1
Light position (normalized): x=0.14, z=0.52
Almost-engaged: False, strategy: none
Person zone: active

=== Engagement at 2026-03-03 19:31:27 ===
Hour: 19, Period: evening
Mode: crowd (duration: 15.9s)
Aggression: 0.00
Flow: direction=0.67, x_offset=-40.1
Light position (normalized): x=0.14, z=0.52
Almost-engaged: False, strategy: none
Person zone: active

=== Engagement at 2026-03-03 19:31:27 ===
Hour: 19, Period: evening
Mode: crowd (duration: 16.7s)
Aggression: 0.00
Flow: direction=0.72, x_offset=-43.0
Light position (normalized): x=0.20, z=0.49
Almost-engaged: False, strategy: none
Person zone: active

=== Engagement at 2026-03-03 19:31:27 ===
Hour: 19, Period: evening
Mode: crowd (duration: 16.7s)
Aggression: 0.00
Flow: direction=0.72, x_offset=-43.0
Light position (normalized): x=0.20, z=0.49
Almost-engaged: False, strategy: none
Person zone: active

=== Engagement at 2026-03-03 19:31:29 ===
Hour: 19, Period: evening
Mode: crowd (duration: 18.0s)
Aggression: 0.00
Flow: direction=0.75, x_offset=-45.1
Light position (normalized): x=0.35, z=0.39
Almost-engaged: False, strategy: none
Person zone: active

=== Engagement at 2026-03-03 19:31:29 ===
Hour: 19, Period: evening
Mode: crowd (duration: 18.0s)
Aggression: 0.00
Flow: direction=0.75, x_offset=-45.1
Light position (normalized): x=0.35, z=0.39
Almost-engaged: False, strategy: none
Person zone: active

=== Engagement at 2026-03-03 19:31:30 ===
Hour: 19, Period: evening
Mode: crowd (duration: 19.0s)
Aggression: 0.00
Flow: direction=0.75, x_offset=-45.1
Light position (normalized): x=0.47, z=0.30
Almost-engaged: False, strategy: none
Person zone: active

=== Engagement at 2026-03-03 19:31:30 ===
Hour: 19, Period: evening
Mode: crowd (duration: 19.0s)
Aggression: 0.00
Flow: direction=0.75, x_offset=-45.1
Light position (normalized): x=0.47, z=0.30
Almost-engaged: False, strategy: none
Person zone: active

=== Engagement at 2026-03-03 19:31:33 ===
Hour: 19, Period: evening
Mode: crowd (duration: 21.8s)
Aggression: 0.00
Flow: direction=0.80, x_offset=-48.0
Light position (normalized): x=0.39, z=0.38
Almost-engaged: False, strategy: none
Person zone: active

=== Engagement at 2026-03-03 19:31:33 ===
Hour: 19, Period: evening
Mode: crowd (duration: 21.8s)
Aggression: 0.00
Flow: direction=0.80, x_offset=-48.0
Light position (normalized): x=0.39, z=0.38
Almost-engaged: False, strategy: none
Person zone: active

=== Engagement at 2026-03-03 19:31:34 ===
Hour: 19, Period: evening
Mode: crowd (duration: 23.5s)
Aggression: 0.00
Flow: direction=0.82, x_offset=-48.9
Light position (normalized): x=0.60, z=0.52
Almost-engaged: False, strategy: none
Person zone: active

=== Engagement at 2026-03-03 19:32:19 ===
Hour: 19, Period: evening
Mode: flow (duration: 38.2s)
Aggression: 0.02
Flow: direction=0.64, x_offset=-38.4
Light position (normalized): x=0.34, z=0.17
Almost-engaged: False, strategy: none
Person zone: active

=== Engagement at 2026-03-03 19:32:20 ===
Hour: 19, Period: evening
Mode: engaged (duration: 0.4s)
Aggression: 0.01
Flow: direction=0.64, x_offset=-38.4
Light position (normalized): x=0.54, z=0.24
Almost-engaged: False, strategy: none
Person zone: active

=== Engagement at 2026-03-03 19:32:20 ===
Hour: 19, Period: evening
Mode: engaged (duration: 1.0s)
Aggression: 0.00
Flow: direction=0.64, x_offset=-38.4
Light position (normalized): x=0.90, z=0.43
Almost-engaged: False, strategy: none
Person zone: active

=== Engagement at 2026-03-03 19:32:34 ===
Hour: 19, Period: evening
Mode: aware (duration: 2.0s)
Aggression: 0.01
Flow: direction=0.53, x_offset=-31.7
Light position (normalized): x=0.47, z=0.30
Almost-engaged: False, strategy: none
Person zone: active

=== Engagement at 2026-03-03 19:32:34 ===
Hour: 19, Period: evening
Mode: aware (duration: 2.0s)
Aggression: 0.01
Flow: direction=0.53, x_offset=-31.7
Light position (normalized): x=0.47, z=0.30
Almost-engaged: False, strategy: none
Person zone: active

=== Engagement at 2026-03-03 19:33:05 ===
Hour: 19, Period: evening
Mode: aware (duration: 17.7s)
Aggression: 0.02
Flow: direction=0.57, x_offset=-34.2
Light position (normalized): x=0.36, z=0.53
Almost-engaged: False, strategy: none
Person zone: active

=== Engagement at 2026-03-03 19:34:41 ===
Hour: 19, Period: evening
Mode: flow (duration: 11.2s)
Aggression: 0.02
Flow: direction=0.98, x_offset=-59.1
Light position (normalized): x=0.46, z=0.10
Almost-engaged: False, strategy: none
Person zone: active

=== Engagement at 2026-03-03 19:34:41 ===
Hour: 19, Period: evening
Mode: flow (duration: 11.2s)
Aggression: 0.02
Flow: direction=0.98, x_offset=-59.1
Light position (normalized): x=0.46, z=0.10
Almost-engaged: False, strategy: none
Person zone: active

=== Engagement at 2026-03-03 19:38:32 ===
Hour: 19, Period: evening
Mode: flow (duration: 79.4s)
Aggression: 0.07
Flow: direction=0.84, x_offset=-50.6
Light position (normalized): x=0.51, z=0.29
Almost-engaged: False, strategy: none
Person zone: active

=== Engagement at 2026-03-03 19:38:33 ===
Hour: 19, Period: evening
Mode: engaged (duration: 0.3s)
Aggression: 0.03
Flow: direction=0.84, x_offset=-50.6
Light position (normalized): x=0.61, z=0.19
Almost-engaged: False, strategy: none
Person zone: active

=== Engagement at 2026-03-03 19:42:19 ===
Hour: 19, Period: evening
Mode: idle (duration: 47.7s)
Aggression: 0.04
Flow: direction=0.98, x_offset=-58.6
Light position (normalized): x=0.29, z=0.45
Almost-engaged: False, strategy: none
Person zone: active

=== Engagement at 2026-03-03 19:43:40 ===
Hour: 19, Period: evening
Mode: flow (duration: 18.3s)
Aggression: 0.05
Flow: direction=0.99, x_offset=-59.5
Light position (normalized): x=0.58, z=0.09
Almost-engaged: False, strategy: none
Person zone: active

=== Engagement at 2026-03-03 19:43:40 ===
Hour: 19, Period: evening
Mode: flow (duration: 18.3s)
Aggression: 0.05
Flow: direction=0.99, x_offset=-59.5
Light position (normalized): x=0.58, z=0.09
Almost-engaged: False, strategy: none
Person zone: active

=== Engagement at 2026-03-03 19:45:31 ===
Hour: 19, Period: evening
Mode: flow (duration: 19.2s)
Aggression: 0.04
Flow: direction=0.25, x_offset=-15.1
Light position (normalized): x=0.62, z=0.31
Almost-engaged: False, strategy: none
Person zone: active

=== Engagement at 2026-03-03 19:51:56 ===
Hour: 19, Period: evening
Mode: idle (duration: 58.8s)
Aggression: 0.07
Flow: direction=0.56, x_offset=-33.5
Light position (normalized): x=0.47, z=0.22
Almost-engaged: False, strategy: none
Person zone: active

=== Engagement at 2026-03-03 19:51:56 ===
Hour: 19, Period: evening
Mode: idle (duration: 58.8s)
Aggression: 0.07
Flow: direction=0.56, x_offset=-33.5
Light position (normalized): x=0.47, z=0.22
Almost-engaged: False, strategy: none
Person zone: active

=== Engagement at 2026-03-03 19:51:56 ===
Hour: 19, Period: evening
Mode: engaged (duration: 0.3s)
Aggression: 0.03
Flow: direction=0.52, x_offset=-31.1
Light position (normalized): x=0.67, z=0.19
Almost-engaged: False, strategy: none
Person zone: active

=== Engagement at 2026-03-03 19:52:18 ===
Hour: 19, Period: evening
Mode: flow (duration: 9.0s)
Aggression: 0.01
Flow: direction=-0.53, x_offset=32.0
Light position (normalized): x=0.32, z=0.21
Almost-engaged: False, strategy: none
Person zone: active

=== Engagement at 2026-03-03 19:52:18 ===
Hour: 19, Period: evening
Mode: flow (duration: 9.0s)
Aggression: 0.01
Flow: direction=-0.53, x_offset=32.0
Light position (normalized): x=0.32, z=0.21
Almost-engaged: False, strategy: none
Person zone: active

=== Engagement at 2026-03-03 19:57:20 ===
Hour: 19, Period: evening
Mode: flow (duration: 214.5s)
Aggression: 0.07
Flow: direction=0.90, x_offset=-54.0
Light position (normalized): x=0.38, z=0.19
Almost-engaged: False, strategy: none
Person zone: active

=== Engagement at 2026-03-03 19:57:27 ===
Hour: 19, Period: evening
Mode: engaged (duration: 6.7s)
Aggression: 0.00
Flow: direction=0.97, x_offset=-58.1
Light position (normalized): x=0.31, z=0.28
Almost-engaged: False, strategy: none
Person zone: active

=== Engagement at 2026-03-03 19:57:27 ===
Hour: 19, Period: evening
Mode: engaged (duration: 6.7s)
Aggression: 0.00
Flow: direction=0.97, x_offset=-58.1
Light position (normalized): x=0.31, z=0.28
Almost-engaged: False, strategy: none
Person zone: active

=== Engagement at 2026-03-03 20:00:27 ===
Hour: 20, Period: evening
Mode: flow (duration: 40.4s)
Aggression: 0.05
Flow: direction=0.97, x_offset=-58.4
Light position (normalized): x=0.83, z=0.37
Almost-engaged: False, strategy: none
Person zone: active

=== Engagement at 2026-03-03 20:00:27 ===
Hour: 20, Period: evening
Mode: engaged (duration: 0.0s)
Aggression: 0.04
Flow: direction=0.97, x_offset=-58.4
Light position (normalized): x=0.83, z=0.37
Almost-engaged: False, strategy: none
Person zone: active

=== Engagement at 2026-03-03 20:00:27 ===
Hour: 20, Period: evening
Mode: engaged (duration: 0.0s)
Aggression: 0.04
Flow: direction=0.97, x_offset=-58.4
Light position (normalized): x=0.83, z=0.37
Almost-engaged: False, strategy: none
Person zone: active

=== Engagement at 2026-03-03 20:01:43 ===
Hour: 20, Period: evening
Mode: flow (duration: 41.9s)
Aggression: 0.01
Flow: direction=-0.43, x_offset=25.9
Light position (normalized): x=0.39, z=0.26
Almost-engaged: False, strategy: none
Person zone: active

=== Engagement at 2026-03-03 20:02:02 ===
Hour: 20, Period: evening
Mode: flow (duration: 5.9s)
Aggression: 0.02
Flow: direction=-0.67, x_offset=39.9
Light position (normalized): x=0.41, z=0.39
Almost-engaged: False, strategy: none
Person zone: active

=== Engagement at 2026-03-03 20:07:28 ===
Hour: 20, Period: evening
Mode: idle (duration: 12.1s)
Aggression: 0.09
Flow: direction=0.58, x_offset=-34.7
Light position (normalized): x=0.75, z=0.12
Almost-engaged: False, strategy: none
Person zone: active

=== Engagement at 2026-03-03 20:08:13 ===
Hour: 20, Period: evening
Mode: flow (duration: 32.5s)
Aggression: 0.01
Flow: direction=0.89, x_offset=-53.5
Light position (normalized): x=0.64, z=0.19
Almost-engaged: False, strategy: none
Person zone: active

=== Engagement at 2026-03-03 20:08:51 ===
Hour: 20, Period: evening
Mode: flow (duration: 24.8s)
Aggression: 0.01
Flow: direction=1.00, x_offset=-59.9
Light position (normalized): x=0.45, z=0.46
Almost-engaged: False, strategy: none
Person zone: active

=== Engagement at 2026-03-03 20:08:51 ===
Hour: 20, Period: evening
Mode: flow (duration: 24.8s)
Aggression: 0.01
Flow: direction=1.00, x_offset=-59.9
Light position (normalized): x=0.45, z=0.46
Almost-engaged: False, strategy: none
Person zone: active

=== Engagement at 2026-03-03 20:09:47 ===
Hour: 20, Period: evening
Mode: flow (duration: 42.3s)
Aggression: 0.01
Flow: direction=0.90, x_offset=-53.7
Light position (normalized): x=0.46, z=0.41
Almost-engaged: False, strategy: none
Person zone: active

=== Engagement at 2026-03-03 20:11:58 ===
Hour: 20, Period: evening
Mode: flow (duration: 118.6s)
Aggression: 0.03
Flow: direction=0.85, x_offset=-51.1
Light position (normalized): x=0.86, z=0.50
Almost-engaged: False, strategy: none
Person zone: active

=== Engagement at 2026-03-03 20:21:44 ===
Hour: 20, Period: evening
Mode: flow (duration: 8.1s)
Aggression: 0.08
Flow: direction=0.94, x_offset=-56.2
Light position (normalized): x=0.51, z=0.33
Almost-engaged: False, strategy: none
Person zone: active

=== Engagement at 2026-03-03 20:23:28 ===
Hour: 20, Period: evening
Mode: flow (duration: 90.6s)
Aggression: 0.02
Flow: direction=-0.89, x_offset=53.2
Light position (normalized): x=0.31, z=0.33
Almost-engaged: False, strategy: none
Person zone: active

=== Engagement at 2026-03-03 20:24:54 ===
Hour: 20, Period: evening
Mode: idle (duration: 12.1s)
Aggression: 0.01
Flow: direction=0.25, x_offset=-15.0
Light position (normalized): x=0.63, z=0.12
Almost-engaged: False, strategy: none
Person zone: active

=== Engagement at 2026-03-03 20:28:09 ===
Hour: 20, Period: evening
Mode: idle (duration: 16.5s)
Aggression: 0.03
Flow: direction=0.63, x_offset=-38.1
Light position (normalized): x=0.35, z=0.06
Almost-engaged: False, strategy: none
Person zone: active

=== Engagement at 2026-03-03 20:38:22 ===
Hour: 20, Period: evening
Mode: flow (duration: 16.6s)
Aggression: 0.13
Flow: direction=0.90, x_offset=-53.9
Light position (normalized): x=0.47, z=0.45
Almost-engaged: False, strategy: none
Person zone: active

=== Engagement at 2026-03-03 20:39:00 ===
Hour: 20, Period: evening
Mode: flow (duration: 24.7s)
Aggression: 0.01
Flow: direction=0.57, x_offset=-34.3
Light position (normalized): x=0.52, z=0.33
Almost-engaged: False, strategy: none
Person zone: active

=== Engagement at 2026-03-03 20:43:41 ===
Hour: 20, Period: evening
Mode: flow (duration: 4.8s)
Aggression: 0.07
Flow: direction=0.90, x_offset=-53.8
Light position (normalized): x=0.58, z=0.45
Almost-engaged: False, strategy: none
Person zone: active

=== Engagement at 2026-03-03 20:45:07 ===
Hour: 20, Period: evening
Mode: idle (duration: 16.2s)
Aggression: 0.02
Flow: direction=0.89, x_offset=-53.7
Light position (normalized): x=0.63, z=0.33
Almost-engaged: False, strategy: none
Person zone: active

=== Engagement at 2026-03-03 20:47:43 ===
Hour: 20, Period: evening
Mode: idle (duration: 76.4s)
Aggression: 0.02
Flow: direction=0.96, x_offset=-57.6
Light position (normalized): x=0.48, z=0.36
Almost-engaged: False, strategy: none
Person zone: active

=== Engagement at 2026-03-03 20:47:43 ===
Hour: 20, Period: evening
Mode: idle (duration: 76.4s)
Aggression: 0.02
Flow: direction=0.96, x_offset=-57.6
Light position (normalized): x=0.48, z=0.36
Almost-engaged: False, strategy: none
Person zone: active

=== Engagement at 2026-03-03 20:54:49 ===
Hour: 20, Period: evening
Mode: idle (duration: 40.5s)
Aggression: 0.07
Flow: direction=0.00, x_offset=-4.3
Light position (normalized): x=0.77, z=0.32
Almost-engaged: False, strategy: none
Person zone: active

=== Engagement at 2026-03-03 20:54:49 ===
Hour: 20, Period: evening
Mode: idle (duration: 40.5s)
Aggression: 0.07
Flow: direction=0.00, x_offset=-4.3
Light position (normalized): x=0.77, z=0.32
Almost-engaged: False, strategy: none
Person zone: active

=== Engagement at 2026-03-03 20:56:11 ===
Hour: 20, Period: evening
Mode: flow (duration: 68.6s)
Aggression: 0.02
Flow: direction=-0.89, x_offset=53.3
Light position (normalized): x=0.73, z=0.50
Almost-engaged: False, strategy: none
Person zone: active

=== Engagement at 2026-03-03 20:57:27 ===
Hour: 20, Period: evening
Mode: flow (duration: 63.3s)
Aggression: 0.02
Flow: direction=0.96, x_offset=-57.5
Light position (normalized): x=0.63, z=0.26
Almost-engaged: False, strategy: none
Person zone: active

=== Engagement at 2026-03-03 20:58:42 ===
Hour: 20, Period: evening
Mode: flow (duration: 27.2s)
Aggression: 0.02
Flow: direction=0.94, x_offset=-56.2
Light position (normalized): x=0.71, z=0.29
Almost-engaged: False, strategy: none
Person zone: active

=== Engagement at 2026-03-03 21:02:07 ===
Hour: 21, Period: evening
Mode: idle (duration: 42.9s)
Aggression: 0.04
Flow: direction=0.99, x_offset=-59.7
Light position (normalized): x=0.54, z=0.35
Almost-engaged: False, strategy: none
Person zone: active

=== Engagement at 2026-03-03 21:02:07 ===
Hour: 21, Period: evening
Mode: idle (duration: 42.9s)
Aggression: 0.04
Flow: direction=0.99, x_offset=-59.7
Light position (normalized): x=0.54, z=0.35
Almost-engaged: False, strategy: none
Person zone: active

=== Engagement at 2026-03-03 21:03:22 ===
Hour: 21, Period: evening
Mode: flow (duration: 61.0s)
Aggression: 0.03
Flow: direction=0.97, x_offset=-58.0
Light position (normalized): x=0.49, z=0.19
Almost-engaged: False, strategy: none
Person zone: active

=== Engagement at 2026-03-03 21:03:22 ===
Hour: 21, Period: evening
Mode: flow (duration: 61.0s)
Aggression: 0.03
Flow: direction=0.97, x_offset=-58.0
Light position (normalized): x=0.49, z=0.19
Almost-engaged: False, strategy: none
Person zone: active

=== Engagement at 2026-03-03 21:07:17 ===
Hour: 21, Period: evening
Mode: idle (duration: 72.5s)
Aggression: 0.04
Flow: direction=0.20, x_offset=-12.2
Light position (normalized): x=0.59, z=0.48
Almost-engaged: False, strategy: none
Person zone: active

=== Engagement at 2026-03-03 21:07:21 ===
Hour: 21, Period: evening
Mode: engaged (duration: 4.4s)
Aggression: 0.00
Flow: direction=0.61, x_offset=-36.7
Light position (normalized): x=0.58, z=0.40
Almost-engaged: False, strategy: none
Person zone: active

=== Engagement at 2026-03-03 21:07:21 ===
Hour: 21, Period: evening
Mode: engaged (duration: 4.4s)
Aggression: 0.00
Flow: direction=0.61, x_offset=-36.7
Light position (normalized): x=0.58, z=0.40
Almost-engaged: False, strategy: none
Person zone: active

=== Engagement at 2026-03-03 21:09:10 ===
Hour: 21, Period: evening
Mode: idle (duration: 9.4s)
Aggression: 0.02
Flow: direction=0.00, x_offset=-5.2
Light position (normalized): x=0.58, z=0.35
Almost-engaged: False, strategy: none
Person zone: active

=== Engagement at 2026-03-03 21:09:10 ===
Hour: 21, Period: evening
Mode: idle (duration: 9.4s)
Aggression: 0.02
Flow: direction=0.00, x_offset=-5.2
Light position (normalized): x=0.58, z=0.35
Almost-engaged: False, strategy: none
Person zone: active

=== Engagement at 2026-03-03 21:09:24 ===
Hour: 21, Period: evening
Mode: flow (duration: 1.2s)
Aggression: 0.01
Flow: direction=-0.87, x_offset=52.2
Light position (normalized): x=0.37, z=0.42
Almost-engaged: False, strategy: none
Person zone: active

=== Engagement at 2026-03-03 21:09:24 ===
Hour: 21, Period: evening
Mode: flow (duration: 1.2s)
Aggression: 0.01
Flow: direction=-0.87, x_offset=52.2
Light position (normalized): x=0.37, z=0.42
Almost-engaged: False, strategy: none
Person zone: active

=== Engagement at 2026-03-03 21:12:00 ===
Hour: 21, Period: evening
Mode: flow (duration: 56.6s)
Aggression: 0.03
Flow: direction=-0.43, x_offset=25.8
Light position (normalized): x=0.59, z=0.21
Almost-engaged: False, strategy: none
Person zone: active

=== Engagement at 2026-03-03 21:12:00 ===
Hour: 21, Period: evening
Mode: flow (duration: 56.6s)
Aggression: 0.03
Flow: direction=-0.43, x_offset=25.8
Light position (normalized): x=0.59, z=0.21
Almost-engaged: False, strategy: none
Person zone: active

=== Engagement at 2026-03-03 21:18:38 ===
Hour: 21, Period: evening
Mode: idle (duration: 11.2s)
Aggression: 0.04
Flow: direction=0.99, x_offset=-59.4
Light position (normalized): x=0.50, z=0.40
Almost-engaged: False, strategy: none
Person zone: active

=== Engagement at 2026-03-03 21:19:06 ===
Hour: 21, Period: evening
Mode: flow (duration: 15.6s)
Aggression: 0.00
Flow: direction=1.00, x_offset=-60.0
Light position (normalized): x=0.58, z=0.58
Almost-engaged: False, strategy: none
Person zone: active

=== Engagement at 2026-03-03 21:19:06 ===
Hour: 21, Period: evening
Mode: flow (duration: 15.6s)
Aggression: 0.00
Flow: direction=1.00, x_offset=-60.0
Light position (normalized): x=0.58, z=0.58
Almost-engaged: False, strategy: none
Person zone: active

=== Engagement at 2026-03-03 21:29:49 ===
Hour: 21, Period: evening
Mode: idle (duration: 127.2s)
Aggression: 0.10
Flow: direction=0.25, x_offset=-15.0
Light position (normalized): x=0.37, z=0.11
Almost-engaged: False, strategy: none
Person zone: active

=== Engagement at 2026-03-03 21:30:28 ===
Hour: 21, Period: evening
Mode: flow (duration: 24.2s)
Aggression: 0.01
Flow: direction=0.37, x_offset=-22.4
Light position (normalized): x=0.61, z=0.27
Almost-engaged: False, strategy: none
Person zone: active

=== Engagement at 2026-03-03 21:36:35 ===
Hour: 21, Period: evening
Mode: idle (duration: 54.5s)
Aggression: 0.09
Flow: direction=0.86, x_offset=-51.5
Light position (normalized): x=0.61, z=0.23
Almost-engaged: False, strategy: none
Person zone: active

=== Engagement at 2026-03-03 21:41:43 ===
Hour: 21, Period: evening
Mode: idle (duration: 35.6s)
Aggression: 0.06
Flow: direction=-0.33, x_offset=19.7
Light position (normalized): x=0.35, z=0.48
Almost-engaged: False, strategy: none
Person zone: active

=== Engagement at 2026-03-03 21:41:43 ===
Hour: 21, Period: evening
Mode: idle (duration: 35.6s)
Aggression: 0.06
Flow: direction=-0.33, x_offset=19.7
Light position (normalized): x=0.35, z=0.48
Almost-engaged: False, strategy: none
Person zone: active

=== Engagement at 2026-03-03 21:41:45 ===
Hour: 21, Period: evening
Mode: engaged (duration: 2.5s)
Aggression: 0.00
Flow: direction=-0.38, x_offset=22.5
Light position (normalized): x=0.03, z=0.58
Almost-engaged: False, strategy: none
Person zone: active

=== Engagement at 2026-03-03 21:43:21 ===
Hour: 21, Period: evening
Mode: flow (duration: 28.7s)
Aggression: 0.02
Flow: direction=0.47, x_offset=-28.0
Light position (normalized): x=0.24, z=0.33
Almost-engaged: False, strategy: none
Person zone: active

=== Engagement at 2026-03-03 21:44:19 ===
Hour: 21, Period: evening
Mode: flow (duration: 45.1s)
Aggression: 0.02
Flow: direction=0.56, x_offset=-33.6
Light position (normalized): x=0.65, z=0.42
Almost-engaged: False, strategy: none
Person zone: active

=== Engagement at 2026-03-03 21:44:19 ===
Hour: 21, Period: evening
Mode: flow (duration: 45.1s)
Aggression: 0.02
Flow: direction=0.56, x_offset=-33.6
Light position (normalized): x=0.65, z=0.42
Almost-engaged: False, strategy: none
Person zone: active

=== Engagement at 2026-03-03 21:44:48 ===
Hour: 21, Period: evening
Mode: flow (duration: 15.4s)
Aggression: 0.00
Flow: direction=0.75, x_offset=-53.7
Light position (normalized): x=0.38, z=0.48
Almost-engaged: False, strategy: none
Person zone: active

=== Engagement at 2026-03-03 21:44:48 ===
Hour: 21, Period: evening
Mode: flow (duration: 15.4s)
Aggression: 0.00
Flow: direction=0.75, x_offset=-53.7
Light position (normalized): x=0.38, z=0.48
Almost-engaged: False, strategy: none
Person zone: active

=== Engagement at 2026-03-03 21:46:21 ===
Hour: 21, Period: evening
Mode: flow (duration: 12.3s)
Aggression: 0.02
Flow: direction=-0.10, x_offset=6.0
Light position (normalized): x=0.19, z=0.36
Almost-engaged: False, strategy: none
Person zone: active

=== Engagement at 2026-03-03 21:46:21 ===
Hour: 21, Period: evening
Mode: flow (duration: 12.3s)
Aggression: 0.02
Flow: direction=-0.10, x_offset=6.0
Light position (normalized): x=0.19, z=0.36
Almost-engaged: False, strategy: none
Person zone: active

=== Engagement at 2026-03-03 21:47:51 ===
Hour: 21, Period: evening
Mode: flow (duration: 76.8s)
Aggression: 0.03
Flow: direction=-0.07, x_offset=23.1
Light position (normalized): x=0.42, z=0.48
Almost-engaged: False, strategy: none
Person zone: active

=== Engagement at 2026-03-03 21:48:06 ===
Hour: 21, Period: evening
Mode: flow (duration: 1.7s)
Aggression: 0.01
Flow: direction=-0.67, x_offset=40.3
Light position (normalized): x=0.32, z=0.34
Almost-engaged: False, strategy: none
Person zone: active

=== Engagement at 2026-03-03 21:48:06 ===
Hour: 21, Period: evening
Mode: flow (duration: 1.7s)
Aggression: 0.01
Flow: direction=-0.67, x_offset=40.3
Light position (normalized): x=0.32, z=0.34
Almost-engaged: False, strategy: none
Person zone: active

=== Engagement at 2026-03-03 21:48:20 ===
Hour: 21, Period: evening
Mode: flow (duration: 16.5s)
Aggression: 0.01
Flow: direction=-0.11, x_offset=8.0
Light position (normalized): x=0.34, z=0.55
Almost-engaged: False, strategy: none
Person zone: active

=== Engagement at 2026-03-03 21:48:20 ===
Hour: 21, Period: evening
Mode: flow (duration: 16.5s)
Aggression: 0.01
Flow: direction=-0.11, x_offset=8.0
Light position (normalized): x=0.34, z=0.55
Almost-engaged: False, strategy: none
Person zone: active

=== Engagement at 2026-03-03 21:48:53 ===
Hour: 21, Period: evening
Mode: flow (duration: 19.7s)
Aggression: 0.00
Flow: direction=0.74, x_offset=-44.4
Light position (normalized): x=0.37, z=0.56
Almost-engaged: False, strategy: none
Person zone: active

=== Engagement at 2026-03-03 21:49:30 ===
Hour: 21, Period: evening
Mode: engaged (duration: 36.0s)
Aggression: 0.01
Flow: direction=-0.23, x_offset=13.8
Light position (normalized): x=0.18, z=0.38
Almost-engaged: False, strategy: none
Person zone: active

=== Engagement at 2026-03-03 21:49:30 ===
Hour: 21, Period: evening
Mode: engaged (duration: 36.0s)
Aggression: 0.01
Flow: direction=-0.23, x_offset=13.8
Light position (normalized): x=0.18, z=0.38
Almost-engaged: False, strategy: none
Person zone: active

=== Engagement at 2026-03-03 21:49:32 ===
Hour: 21, Period: evening
Mode: engaged (duration: 38.2s)
Aggression: 0.00
Flow: direction=-0.57, x_offset=34.0
Light position (normalized): x=0.00, z=0.41
Almost-engaged: False, strategy: none
Person zone: active

=== Engagement at 2026-03-03 21:49:32 ===
Hour: 21, Period: evening
Mode: engaged (duration: 38.2s)
Aggression: 0.00
Flow: direction=-0.57, x_offset=34.0
Light position (normalized): x=0.00, z=0.41
Almost-engaged: False, strategy: none
Person zone: active

=== Engagement at 2026-03-03 21:49:34 ===
Hour: 21, Period: evening
Mode: engaged (duration: 40.0s)
Aggression: 0.00
Flow: direction=-0.68, x_offset=40.5
Light position (normalized): x=0.00, z=0.14
Almost-engaged: False, strategy: none
Person zone: active

=== Engagement at 2026-03-03 21:49:34 ===
Hour: 21, Period: evening
Mode: engaged (duration: 40.0s)
Aggression: 0.00
Flow: direction=-0.68, x_offset=40.5
Light position (normalized): x=0.00, z=0.14
Almost-engaged: False, strategy: none
Person zone: active

=== Engagement at 2026-03-03 21:49:40 ===
Hour: 21, Period: evening
Mode: engaged (duration: 46.4s)
Aggression: 0.00
Flow: direction=-0.90, x_offset=53.8
Light position (normalized): x=0.00, z=0.65
Almost-engaged: False, strategy: none
Person zone: active

=== Engagement at 2026-03-03 21:49:40 ===
Hour: 21, Period: evening
Mode: engaged (duration: 46.4s)
Aggression: 0.00
Flow: direction=-0.90, x_offset=53.8
Light position (normalized): x=0.00, z=0.65
Almost-engaged: False, strategy: none
Person zone: active

=== Engagement at 2026-03-03 21:49:43 ===
Hour: 21, Period: evening
Mode: engaged (duration: 49.6s)
Aggression: 0.00
Flow: direction=-0.84, x_offset=50.1
Light position (normalized): x=0.00, z=0.45
Almost-engaged: False, strategy: none
Person zone: active

=== Engagement at 2026-03-03 21:49:43 ===
Hour: 21, Period: evening
Mode: engaged (duration: 49.6s)
Aggression: 0.00
Flow: direction=-0.84, x_offset=50.1
Light position (normalized): x=0.00, z=0.45
Almost-engaged: False, strategy: none
Person zone: active

=== Engagement at 2026-03-03 21:49:53 ===
Hour: 21, Period: evening
Mode: engaged (duration: 59.5s)
Aggression: 0.00
Flow: direction=-0.40, x_offset=24.0
Light position (normalized): x=0.04, z=0.44
Almost-engaged: False, strategy: none
Person zone: active

=== Engagement at 2026-03-03 21:50:27 ===
Hour: 21, Period: evening
Mode: flow (duration: 28.1s)
Aggression: 0.02
Flow: direction=0.65, x_offset=-39.0
Light position (normalized): x=0.42, z=0.42
Almost-engaged: False, strategy: none
Person zone: active

=== Engagement at 2026-03-03 21:50:32 ===
Hour: 21, Period: evening
Mode: engaged (duration: 5.2s)
Aggression: 0.00
Flow: direction=0.58, x_offset=-35.0
Light position (normalized): x=0.40, z=0.54
Almost-engaged: False, strategy: none
Person zone: active

=== Engagement at 2026-03-03 21:50:39 ===
Hour: 21, Period: evening
Mode: engaged (duration: 11.9s)
Aggression: 0.00
Flow: direction=0.32, x_offset=-19.4
Light position (normalized): x=0.41, z=0.41
Almost-engaged: False, strategy: none
Person zone: active

=== Engagement at 2026-03-03 21:50:41 ===
Hour: 21, Period: evening
Mode: engaged (duration: 14.8s)
Aggression: 0.00
Flow: direction=0.21, x_offset=-5.7
Light position (normalized): x=0.13, z=0.50
Almost-engaged: False, strategy: none
Person zone: active

=== Engagement at 2026-03-03 21:50:50 ===
Hour: 21, Period: evening
Mode: flow (duration: 3.2s)
Aggression: 0.01
Flow: direction=0.01, x_offset=-0.4
Light position (normalized): x=0.25, z=0.20
Almost-engaged: False, strategy: none
Person zone: active

=== Engagement at 2026-03-03 21:51:02 ===
Hour: 21, Period: evening
Mode: engaged (duration: 12.0s)
Aggression: 0.00
Flow: direction=-0.06, x_offset=3.3
Light position (normalized): x=0.90, z=0.31
Almost-engaged: False, strategy: none
Person zone: active

=== Engagement at 2026-03-03 21:51:02 ===
Hour: 21, Period: evening
Mode: engaged (duration: 12.0s)
Aggression: 0.00
Flow: direction=-0.06, x_offset=3.3
Light position (normalized): x=0.90, z=0.31
Almost-engaged: False, strategy: none
Person zone: active

=== Engagement at 2026-03-03 21:51:58 ===
Hour: 21, Period: evening
Mode: engaged (duration: 67.6s)
Aggression: 0.00
Flow: direction=0.44, x_offset=-26.3
Light position (normalized): x=0.00, z=0.36
Almost-engaged: False, strategy: none
Person zone: active

=== Engagement at 2026-03-03 21:51:58 ===
Hour: 21, Period: evening
Mode: engaged (duration: 67.6s)
Aggression: 0.00
Flow: direction=0.44, x_offset=-26.3
Light position (normalized): x=0.00, z=0.36
Almost-engaged: False, strategy: none
Person zone: active

=== Engagement at 2026-03-03 21:54:27 ===
Hour: 21, Period: evening
Mode: flow (duration: 35.0s)
Aggression: 0.03
Flow: direction=0.33, x_offset=-19.8
Light position (normalized): x=0.32, z=0.22
Almost-engaged: False, strategy: none
Person zone: active

=== Engagement at 2026-03-03 21:57:18 ===
Hour: 21, Period: evening
Mode: idle (duration: 120.6s)
Aggression: 0.02
Flow: direction=0.96, x_offset=-57.7
Light position (normalized): x=0.50, z=0.14
Almost-engaged: False, strategy: none
Person zone: active

=== Engagement at 2026-03-03 21:57:19 ===
Hour: 21, Period: evening
Mode: engaged (duration: 0.2s)
Aggression: 0.01
Flow: direction=0.97, x_offset=-57.9
Light position (normalized): x=0.38, z=0.13
Almost-engaged: False, strategy: none
Person zone: active

=== Engagement at 2026-03-03 21:57:19 ===
Hour: 21, Period: evening
Mode: engaged (duration: 0.2s)
Aggression: 0.01
Flow: direction=0.97, x_offset=-57.9
Light position (normalized): x=0.38, z=0.13
Almost-engaged: False, strategy: none
Person zone: active

=== Engagement at 2026-03-03 21:57:47 ===
Hour: 21, Period: evening
Mode: flow (duration: 15.7s)
Aggression: 0.02
Flow: direction=-0.62, x_offset=37.3
Light position (normalized): x=0.55, z=0.23
Almost-engaged: False, strategy: none
Person zone: active

=== Engagement at 2026-03-03 21:57:47 ===
Hour: 21, Period: evening
Mode: flow (duration: 15.7s)
Aggression: 0.02
Flow: direction=-0.62, x_offset=37.3
Light position (normalized): x=0.55, z=0.23
Almost-engaged: False, strategy: none
Person zone: active

=== Engagement at 2026-03-03 21:57:55 ===
Hour: 21, Period: evening
Mode: engaged (duration: 7.3s)
Aggression: 0.00
Flow: direction=-0.46, x_offset=27.6
Light position (normalized): x=0.40, z=0.08
Almost-engaged: False, strategy: none
Person zone: active

=== Engagement at 2026-03-03 21:57:55 ===
Hour: 21, Period: evening
Mode: engaged (duration: 7.3s)
Aggression: 0.00
Flow: direction=-0.46, x_offset=27.6
Light position (normalized): x=0.40, z=0.08
Almost-engaged: False, strategy: none
Person zone: active

=== Engagement at 2026-03-03 21:58:04 ===
Hour: 21, Period: evening
Mode: engaged (duration: 16.8s)
Aggression: 0.00
Flow: direction=-0.29, x_offset=17.6
Light position (normalized): x=0.05, z=0.58
Almost-engaged: False, strategy: none
Person zone: active

=== Engagement at 2026-03-03 21:58:04 ===
Hour: 21, Period: evening
Mode: engaged (duration: 16.8s)
Aggression: 0.00
Flow: direction=-0.29, x_offset=17.6
Light position (normalized): x=0.05, z=0.58
Almost-engaged: False, strategy: none
Person zone: active

=== Engagement at 2026-03-03 21:58:07 ===
Hour: 21, Period: evening
Mode: engaged (duration: 19.7s)
Aggression: 0.00
Flow: direction=-0.26, x_offset=15.9
Light position (normalized): x=0.17, z=0.22
Almost-engaged: False, strategy: none
Person zone: active

=== Engagement at 2026-03-03 21:58:50 ===
Hour: 21, Period: evening
Mode: flow (duration: 16.1s)
Aggression: 0.00
Flow: direction=-0.18, x_offset=28.4
Light position (normalized): x=0.47, z=0.08
Almost-engaged: False, strategy: none
Person zone: active

=== Engagement at 2026-03-03 21:58:50 ===
Hour: 21, Period: evening
Mode: flow (duration: 16.1s)
Aggression: 0.00
Flow: direction=-0.18, x_offset=28.4
Light position (normalized): x=0.47, z=0.08
Almost-engaged: False, strategy: none
Person zone: active

=== Engagement at 2026-03-03 21:59:39 ===
Hour: 21, Period: evening
Mode: engaged (duration: 48.7s)
Aggression: 0.00
Flow: direction=-0.00, x_offset=1.0
Light position (normalized): x=0.03, z=0.28
Almost-engaged: False, strategy: none
Person zone: active

=== Engagement at 2026-03-03 21:59:39 ===
Hour: 21, Period: evening
Mode: engaged (duration: 48.7s)
Aggression: 0.00
Flow: direction=-0.00, x_offset=1.0
Light position (normalized): x=0.03, z=0.28
Almost-engaged: False, strategy: none
Person zone: active

=== Engagement at 2026-03-03 21:59:47 ===
Hour: 21, Period: evening
Mode: engaged (duration: 56.9s)
Aggression: 0.00
Flow: direction=-0.00, x_offset=0.6
Light position (normalized): x=0.73, z=0.36
Almost-engaged: False, strategy: none
Person zone: active

=== Engagement at 2026-03-03 21:59:47 ===
Hour: 21, Period: evening
Mode: engaged (duration: 56.9s)
Aggression: 0.00
Flow: direction=-0.00, x_offset=0.6
Light position (normalized): x=0.73, z=0.36
Almost-engaged: False, strategy: none
Person zone: active

=== Engagement at 2026-03-03 22:00:06 ===
Hour: 22, Period: evening
Mode: engaged (duration: 75.6s)
Aggression: 0.00
Flow: direction=-0.40, x_offset=24.0
Light position (normalized): x=0.00, z=0.50
Almost-engaged: False, strategy: none
Person zone: active

=== Engagement at 2026-03-03 22:00:06 ===
Hour: 22, Period: evening
Mode: engaged (duration: 75.6s)
Aggression: 0.00
Flow: direction=-0.40, x_offset=24.0
Light position (normalized): x=0.00, z=0.50
Almost-engaged: False, strategy: none
Person zone: active

=== Engagement at 2026-03-03 22:00:11 ===
Hour: 22, Period: evening
Mode: engaged (duration: 81.4s)
Aggression: 0.00
Flow: direction=-0.06, x_offset=3.7
Light position (normalized): x=0.00, z=0.18
Almost-engaged: False, strategy: none
Person zone: active

=== Engagement at 2026-03-03 22:00:11 ===
Hour: 22, Period: evening
Mode: engaged (duration: 81.4s)
Aggression: 0.00
Flow: direction=-0.06, x_offset=3.7
Light position (normalized): x=0.00, z=0.18
Almost-engaged: False, strategy: none
Person zone: active

=== Engagement at 2026-03-03 22:00:15 ===
Hour: 22, Period: evening
Mode: engaged (duration: 85.4s)
Aggression: 0.00
Flow: direction=0.15, x_offset=-9.0
Light position (normalized): x=0.00, z=0.53
Almost-engaged: False, strategy: none
Person zone: active

=== Engagement at 2026-03-03 22:00:15 ===
Hour: 22, Period: evening
Mode: engaged (duration: 85.4s)
Aggression: 0.00
Flow: direction=0.15, x_offset=-9.0
Light position (normalized): x=0.00, z=0.53
Almost-engaged: False, strategy: none
Person zone: active

=== Engagement at 2026-03-03 22:00:16 ===
Hour: 22, Period: evening
Mode: engaged (duration: 85.6s)
Aggression: 0.00
Flow: direction=0.15, x_offset=-9.0
Light position (normalized): x=0.00, z=0.47
Almost-engaged: False, strategy: none
Person zone: active

=== Engagement at 2026-03-03 22:00:23 ===
Hour: 22, Period: evening
Mode: engaged (duration: 93.4s)
Aggression: 0.00
Flow: direction=0.65, x_offset=-39.1
Light position (normalized): x=0.00, z=0.17
Almost-engaged: False, strategy: none
Person zone: active

=== Engagement at 2026-03-03 22:00:23 ===
Hour: 22, Period: evening
Mode: engaged (duration: 93.4s)
Aggression: 0.00
Flow: direction=0.65, x_offset=-39.1
Light position (normalized): x=0.00, z=0.17
Almost-engaged: False, strategy: none
Person zone: active

=== Engagement at 2026-03-03 22:00:31 ===
Hour: 22, Period: evening
Mode: engaged (duration: 101.2s)
Aggression: 0.00
Flow: direction=0.88, x_offset=-52.8
Light position (normalized): x=0.00, z=0.31
Almost-engaged: False, strategy: none
Person zone: active

=== Engagement at 2026-03-03 22:00:31 ===
Hour: 22, Period: evening
Mode: engaged (duration: 101.2s)
Aggression: 0.00
Flow: direction=0.88, x_offset=-52.8
Light position (normalized): x=0.00, z=0.31
Almost-engaged: False, strategy: none
Person zone: active

=== Engagement at 2026-03-03 22:00:33 ===
Hour: 22, Period: evening
Mode: engaged (duration: 103.4s)
Aggression: 0.00
Flow: direction=0.91, x_offset=-54.5
Light position (normalized): x=0.00, z=0.36
Almost-engaged: False, strategy: none
Person zone: active

=== Engagement at 2026-03-03 22:00:33 ===
Hour: 22, Period: evening
Mode: engaged (duration: 103.4s)
Aggression: 0.00
Flow: direction=0.91, x_offset=-54.5
Light position (normalized): x=0.00, z=0.36
Almost-engaged: False, strategy: none
Person zone: active

=== Engagement at 2026-03-03 22:00:37 ===
Hour: 22, Period: evening
Mode: engaged (duration: 106.6s)
Aggression: 0.00
Flow: direction=0.91, x_offset=-54.8
Light position (normalized): x=0.00, z=0.38
Almost-engaged: False, strategy: none
Person zone: active

=== Engagement at 2026-03-03 22:00:37 ===
Hour: 22, Period: evening
Mode: engaged (duration: 106.6s)
Aggression: 0.00
Flow: direction=0.91, x_offset=-54.8
Light position (normalized): x=0.00, z=0.38
Almost-engaged: False, strategy: none
Person zone: active

=== Engagement at 2026-03-03 22:00:38 ===
Hour: 22, Period: evening
Mode: engaged (duration: 107.5s)
Aggression: 0.00
Flow: direction=0.91, x_offset=-54.8
Light position (normalized): x=0.00, z=0.60
Almost-engaged: False, strategy: none
Person zone: active

=== Engagement at 2026-03-03 22:00:38 ===
Hour: 22, Period: evening
Mode: engaged (duration: 107.5s)
Aggression: 0.00
Flow: direction=0.91, x_offset=-54.8
Light position (normalized): x=0.00, z=0.60
Almost-engaged: False, strategy: none
Person zone: active

=== Engagement at 2026-03-03 22:00:40 ===
Hour: 22, Period: evening
Mode: engaged (duration: 109.2s)
Aggression: 0.00
Flow: direction=0.91, x_offset=-54.9
Light position (normalized): x=0.00, z=0.41
Almost-engaged: False, strategy: none
Person zone: active

=== Engagement at 2026-03-03 22:00:40 ===
Hour: 22, Period: evening
Mode: engaged (duration: 109.2s)
Aggression: 0.00
Flow: direction=0.91, x_offset=-54.9
Light position (normalized): x=0.00, z=0.41
Almost-engaged: False, strategy: none
Person zone: active

=== Engagement at 2026-03-03 22:00:42 ===
Hour: 22, Period: evening
Mode: engaged (duration: 112.3s)
Aggression: 0.00
Flow: direction=0.94, x_offset=-56.2
Light position (normalized): x=0.00, z=0.37
Almost-engaged: False, strategy: none
Person zone: active

=== Engagement at 2026-03-03 22:00:42 ===
Hour: 22, Period: evening
Mode: engaged (duration: 112.3s)
Aggression: 0.00
Flow: direction=0.94, x_offset=-56.2
Light position (normalized): x=0.00, z=0.37
Almost-engaged: False, strategy: none
Person zone: active

=== Engagement at 2026-03-03 22:00:51 ===
Hour: 22, Period: evening
Mode: engaged (duration: 121.4s)
Aggression: 0.00
Flow: direction=0.88, x_offset=-52.5
Light position (normalized): x=0.00, z=0.42
Almost-engaged: False, strategy: none
Person zone: active

=== Engagement at 2026-03-03 22:00:51 ===
Hour: 22, Period: evening
Mode: engaged (duration: 121.4s)
Aggression: 0.00
Flow: direction=0.88, x_offset=-52.5
Light position (normalized): x=0.00, z=0.42
Almost-engaged: False, strategy: none
Person zone: active

=== Engagement at 2026-03-03 22:00:56 ===
Hour: 22, Period: evening
Mode: engaged (duration: 125.5s)
Aggression: 0.00
Flow: direction=0.53, x_offset=-31.8
Light position (normalized): x=0.00, z=0.56
Almost-engaged: False, strategy: none
Person zone: active

=== Engagement at 2026-03-03 22:00:58 ===
Hour: 22, Period: evening
Mode: engaged (duration: 127.7s)
Aggression: 0.00
Flow: direction=0.21, x_offset=-12.4
Light position (normalized): x=0.00, z=0.33
Almost-engaged: False, strategy: none
Person zone: active

=== Engagement at 2026-03-03 22:00:58 ===
Hour: 22, Period: evening
Mode: engaged (duration: 127.7s)
Aggression: 0.00
Flow: direction=0.21, x_offset=-12.4
Light position (normalized): x=0.00, z=0.33
Almost-engaged: False, strategy: none
Person zone: active

=== Engagement at 2026-03-03 22:01:04 ===
Hour: 22, Period: evening
Mode: engaged (duration: 134.4s)
Aggression: 0.00
Flow: direction=-0.08, x_offset=4.7
Light position (normalized): x=0.00, z=0.38
Almost-engaged: False, strategy: none
Person zone: active

=== Engagement at 2026-03-03 22:01:04 ===
Hour: 22, Period: evening
Mode: engaged (duration: 134.4s)
Aggression: 0.00
Flow: direction=-0.08, x_offset=4.7
Light position (normalized): x=0.00, z=0.38
Almost-engaged: False, strategy: none
Person zone: active

=== Engagement at 2026-03-03 22:01:07 ===
Hour: 22, Period: evening
Mode: engaged (duration: 136.3s)
Aggression: 0.00
Flow: direction=-0.11, x_offset=6.7
Light position (normalized): x=0.00, z=0.43
Almost-engaged: False, strategy: none
Person zone: active

=== Engagement at 2026-03-03 22:01:07 ===
Hour: 22, Period: evening
Mode: engaged (duration: 136.3s)
Aggression: 0.00
Flow: direction=-0.11, x_offset=6.7
Light position (normalized): x=0.00, z=0.43
Almost-engaged: False, strategy: none
Person zone: active

=== Engagement at 2026-03-03 22:01:08 ===
Hour: 22, Period: evening
Mode: engaged (duration: 137.7s)
Aggression: 0.00
Flow: direction=-0.14, x_offset=8.2
Light position (normalized): x=0.00, z=0.31
Almost-engaged: False, strategy: none
Person zone: active

=== Engagement at 2026-03-03 22:01:08 ===
Hour: 22, Period: evening
Mode: engaged (duration: 137.7s)
Aggression: 0.00
Flow: direction=-0.14, x_offset=8.2
Light position (normalized): x=0.00, z=0.31
Almost-engaged: False, strategy: none
Person zone: active

=== Engagement at 2026-03-03 22:01:14 ===
Hour: 22, Period: evening
Mode: engaged (duration: 143.5s)
Aggression: 0.00
Flow: direction=-0.26, x_offset=15.7
Light position (normalized): x=0.04, z=0.34
Almost-engaged: False, strategy: none
Person zone: active

=== Engagement at 2026-03-03 22:01:14 ===
Hour: 22, Period: evening
Mode: engaged (duration: 143.5s)
Aggression: 0.00
Flow: direction=-0.26, x_offset=15.7
Light position (normalized): x=0.04, z=0.34
Almost-engaged: False, strategy: none
Person zone: active

=== Engagement at 2026-03-03 22:01:20 ===
Hour: 22, Period: evening
Mode: engaged (duration: 149.7s)
Aggression: 0.00
Flow: direction=-0.16, x_offset=9.8
Light position (normalized): x=0.00, z=0.57
Almost-engaged: False, strategy: none
Person zone: active

=== Engagement at 2026-03-03 22:01:20 ===
Hour: 22, Period: evening
Mode: engaged (duration: 149.7s)
Aggression: 0.00
Flow: direction=-0.16, x_offset=9.8
Light position (normalized): x=0.00, z=0.57
Almost-engaged: False, strategy: none
Person zone: active

=== Engagement at 2026-03-03 22:01:27 ===
Hour: 22, Period: evening
Mode: engaged (duration: 157.3s)
Aggression: 0.00
Flow: direction=-0.18, x_offset=10.9
Light position (normalized): x=0.00, z=0.38
Almost-engaged: False, strategy: none
Person zone: active

=== Engagement at 2026-03-03 22:01:39 ===
Hour: 22, Period: evening
Mode: engaged (duration: 168.8s)
Aggression: 0.00
Flow: direction=-0.34, x_offset=20.4
Light position (normalized): x=0.32, z=0.58
Almost-engaged: False, strategy: none
Person zone: active

=== Engagement at 2026-03-03 22:01:39 ===
Hour: 22, Period: evening
Mode: engaged (duration: 168.8s)
Aggression: 0.00
Flow: direction=-0.34, x_offset=20.4
Light position (normalized): x=0.32, z=0.58
Almost-engaged: False, strategy: none
Person zone: active

=== Engagement at 2026-03-03 22:01:40 ===
Hour: 22, Period: evening
Mode: engaged (duration: 169.9s)
Aggression: 0.00
Flow: direction=-0.34, x_offset=20.4
Light position (normalized): x=0.00, z=0.58
Almost-engaged: False, strategy: none
Person zone: active

=== Engagement at 2026-03-03 22:01:40 ===
Hour: 22, Period: evening
Mode: engaged (duration: 169.9s)
Aggression: 0.00
Flow: direction=-0.34, x_offset=20.4
Light position (normalized): x=0.00, z=0.58
Almost-engaged: False, strategy: none
Person zone: active

=== Engagement at 2026-03-03 22:01:49 ===
Hour: 22, Period: evening
Mode: engaged (duration: 178.8s)
Aggression: 0.00
Flow: direction=-0.53, x_offset=32.0
Light position (normalized): x=0.00, z=0.53
Almost-engaged: False, strategy: none
Person zone: active

=== Engagement at 2026-03-03 22:01:49 ===
Hour: 22, Period: evening
Mode: engaged (duration: 178.8s)
Aggression: 0.00
Flow: direction=-0.53, x_offset=32.0
Light position (normalized): x=0.00, z=0.53
Almost-engaged: False, strategy: none
Person zone: active

=== Engagement at 2026-03-03 22:01:55 ===
Hour: 22, Period: evening
Mode: engaged (duration: 185.4s)
Aggression: 0.00
Flow: direction=-0.50, x_offset=30.0
Light position (normalized): x=0.00, z=0.16
Almost-engaged: False, strategy: none
Person zone: active

=== Engagement at 2026-03-03 22:01:55 ===
Hour: 22, Period: evening
Mode: engaged (duration: 185.4s)
Aggression: 0.00
Flow: direction=-0.50, x_offset=30.0
Light position (normalized): x=0.00, z=0.16
Almost-engaged: False, strategy: none
Person zone: active

=== Engagement at 2026-03-03 22:02:12 ===
Hour: 22, Period: evening
Mode: engaged (duration: 202.1s)
Aggression: 0.00
Flow: direction=0.29, x_offset=-17.6
Light position (normalized): x=0.00, z=0.34
Almost-engaged: False, strategy: none
Person zone: active

=== Engagement at 2026-03-03 22:02:12 ===
Hour: 22, Period: evening
Mode: engaged (duration: 202.1s)
Aggression: 0.00
Flow: direction=0.29, x_offset=-17.6
Light position (normalized): x=0.00, z=0.34
Almost-engaged: False, strategy: none
Person zone: active

=== Engagement at 2026-03-03 22:02:15 ===
Hour: 22, Period: evening
Mode: engaged (duration: 204.6s)
Aggression: 0.00
Flow: direction=0.36, x_offset=-21.5
Light position (normalized): x=0.04, z=0.38
Almost-engaged: False, strategy: none
Person zone: active

=== Engagement at 2026-03-03 22:02:17 ===
Hour: 22, Period: evening
Mode: engaged (duration: 207.0s)
Aggression: 0.00
Flow: direction=0.38, x_offset=-23.0
Light position (normalized): x=0.04, z=0.25
Almost-engaged: False, strategy: none
Person zone: active

=== Engagement at 2026-03-03 22:02:17 ===
Hour: 22, Period: evening
Mode: engaged (duration: 207.0s)
Aggression: 0.00
Flow: direction=0.38, x_offset=-23.0
Light position (normalized): x=0.04, z=0.25
Almost-engaged: False, strategy: none
Person zone: active

=== Engagement at 2026-03-03 22:02:19 ===
Hour: 22, Period: evening
Mode: engaged (duration: 209.1s)
Aggression: 0.00
Flow: direction=0.36, x_offset=-21.4
Light position (normalized): x=0.04, z=0.33
Almost-engaged: False, strategy: none
Person zone: active

=== Engagement at 2026-03-03 22:03:22 ===
Hour: 22, Period: evening
Mode: flow (duration: 56.7s)
Aggression: 0.01
Flow: direction=0.99, x_offset=-59.4
Light position (normalized): x=0.65, z=0.16
Almost-engaged: False, strategy: none
Person zone: active

=== Engagement at 2026-03-03 22:03:22 ===
Hour: 22, Period: evening
Mode: flow (duration: 56.7s)
Aggression: 0.01
Flow: direction=0.99, x_offset=-59.4
Light position (normalized): x=0.65, z=0.16
Almost-engaged: False, strategy: none
Person zone: active

=== Engagement at 2026-03-03 22:05:16 ===
Hour: 22, Period: evening
Mode: flow (duration: 100.9s)
Aggression: 0.05
Flow: direction=-0.54, x_offset=32.2
Light position (normalized): x=0.25, z=0.17
Almost-engaged: False, strategy: none
Person zone: active

=== Engagement at 2026-03-03 22:05:21 ===
Hour: 22, Period: evening
Mode: engaged (duration: 4.0s)
Aggression: 0.00
Flow: direction=-0.62, x_offset=37.1
Light position (normalized): x=0.84, z=0.25
Almost-engaged: False, strategy: none
Person zone: active

=== Engagement at 2026-03-03 22:06:16 ===
Hour: 22, Period: evening
Mode: aware (duration: 46.4s)
Aggression: 0.03
Flow: direction=-0.03, x_offset=8.6
Light position (normalized): x=0.54, z=0.38
Almost-engaged: False, strategy: none
Person zone: active

=== Engagement at 2026-03-03 22:06:16 ===
Hour: 22, Period: evening
Mode: aware (duration: 46.4s)
Aggression: 0.03
Flow: direction=-0.03, x_offset=8.6
Light position (normalized): x=0.54, z=0.38
Almost-engaged: False, strategy: none
Person zone: active

=== Engagement at 2026-03-03 22:08:01 ===
Hour: 22, Period: evening
Mode: flow (duration: 9.6s)
Aggression: 0.04
Flow: direction=0.93, x_offset=-55.6
Light position (normalized): x=0.55, z=0.29
Almost-engaged: False, strategy: none
Person zone: active

=== Engagement at 2026-03-03 22:08:01 ===
Hour: 22, Period: evening
Mode: flow (duration: 9.6s)
Aggression: 0.04
Flow: direction=0.93, x_offset=-55.6
Light position (normalized): x=0.55, z=0.29
Almost-engaged: False, strategy: none
Person zone: active

=== Engagement at 2026-03-03 22:09:41 ===
Hour: 22, Period: evening
Mode: flow (duration: 44.4s)
Aggression: 0.04
Flow: direction=-0.69, x_offset=41.6
Light position (normalized): x=0.52, z=0.43
Almost-engaged: False, strategy: none
Person zone: active

=== Engagement at 2026-03-03 22:09:41 ===
Hour: 22, Period: evening
Mode: flow (duration: 44.4s)
Aggression: 0.04
Flow: direction=-0.69, x_offset=41.6
Light position (normalized): x=0.52, z=0.43
Almost-engaged: False, strategy: none
Person zone: active

=== Engagement at 2026-03-03 22:12:15 ===
Hour: 22, Period: evening
Mode: flow (duration: 72.4s)
Aggression: 0.04
Flow: direction=0.97, x_offset=-58.0
Light position (normalized): x=0.42, z=0.52
Almost-engaged: False, strategy: none
Person zone: active

=== Engagement at 2026-03-03 22:12:15 ===
Hour: 22, Period: evening
Mode: flow (duration: 72.4s)
Aggression: 0.04
Flow: direction=0.97, x_offset=-58.0
Light position (normalized): x=0.42, z=0.52
Almost-engaged: False, strategy: none
Person zone: active

=== Engagement at 2026-03-03 22:13:42 ===
Hour: 22, Period: evening
Mode: flow (duration: 13.9s)
Aggression: 0.09
Flow: direction=0.43, x_offset=-25.8
Light position (normalized): x=0.51, z=0.38
Almost-engaged: False, strategy: none
Person zone: active

=== Engagement at 2026-03-03 22:13:43 ===
Hour: 22, Period: evening
Mode: engaged (duration: 0.5s)
Aggression: 0.04
Flow: direction=0.46, x_offset=-27.8
Light position (normalized): x=0.54, z=0.24
Almost-engaged: False, strategy: none
Person zone: active

=== Engagement at 2026-03-03 22:13:43 ===
Hour: 22, Period: evening
Mode: engaged (duration: 0.7s)
Aggression: 0.03
Flow: direction=0.46, x_offset=-27.8
Light position (normalized): x=0.59, z=0.17
Almost-engaged: False, strategy: none
Person zone: active

=== Engagement at 2026-03-03 22:13:43 ===
Hour: 22, Period: evening
Mode: engaged (duration: 0.7s)
Aggression: 0.03
Flow: direction=0.46, x_offset=-27.8
Light position (normalized): x=0.59, z=0.17
Almost-engaged: False, strategy: none
Person zone: active

=== Engagement at 2026-03-03 22:14:04 ===
Hour: 22, Period: evening
Mode: aware (duration: 8.8s)
Aggression: 0.01
Flow: direction=0.15, x_offset=-8.8
Light position (normalized): x=0.12, z=0.50
Almost-engaged: False, strategy: none
Person zone: active

=== Engagement at 2026-03-03 22:15:12 ===
Hour: 22, Period: evening
Mode: flow (duration: 22.8s)
Aggression: 0.02
Flow: direction=0.31, x_offset=-18.3
Light position (normalized): x=0.69, z=0.07
Almost-engaged: False, strategy: none
Person zone: active

=== Engagement at 2026-03-03 22:18:16 ===
Hour: 22, Period: evening
Mode: flow (duration: 34.9s)
Aggression: 0.07
Flow: direction=0.15, x_offset=-9.3
Light position (normalized): x=0.63, z=0.21
Almost-engaged: False, strategy: none
Person zone: active

=== Engagement at 2026-03-03 22:18:40 ===
Hour: 22, Period: evening
Mode: aware (duration: 10.8s)
Aggression: 0.00
Flow: direction=-0.63, x_offset=37.6
Light position (normalized): x=0.68, z=0.23
Almost-engaged: False, strategy: none
Person zone: active

=== Engagement at 2026-03-03 22:18:40 ===
Hour: 22, Period: evening
Mode: aware (duration: 10.8s)
Aggression: 0.00
Flow: direction=-0.63, x_offset=37.6
Light position (normalized): x=0.68, z=0.23
Almost-engaged: False, strategy: none
Person zone: active

=== Engagement at 2026-03-03 22:19:50 ===
Hour: 22, Period: evening
Mode: flow (duration: 34.3s)
Aggression: 0.02
Flow: direction=0.92, x_offset=-55.5
Light position (normalized): x=0.46, z=0.35
Almost-engaged: False, strategy: none
Person zone: active

=== Engagement at 2026-03-03 22:25:02 ===
Hour: 22, Period: evening
Mode: flow (duration: 11.5s)
Aggression: 0.05
Flow: direction=-0.09, x_offset=4.7
Light position (normalized): x=0.38, z=0.43
Almost-engaged: False, strategy: none
Person zone: active

=== Engagement at 2026-03-03 22:25:03 ===
Hour: 22, Period: evening
Mode: engaged (duration: 1.6s)
Aggression: 0.00
Flow: direction=-0.10, x_offset=6.0
Light position (normalized): x=0.50, z=0.47
Almost-engaged: False, strategy: none
Person zone: active

=== Engagement at 2026-03-03 22:25:14 ===
Hour: 22, Period: evening
Mode: engaged (duration: 12.2s)
Aggression: 0.02
Flow: direction=0.09, x_offset=-5.4
Light position (normalized): x=0.27, z=0.18
Almost-engaged: False, strategy: none
Person zone: active

=== Engagement at 2026-03-03 22:25:14 ===
Hour: 22, Period: evening
Mode: engaged (duration: 12.2s)
Aggression: 0.02
Flow: direction=0.09, x_offset=-5.4
Light position (normalized): x=0.27, z=0.18
Almost-engaged: False, strategy: none
Person zone: active

=== Engagement at 2026-03-03 22:25:15 ===
Hour: 22, Period: evening
Mode: engaged (duration: 13.1s)
Aggression: 0.00
Flow: direction=0.13, x_offset=-7.9
Light position (normalized): x=0.63, z=0.45
Almost-engaged: False, strategy: none
Person zone: active

=== Engagement at 2026-03-03 22:26:16 ===
Hour: 22, Period: evening
Mode: flow (duration: 4.1s)
Aggression: 0.01
Flow: direction=-0.00, x_offset=7.0
Light position (normalized): x=0.44, z=0.54
Almost-engaged: False, strategy: none
Person zone: active

=== Engagement at 2026-03-03 22:26:16 ===
Hour: 22, Period: evening
Mode: flow (duration: 4.1s)
Aggression: 0.01
Flow: direction=-0.00, x_offset=7.0
Light position (normalized): x=0.44, z=0.54
Almost-engaged: False, strategy: none
Person zone: active

=== Engagement at 2026-03-03 22:27:39 ===
Hour: 22, Period: evening
Mode: flow (duration: 69.7s)
Aggression: 0.03
Flow: direction=0.94, x_offset=-56.4
Light position (normalized): x=0.40, z=0.45
Almost-engaged: False, strategy: none
Person zone: active

=== Engagement at 2026-03-03 22:34:49 ===
Hour: 22, Period: evening
Mode: idle (duration: 103.5s)
Aggression: 0.09
Flow: direction=0.45, x_offset=-26.7
Light position (normalized): x=0.22, z=0.27
Almost-engaged: False, strategy: none
Person zone: active

=== Engagement at 2026-03-03 22:34:49 ===
Hour: 22, Period: evening
Mode: idle (duration: 103.5s)
Aggression: 0.09
Flow: direction=0.45, x_offset=-26.7
Light position (normalized): x=0.22, z=0.27
Almost-engaged: False, strategy: none
Person zone: active

=== Engagement at 2026-03-03 22:34:51 ===
Hour: 22, Period: evening
Mode: engaged (duration: 2.1s)
Aggression: 0.00
Flow: direction=0.58, x_offset=-34.8
Light position (normalized): x=0.15, z=0.36
Almost-engaged: False, strategy: none
Person zone: active

=== Engagement at 2026-03-03 22:34:59 ===
Hour: 22, Period: evening
Mode: engaged (duration: 9.9s)
Aggression: 0.00
Flow: direction=0.89, x_offset=-53.3
Light position (normalized): x=0.76, z=0.42
Almost-engaged: False, strategy: none
Person zone: active

=== Engagement at 2026-03-03 22:34:59 ===
Hour: 22, Period: evening
Mode: engaged (duration: 9.9s)
Aggression: 0.00
Flow: direction=0.89, x_offset=-53.3
Light position (normalized): x=0.76, z=0.42
Almost-engaged: False, strategy: none
Person zone: active

=== Engagement at 2026-03-03 22:35:35 ===
Hour: 22, Period: evening
Mode: flow (duration: 33.4s)
Aggression: 0.01
Flow: direction=-0.02, x_offset=1.3
Light position (normalized): x=0.48, z=0.17
Almost-engaged: False, strategy: none
Person zone: active

=== Engagement at 2026-03-03 22:35:51 ===
Hour: 22, Period: evening
Mode: flow (duration: 2.0s)
Aggression: 0.01
Flow: direction=0.94, x_offset=-56.1
Light position (normalized): x=0.43, z=0.25
Almost-engaged: False, strategy: none
Person zone: active

=== Engagement at 2026-03-03 22:35:54 ===
Hour: 22, Period: evening
Mode: engaged (duration: 3.7s)
Aggression: 0.00
Flow: direction=0.96, x_offset=-57.8
Light position (normalized): x=0.90, z=0.37
Almost-engaged: False, strategy: none
Person zone: active

=== Engagement at 2026-03-03 22:41:30 ===
Hour: 22, Period: evening
Mode: flow (duration: 84.7s)
Aggression: 0.05
Flow: direction=0.36, x_offset=-21.5
Light position (normalized): x=0.18, z=0.24
Almost-engaged: False, strategy: none
Person zone: active

=== Engagement at 2026-03-03 22:47:21 ===
Hour: 22, Period: evening
Mode: flow (duration: 55.1s)
Aggression: 0.06
Flow: direction=0.40, x_offset=-24.0
Light position (normalized): x=0.65, z=0.12
Almost-engaged: False, strategy: none
Person zone: active

=== Engagement at 2026-03-03 22:47:21 ===
Hour: 22, Period: evening
Mode: flow (duration: 55.1s)
Aggression: 0.06
Flow: direction=0.40, x_offset=-24.0
Light position (normalized): x=0.65, z=0.12
Almost-engaged: False, strategy: none
Person zone: active

=== Engagement at 2026-03-03 22:51:58 ===
Hour: 22, Period: evening
Mode: flow (duration: 41.1s)
Aggression: 0.03
Flow: direction=-0.96, x_offset=57.5
Light position (normalized): x=0.53, z=0.43
Almost-engaged: False, strategy: none
Person zone: active

=== Engagement at 2026-03-03 22:51:58 ===
Hour: 22, Period: evening
Mode: flow (duration: 41.1s)
Aggression: 0.03
Flow: direction=-0.96, x_offset=57.5
Light position (normalized): x=0.53, z=0.43
Almost-engaged: False, strategy: none
Person zone: active

=== Engagement at 2026-03-03 22:52:58 ===
Hour: 22, Period: evening
Mode: flow (duration: 46.9s)
Aggression: 0.01
Flow: direction=0.25, x_offset=-15.0
Light position (normalized): x=0.75, z=0.37
Almost-engaged: False, strategy: none
Person zone: active

=== Engagement at 2026-03-03 22:55:32 ===
Hour: 22, Period: evening
Mode: flow (duration: 21.6s)
Aggression: 0.02
Flow: direction=-0.14, x_offset=8.6
Light position (normalized): x=0.61, z=0.28
Almost-engaged: False, strategy: none
Person zone: active

=== Engagement at 2026-03-03 22:59:04 ===
Hour: 22, Period: evening
Mode: flow (duration: 10.5s)
Aggression: 0.03
Flow: direction=-0.08, x_offset=4.6
Light position (normalized): x=0.67, z=0.51
Almost-engaged: False, strategy: none
Person zone: active

=== Engagement at 2026-03-03 23:10:16 ===
Hour: 23, Period: evening
Mode: flow (duration: 37.4s)
Aggression: 0.09
Flow: direction=0.80, x_offset=-47.9
Light position (normalized): x=0.60, z=0.10
Almost-engaged: False, strategy: none
Person zone: active

=== Engagement at 2026-03-03 23:10:16 ===
Hour: 23, Period: evening
Mode: flow (duration: 37.4s)
Aggression: 0.09
Flow: direction=0.80, x_offset=-47.9
Light position (normalized): x=0.60, z=0.10
Almost-engaged: False, strategy: none
Person zone: active

=== Engagement at 2026-03-03 23:15:37 ===
Hour: 23, Period: evening
Mode: flow (duration: 36.9s)
Aggression: 0.05
Flow: direction=0.31, x_offset=-18.5
Light position (normalized): x=0.34, z=0.48
Almost-engaged: False, strategy: none
Person zone: active

=== Engagement at 2026-03-03 23:16:12 ===
Hour: 23, Period: evening
Mode: idle (duration: 3.8s)
Aggression: 0.00
Flow: direction=0.06, x_offset=-6.1
Light position (normalized): x=0.41, z=0.50
Almost-engaged: False, strategy: none
Person zone: active

=== Engagement at 2026-03-03 23:16:12 ===
Hour: 23, Period: evening
Mode: idle (duration: 3.8s)
Aggression: 0.00
Flow: direction=0.06, x_offset=-6.1
Light position (normalized): x=0.41, z=0.50
Almost-engaged: False, strategy: none
Person zone: active

=== Engagement at 2026-03-03 23:24:38 ===
Hour: 23, Period: evening
Mode: flow (duration: 35.2s)
Aggression: 0.05
Flow: direction=0.11, x_offset=-24.2
Light position (normalized): x=0.57, z=0.55
Almost-engaged: False, strategy: none
Person zone: active

=== Engagement at 2026-03-03 23:24:38 ===
Hour: 23, Period: evening
Mode: flow (duration: 35.2s)
Aggression: 0.05
Flow: direction=0.11, x_offset=-24.2
Light position (normalized): x=0.57, z=0.55
Almost-engaged: False, strategy: none
Person zone: active

=== Engagement at 2026-03-03 23:36:17 ===
Hour: 23, Period: evening
Mode: idle (duration: 9.4s)
Aggression: 0.09
Flow: direction=0.46, x_offset=-27.3
Light position (normalized): x=0.71, z=0.38
Almost-engaged: False, strategy: none
Person zone: active

=== Engagement at 2026-03-03 23:42:20 ===
Hour: 23, Period: evening
Mode: flow (duration: 48.7s)
Aggression: 0.05
Flow: direction=0.34, x_offset=-20.2
Light position (normalized): x=0.46, z=0.49
Almost-engaged: False, strategy: none
Person zone: active

=== Engagement at 2026-03-03 23:45:21 ===
Hour: 23, Period: evening
Mode: idle (duration: 107.3s)
Aggression: 0.02
Flow: direction=0.56, x_offset=-33.6
Light position (normalized): x=0.30, z=0.14
Almost-engaged: False, strategy: none
Person zone: active

=== Engagement at 2026-03-03 23:45:21 ===
Hour: 23, Period: evening
Mode: idle (duration: 107.3s)
Aggression: 0.02
Flow: direction=0.56, x_offset=-33.6
Light position (normalized): x=0.30, z=0.14
Almost-engaged: False, strategy: none
Person zone: active

=== Engagement at 2026-03-04 00:05:21 ===
Hour: 0, Period: late_night
Mode: idle (duration: 244.9s)
Aggression: 0.13
Flow: direction=0.76, x_offset=-45.8
Light position (normalized): x=0.54, z=0.41
Almost-engaged: False, strategy: none
Person zone: active

=== Engagement at 2026-03-04 00:22:05 ===
Hour: 0, Period: late_night
Mode: idle (duration: 448.4s)
Aggression: 0.09
Flow: direction=-0.05, x_offset=0.9
Light position (normalized): x=0.61, z=0.38
Almost-engaged: False, strategy: none
Person zone: active

=== Engagement at 2026-03-04 00:44:41 ===
Hour: 0, Period: late_night
Mode: idle (duration: 64.2s)
Aggression: 0.12
Flow: direction=0.42, x_offset=-25.4
Light position (normalized): x=0.43, z=0.36
Almost-engaged: False, strategy: none
Person zone: active

=== Engagement at 2026-03-04 02:38:47 ===
Hour: 2, Period: late_night
Mode: idle (duration: 836.3s)
Aggression: 0.20
Flow: direction=0.49, x_offset=-29.3
Light position (normalized): x=0.59, z=0.44
Almost-engaged: False, strategy: none
Person zone: active

=== Engagement at 2026-03-04 02:40:40 ===
Hour: 2, Period: late_night
Mode: idle (duration: 45.5s)
Aggression: 0.01
Flow: direction=0.44, x_offset=-26.3
Light position (normalized): x=0.72, z=0.20
Almost-engaged: False, strategy: none
Person zone: active

=== Engagement at 2026-03-04 05:48:17 ===
Hour: 5, Period: late_night
Mode: idle (duration: 85.8s)
Aggression: 0.20
Flow: direction=0.44, x_offset=-26.3
Light position (normalized): x=0.41, z=0.28
Almost-engaged: False, strategy: none
Person zone: active

=== Engagement at 2026-03-04 06:04:43 ===
Hour: 6, Period: morning
Mode: idle (duration: 886.1s)
Aggression: 0.10
Flow: direction=-0.42, x_offset=43.6
Light position (normalized): x=0.19, z=0.18
Almost-engaged: False, strategy: none
Person zone: active

=== Engagement at 2026-03-04 06:04:43 ===
Hour: 6, Period: morning
Mode: idle (duration: 886.1s)
Aggression: 0.10
Flow: direction=-0.42, x_offset=43.6
Light position (normalized): x=0.19, z=0.18
Almost-engaged: False, strategy: none
Person zone: active

=== Engagement at 2026-03-04 06:04:47 ===
Hour: 6, Period: morning
Mode: engaged (duration: 3.7s)
Aggression: 0.00
Flow: direction=-0.62, x_offset=36.9
Light position (normalized): x=0.83, z=0.23
Almost-engaged: False, strategy: none
Person zone: active

=== Engagement at 2026-03-04 06:08:54 ===
Hour: 6, Period: morning
Mode: idle (duration: 64.5s)
Aggression: 0.03
Flow: direction=-0.10, x_offset=25.7
Light position (normalized): x=0.35, z=0.46
Almost-engaged: False, strategy: none
Person zone: active

=== Engagement at 2026-03-04 06:21:48 ===
Hour: 6, Period: morning
Mode: idle (duration: 49.4s)
Aggression: 0.11
Flow: direction=0.25, x_offset=-15.0
Light position (normalized): x=0.30, z=0.13
Almost-engaged: False, strategy: none
Person zone: active

=== Engagement at 2026-03-04 06:38:03 ===
Hour: 6, Period: morning
Mode: flow (duration: 28.3s)
Aggression: 0.10
Flow: direction=0.67, x_offset=-40.5
Light position (normalized): x=0.53, z=0.40
Almost-engaged: False, strategy: none
Person zone: active

=== Engagement at 2026-03-04 06:38:03 ===
Hour: 6, Period: morning
Mode: flow (duration: 28.3s)
Aggression: 0.10
Flow: direction=0.67, x_offset=-40.5
Light position (normalized): x=0.53, z=0.40
Almost-engaged: False, strategy: none
Person zone: active

=== Engagement at 2026-03-04 06:41:29 ===
Hour: 6, Period: morning
Mode: flow (duration: 53.9s)
Aggression: 0.03
Flow: direction=-0.07, x_offset=21.2
Light position (normalized): x=0.69, z=0.33
Almost-engaged: False, strategy: none
Person zone: active

=== Engagement at 2026-03-04 06:41:29 ===
Hour: 6, Period: morning
Mode: flow (duration: 53.9s)
Aggression: 0.03
Flow: direction=-0.07, x_offset=21.2
Light position (normalized): x=0.69, z=0.33
Almost-engaged: False, strategy: none
Person zone: active

=== Engagement at 2026-03-04 06:59:21 ===
Hour: 6, Period: morning
Mode: flow (duration: 16.1s)
Aggression: 0.12
Flow: direction=1.00, x_offset=-59.9
Light position (normalized): x=0.62, z=0.40
Almost-engaged: False, strategy: none
Person zone: active

=== Engagement at 2026-03-04 07:02:23 ===
Hour: 7, Period: morning
Mode: idle (duration: 59.6s)
Aggression: 0.03
Flow: direction=0.94, x_offset=-56.6
Light position (normalized): x=0.30, z=0.28
Almost-engaged: False, strategy: none
Person zone: active

=== Engagement at 2026-03-04 07:04:36 ===
Hour: 7, Period: morning
Mode: flow (duration: 9.1s)
Aggression: 0.02
Flow: direction=0.59, x_offset=-35.6
Light position (normalized): x=0.53, z=0.25
Almost-engaged: False, strategy: none
Person zone: active

=== Engagement at 2026-03-04 07:04:36 ===
Hour: 7, Period: morning
Mode: flow (duration: 9.1s)
Aggression: 0.02
Flow: direction=0.59, x_offset=-35.6
Light position (normalized): x=0.53, z=0.25
Almost-engaged: False, strategy: none
Person zone: active

=== Engagement at 2026-03-04 07:05:45 ===
Hour: 7, Period: morning
Mode: flow (duration: 56.1s)
Aggression: 0.02
Flow: direction=-0.58, x_offset=34.7
Light position (normalized): x=0.63, z=0.32
Almost-engaged: False, strategy: none
Person zone: active

=== Engagement at 2026-03-04 07:08:24 ===
Hour: 7, Period: morning
Mode: flow (duration: 20.0s)
Aggression: 0.04
Flow: direction=0.38, x_offset=-23.1
Light position (normalized): x=0.48, z=0.29
Almost-engaged: False, strategy: none
Person zone: active

=== Engagement at 2026-03-04 07:08:24 ===
Hour: 7, Period: morning
Mode: flow (duration: 20.0s)
Aggression: 0.04
Flow: direction=0.38, x_offset=-23.1
Light position (normalized): x=0.48, z=0.29
Almost-engaged: False, strategy: none
Person zone: active

=== Engagement at 2026-03-04 07:13:07 ===
Hour: 7, Period: morning
Mode: idle (duration: 67.1s)
Aggression: 0.05
Flow: direction=1.00, x_offset=-59.8
Light position (normalized): x=0.86, z=0.21
Almost-engaged: False, strategy: none
Person zone: active

=== Engagement at 2026-03-04 07:17:38 ===
Hour: 7, Period: morning
Mode: flow (duration: 87.8s)
Aggression: 0.05
Flow: direction=-0.87, x_offset=52.0
Light position (normalized): x=0.47, z=0.30
Almost-engaged: False, strategy: none
Person zone: active

=== Engagement at 2026-03-04 07:20:37 ===
Hour: 7, Period: morning
Mode: idle (duration: 0.7s)
Aggression: 0.06
Flow: direction=-0.44, x_offset=26.3
Light position (normalized): x=0.18, z=0.49
Almost-engaged: False, strategy: none
Person zone: active

=== Engagement at 2026-03-04 07:20:37 ===
Hour: 7, Period: morning
Mode: idle (duration: 0.7s)
Aggression: 0.06
Flow: direction=-0.44, x_offset=26.3
Light position (normalized): x=0.18, z=0.49
Almost-engaged: False, strategy: none
Person zone: active

=== Engagement at 2026-03-04 07:20:57 ===
Hour: 7, Period: morning
Mode: flow (duration: 7.0s)
Aggression: 0.01
Flow: direction=-0.87, x_offset=52.4
Light position (normalized): x=0.24, z=0.45
Almost-engaged: False, strategy: none
Person zone: active

=== Engagement at 2026-03-04 07:24:48 ===
Hour: 7, Period: morning
Mode: aware (duration: 10.3s)
Aggression: 0.07
Flow: direction=-0.34, x_offset=20.4
Light position (normalized): x=0.84, z=0.34
Almost-engaged: False, strategy: none
Person zone: active

=== Engagement at 2026-03-04 07:30:09 ===
Hour: 7, Period: morning
Mode: idle (duration: 55.7s)
Aggression: 0.05
Flow: direction=-0.00, x_offset=0.1
Light position (normalized): x=0.43, z=0.27
Almost-engaged: False, strategy: none
Person zone: active

=== Engagement at 2026-03-04 07:30:09 ===
Hour: 7, Period: morning
Mode: idle (duration: 55.7s)
Aggression: 0.05
Flow: direction=-0.00, x_offset=0.1
Light position (normalized): x=0.43, z=0.27
Almost-engaged: False, strategy: none
Person zone: active

=== Engagement at 2026-03-04 07:32:20 ===
Hour: 7, Period: morning
Mode: flow (duration: 5.4s)
Aggression: 0.03
Flow: direction=1.00, x_offset=-60.0
Light position (normalized): x=0.55, z=0.48
Almost-engaged: False, strategy: none
Person zone: active

=== Engagement at 2026-03-04 07:33:12 ===
Hour: 7, Period: morning
Mode: flow (duration: 38.9s)
Aggression: 0.02
Flow: direction=-0.55, x_offset=39.5
Light position (normalized): x=0.30, z=0.46
Almost-engaged: False, strategy: none
Person zone: active

=== Engagement at 2026-03-04 07:35:36 ===
Hour: 7, Period: morning
Mode: flow (duration: 42.2s)
Aggression: 0.03
Flow: direction=0.53, x_offset=-31.5
Light position (normalized): x=0.47, z=0.38
Almost-engaged: False, strategy: none
Person zone: active

=== Engagement at 2026-03-04 07:35:38 ===
Hour: 7, Period: morning
Mode: engaged (duration: 2.9s)
Aggression: 0.00
Flow: direction=0.57, x_offset=-33.9
Light position (normalized): x=0.78, z=0.36
Almost-engaged: False, strategy: none
Person zone: active

=== Engagement at 2026-03-04 07:37:47 ===
Hour: 7, Period: morning
Mode: flow (duration: 5.4s)
Aggression: 0.02
Flow: direction=-0.47, x_offset=28.3
Light position (normalized): x=0.40, z=0.37
Almost-engaged: False, strategy: none
Person zone: active

=== Engagement at 2026-03-04 07:39:27 ===
Hour: 7, Period: morning
Mode: flow (duration: 87.5s)
Aggression: 0.03
Flow: direction=0.12, x_offset=-7.3
Light position (normalized): x=0.48, z=0.20
Almost-engaged: False, strategy: none
Person zone: active

=== Engagement at 2026-03-04 07:41:27 ===
Hour: 7, Period: morning
Mode: flow (duration: 88.0s)
Aggression: 0.04
Flow: direction=0.90, x_offset=-54.1
Light position (normalized): x=0.53, z=0.29
Almost-engaged: False, strategy: none
Person zone: active

=== Engagement at 2026-03-04 07:41:27 ===
Hour: 7, Period: morning
Mode: flow (duration: 88.0s)
Aggression: 0.04
Flow: direction=0.90, x_offset=-54.1
Light position (normalized): x=0.53, z=0.29
Almost-engaged: False, strategy: none
Person zone: active

=== Engagement at 2026-03-04 07:43:35 ===
Hour: 7, Period: morning
Mode: aware (duration: 44.1s)
Aggression: 0.06
Flow: direction=0.02, x_offset=-0.8
Light position (normalized): x=0.39, z=0.22
Almost-engaged: False, strategy: none
Person zone: active

=== Engagement at 2026-03-04 07:43:53 ===
Hour: 7, Period: morning
Mode: aware (duration: 4.8s)
Aggression: 0.01
Flow: direction=0.92, x_offset=-55.2
Light position (normalized): x=0.75, z=0.34
Almost-engaged: False, strategy: none
Person zone: active

=== Engagement at 2026-03-04 07:45:46 ===
Hour: 7, Period: morning
Mode: flow (duration: 37.5s)
Aggression: 0.04
Flow: direction=-0.82, x_offset=49.2
Light position (normalized): x=0.58, z=0.23
Almost-engaged: False, strategy: none
Person zone: active

=== Engagement at 2026-03-04 07:48:06 ===
Hour: 7, Period: morning
Mode: idle (duration: 14.5s)
Aggression: 0.03
Flow: direction=0.18, x_offset=-31.8
Light position (normalized): x=0.43, z=0.45
Almost-engaged: False, strategy: none
Person zone: active

=== Engagement at 2026-03-04 07:48:06 ===
Hour: 7, Period: morning
Mode: idle (duration: 14.5s)
Aggression: 0.03
Flow: direction=0.18, x_offset=-31.8
Light position (normalized): x=0.43, z=0.45
Almost-engaged: False, strategy: none
Person zone: active

=== Engagement at 2026-03-04 07:50:18 ===
Hour: 7, Period: morning
Mode: flow (duration: 119.2s)
Aggression: 0.04
Flow: direction=0.14, x_offset=-8.6
Light position (normalized): x=0.57, z=0.15
Almost-engaged: False, strategy: none
Person zone: active

=== Engagement at 2026-03-04 07:51:09 ===
Hour: 7, Period: morning
Mode: aware (duration: 13.1s)
Aggression: 0.03
Flow: direction=0.28, x_offset=-16.8
Light position (normalized): x=0.09, z=0.13
Almost-engaged: False, strategy: none
Person zone: active

=== Engagement at 2026-03-04 07:51:09 ===
Hour: 7, Period: morning
Mode: aware (duration: 13.1s)
Aggression: 0.03
Flow: direction=0.28, x_offset=-16.8
Light position (normalized): x=0.09, z=0.13
Almost-engaged: False, strategy: none
Person zone: active

=== Engagement at 2026-03-04 07:52:16 ===
Hour: 7, Period: morning
Mode: flow (duration: 1.2s)
Aggression: 0.04
Flow: direction=0.24, x_offset=-14.3
Light position (normalized): x=0.15, z=0.32
Almost-engaged: False, strategy: none
Person zone: active

=== Engagement at 2026-03-04 07:52:20 ===
Hour: 7, Period: morning
Mode: flow (duration: 4.7s)
Aggression: 0.01
Flow: direction=-0.09, x_offset=5.5
Light position (normalized): x=0.41, z=0.58
Almost-engaged: False, strategy: none
Person zone: active

=== Engagement at 2026-03-04 07:52:36 ===
Hour: 7, Period: morning
Mode: flow (duration: 3.2s)
Aggression: 0.01
Flow: direction=-0.69, x_offset=41.5
Light position (normalized): x=0.34, z=0.40
Almost-engaged: False, strategy: none
Person zone: active

=== Engagement at 2026-03-04 07:52:36 ===
Hour: 7, Period: morning
Mode: flow (duration: 3.2s)
Aggression: 0.01
Flow: direction=-0.69, x_offset=41.5
Light position (normalized): x=0.34, z=0.40
Almost-engaged: False, strategy: none
Person zone: active

=== Engagement at 2026-03-04 07:52:37 ===
Hour: 7, Period: morning
Mode: engaged (duration: 0.6s)
Aggression: 0.00
Flow: direction=-0.69, x_offset=41.5
Light position (normalized): x=0.56, z=0.51
Almost-engaged: False, strategy: none
Person zone: active

=== Engagement at 2026-03-04 07:57:19 ===
Hour: 7, Period: morning
Mode: flow (duration: 33.5s)
Aggression: 0.09
Flow: direction=-0.27, x_offset=16.4
Light position (normalized): x=0.25, z=0.31
Almost-engaged: False, strategy: none
Person zone: active

=== Engagement at 2026-03-04 07:57:19 ===
Hour: 7, Period: morning
Mode: flow (duration: 33.5s)
Aggression: 0.09
Flow: direction=-0.27, x_offset=16.4
Light position (normalized): x=0.25, z=0.31
Almost-engaged: False, strategy: none
Person zone: active

=== Engagement at 2026-03-04 07:58:58 ===
Hour: 7, Period: morning
Mode: flow (duration: 1.6s)
Aggression: 0.03
Flow: direction=0.22, x_offset=-13.0
Light position (normalized): x=0.34, z=0.21
Almost-engaged: False, strategy: none
Person zone: active

=== Engagement at 2026-03-04 07:59:20 ===
Hour: 7, Period: morning
Mode: aware (duration: 8.1s)
Aggression: 0.01
Flow: direction=-0.27, x_offset=15.9
Light position (normalized): x=0.50, z=0.43
Almost-engaged: False, strategy: none
Person zone: active

=== Engagement at 2026-03-04 08:00:00 ===
Hour: 8, Period: morning
Mode: aware (duration: 8.8s)
Aggression: 0.00
Flow: direction=0.84, x_offset=-50.6
Light position (normalized): x=0.84, z=0.39
Almost-engaged: False, strategy: none
Person zone: active

=== Engagement at 2026-03-04 08:00:02 ===
Hour: 8, Period: morning
Mode: engaged (duration: 2.0s)
Aggression: 0.00
Flow: direction=0.81, x_offset=-48.6
Light position (normalized): x=0.53, z=0.36
Almost-engaged: False, strategy: none
Person zone: active

=== Engagement at 2026-03-04 08:00:03 ===
Hour: 8, Period: morning
Mode: engaged (duration: 2.8s)
Aggression: 0.00
Flow: direction=0.81, x_offset=-48.6
Light position (normalized): x=0.42, z=0.33
Almost-engaged: False, strategy: none
Person zone: active

=== Engagement at 2026-03-04 08:00:04 ===
Hour: 8, Period: morning
Mode: engaged (duration: 3.7s)
Aggression: 0.00
Flow: direction=0.78, x_offset=-47.0
Light position (normalized): x=0.32, z=0.31
Almost-engaged: False, strategy: none
Person zone: active

=== Engagement at 2026-03-04 08:00:07 ===
Hour: 8, Period: morning
Mode: engaged (duration: 7.2s)
Aggression: 0.00
Flow: direction=0.76, x_offset=-45.7
Light position (normalized): x=0.33, z=0.16
Almost-engaged: False, strategy: none
Person zone: active

=== Engagement at 2026-03-04 08:00:11 ===
Hour: 8, Period: morning
Mode: engaged (duration: 11.2s)
Aggression: 0.00
Flow: direction=0.73, x_offset=-44.1
Light position (normalized): x=0.21, z=0.33
Almost-engaged: False, strategy: none
Person zone: active

=== Engagement at 2026-03-04 08:00:32 ===
Hour: 8, Period: morning
Mode: aware (duration: 15.5s)
Aggression: 0.01
Flow: direction=0.88, x_offset=-53.0
Light position (normalized): x=0.09, z=0.31
Almost-engaged: False, strategy: none
Person zone: active

=== Engagement at 2026-03-04 08:00:32 ===
Hour: 8, Period: morning
Mode: aware (duration: 15.5s)
Aggression: 0.01
Flow: direction=0.88, x_offset=-53.0
Light position (normalized): x=0.09, z=0.31
Almost-engaged: False, strategy: none
Person zone: active

=== Engagement at 2026-03-04 08:02:50 ===
Hour: 8, Period: morning
Mode: idle (duration: 16.9s)
Aggression: 0.02
Flow: direction=-0.03, x_offset=14.8
Light position (normalized): x=0.34, z=0.33
Almost-engaged: False, strategy: none
Person zone: active

=== Engagement at 2026-03-04 08:04:02 ===
Hour: 8, Period: morning
Mode: flow (duration: 42.0s)
Aggression: 0.03
Flow: direction=-0.71, x_offset=42.5
Light position (normalized): x=0.41, z=0.12
Almost-engaged: False, strategy: none
Person zone: active

=== Engagement at 2026-03-04 08:04:02 ===
Hour: 8, Period: morning
Mode: flow (duration: 42.0s)
Aggression: 0.03
Flow: direction=-0.71, x_offset=42.5
Light position (normalized): x=0.41, z=0.12
Almost-engaged: False, strategy: none
Person zone: active

=== Engagement at 2026-03-04 08:04:55 ===
Hour: 8, Period: morning
Mode: aware (duration: 40.2s)
Aggression: 0.02
Flow: direction=-1.00, x_offset=59.9
Light position (normalized): x=0.53, z=0.40
Almost-engaged: False, strategy: none
Person zone: active

=== Engagement at 2026-03-04 08:05:40 ===
Hour: 8, Period: morning
Mode: flow (duration: 31.1s)
Aggression: 0.02
Flow: direction=-0.63, x_offset=37.7
Light position (normalized): x=0.45, z=0.34
Almost-engaged: False, strategy: none
Person zone: active

=== Engagement at 2026-03-04 08:05:40 ===
Hour: 8, Period: morning
Mode: flow (duration: 31.1s)
Aggression: 0.02
Flow: direction=-0.63, x_offset=37.7
Light position (normalized): x=0.45, z=0.34
Almost-engaged: False, strategy: none
Person zone: active

=== Engagement at 2026-03-04 08:06:05 ===
Hour: 8, Period: morning
Mode: aware (duration: 12.5s)
Aggression: 0.02
Flow: direction=-0.95, x_offset=56.7
Light position (normalized): x=0.40, z=0.19
Almost-engaged: False, strategy: none
Person zone: active

=== Engagement at 2026-03-04 08:07:15 ===
Hour: 8, Period: morning
Mode: flow (duration: 3.0s)
Aggression: 0.02
Flow: direction=0.60, x_offset=-35.7
Light position (normalized): x=0.41, z=0.05
Almost-engaged: False, strategy: none
Person zone: active

=== Engagement at 2026-03-04 08:07:15 ===
Hour: 8, Period: morning
Mode: flow (duration: 3.0s)
Aggression: 0.02
Flow: direction=0.60, x_offset=-35.7
Light position (normalized): x=0.41, z=0.05
Almost-engaged: False, strategy: none
Person zone: active

=== Engagement at 2026-03-04 08:07:23 ===
Hour: 8, Period: morning
Mode: engaged (duration: 7.6s)
Aggression: 0.01
Flow: direction=-0.22, x_offset=13.4
Light position (normalized): x=0.58, z=0.49
Almost-engaged: False, strategy: none
Person zone: active

=== Engagement at 2026-03-04 08:07:23 ===
Hour: 8, Period: morning
Mode: engaged (duration: 7.6s)
Aggression: 0.01
Flow: direction=-0.22, x_offset=13.4
Light position (normalized): x=0.58, z=0.49
Almost-engaged: False, strategy: none
Person zone: active

=== Engagement at 2026-03-04 08:08:57 ===
Hour: 8, Period: morning
Mode: flow (duration: 21.2s)
Aggression: 0.04
Flow: direction=-0.29, x_offset=17.5
Light position (normalized): x=0.41, z=0.56
Almost-engaged: False, strategy: none
Person zone: active

=== Engagement at 2026-03-04 08:08:57 ===
Hour: 8, Period: morning
Mode: flow (duration: 21.2s)
Aggression: 0.04
Flow: direction=-0.29, x_offset=17.5
Light position (normalized): x=0.41, z=0.56
Almost-engaged: False, strategy: none
Person zone: active

=== Engagement at 2026-03-04 08:09:00 ===
Hour: 8, Period: morning
Mode: engaged (duration: 3.1s)
Aggression: 0.00
Flow: direction=-0.56, x_offset=33.9
Light position (normalized): x=0.77, z=0.51
Almost-engaged: False, strategy: none
Person zone: active

=== Engagement at 2026-03-04 08:09:00 ===
Hour: 8, Period: morning
Mode: engaged (duration: 3.1s)
Aggression: 0.00
Flow: direction=-0.56, x_offset=33.9
Light position (normalized): x=0.77, z=0.51
Almost-engaged: False, strategy: none
Person zone: active

=== Engagement at 2026-03-04 08:09:01 ===
Hour: 8, Period: morning
Mode: engaged (duration: 4.2s)
Aggression: 0.00
Flow: direction=-0.64, x_offset=38.3
Light position (normalized): x=0.90, z=0.51
Almost-engaged: False, strategy: none
Person zone: active

=== Engagement at 2026-03-04 08:09:01 ===
Hour: 8, Period: morning
Mode: engaged (duration: 4.2s)
Aggression: 0.00
Flow: direction=-0.64, x_offset=38.3
Light position (normalized): x=0.90, z=0.51
Almost-engaged: False, strategy: none
Person zone: active

=== Engagement at 2026-03-04 08:09:27 ===
Hour: 8, Period: morning
Mode: aware (duration: 17.4s)
Aggression: 0.02
Flow: direction=-0.76, x_offset=45.6
Light position (normalized): x=0.49, z=0.21
Almost-engaged: False, strategy: none
Person zone: active

=== Engagement at 2026-03-04 08:10:39 ===
Hour: 8, Period: morning
Mode: flow (duration: 13.6s)
Aggression: 0.02
Flow: direction=-0.16, x_offset=9.3
Light position (normalized): x=0.56, z=0.32
Almost-engaged: False, strategy: none
Person zone: active

=== Engagement at 2026-03-04 08:10:41 ===
Hour: 8, Period: morning
Mode: engaged (duration: 1.8s)
Aggression: 0.01
Flow: direction=-0.35, x_offset=20.9
Light position (normalized): x=0.73, z=0.23
Almost-engaged: False, strategy: none
Person zone: active

=== Engagement at 2026-03-04 08:10:41 ===
Hour: 8, Period: morning
Mode: engaged (duration: 1.8s)
Aggression: 0.01
Flow: direction=-0.35, x_offset=20.9
Light position (normalized): x=0.73, z=0.23
Almost-engaged: False, strategy: none
Person zone: active

=== Engagement at 2026-03-04 08:10:41 ===
Hour: 8, Period: morning
Mode: engaged (duration: 2.2s)
Aggression: 0.00
Flow: direction=-0.41, x_offset=24.5
Light position (normalized): x=0.77, z=0.33
Almost-engaged: False, strategy: none
Person zone: active

=== Engagement at 2026-03-04 08:10:41 ===
Hour: 8, Period: morning
Mode: engaged (duration: 2.2s)
Aggression: 0.00
Flow: direction=-0.41, x_offset=24.5
Light position (normalized): x=0.77, z=0.33
Almost-engaged: False, strategy: none
Person zone: active

=== Engagement at 2026-03-04 08:10:43 ===
Hour: 8, Period: morning
Mode: engaged (duration: 4.2s)
Aggression: 0.00
Flow: direction=-0.46, x_offset=27.4
Light position (normalized): x=0.72, z=0.61
Almost-engaged: False, strategy: none
Person zone: active

=== Engagement at 2026-03-04 08:10:43 ===
Hour: 8, Period: morning
Mode: engaged (duration: 4.2s)
Aggression: 0.00
Flow: direction=-0.46, x_offset=27.4
Light position (normalized): x=0.72, z=0.61
Almost-engaged: False, strategy: none
Person zone: active

=== Engagement at 2026-03-04 08:11:26 ===
Hour: 8, Period: morning
Mode: aware (duration: 26.9s)
Aggression: 0.01
Flow: direction=-0.40, x_offset=24.0
Light position (normalized): x=0.46, z=0.16
Almost-engaged: False, strategy: none
Person zone: active

=== Engagement at 2026-03-04 08:11:26 ===
Hour: 8, Period: morning
Mode: aware (duration: 26.9s)
Aggression: 0.01
Flow: direction=-0.40, x_offset=24.0
Light position (normalized): x=0.46, z=0.16
Almost-engaged: False, strategy: none
Person zone: active

=== Engagement at 2026-03-04 08:12:21 ===
Hour: 8, Period: morning
Mode: flow (duration: 25.6s)
Aggression: 0.02
Flow: direction=-0.93, x_offset=55.8
Light position (normalized): x=0.32, z=0.11
Almost-engaged: False, strategy: none
Person zone: active

=== Engagement at 2026-03-04 08:14:40 ===
Hour: 8, Period: morning
Mode: flow (duration: 36.9s)
Aggression: 0.06
Flow: direction=-0.97, x_offset=58.2
Light position (normalized): x=0.50, z=0.18
Almost-engaged: False, strategy: none
Person zone: active

=== Engagement at 2026-03-04 08:14:40 ===
Hour: 8, Period: morning
Mode: flow (duration: 36.9s)
Aggression: 0.06
Flow: direction=-0.97, x_offset=58.2
Light position (normalized): x=0.50, z=0.18
Almost-engaged: False, strategy: none
Person zone: active

=== Engagement at 2026-03-04 08:15:33 ===
Hour: 8, Period: morning
Mode: aware (duration: 20.3s)
Aggression: 0.02
Flow: direction=0.16, x_offset=-9.5
Light position (normalized): x=0.07, z=0.11
Almost-engaged: False, strategy: none
Person zone: active

=== Engagement at 2026-03-04 08:17:19 ===
Hour: 8, Period: morning
Mode: flow (duration: 74.9s)
Aggression: 0.04
Flow: direction=0.06, x_offset=-3.7
Light position (normalized): x=0.58, z=0.36
Almost-engaged: False, strategy: none
Person zone: active

=== Engagement at 2026-03-04 08:18:56 ===
Hour: 8, Period: morning
Mode: flow (duration: 58.8s)
Aggression: 0.04
Flow: direction=0.61, x_offset=-36.7
Light position (normalized): x=0.61, z=0.43
Almost-engaged: False, strategy: none
Person zone: active

=== Engagement at 2026-03-04 08:19:04 ===
Hour: 8, Period: morning
Mode: engaged (duration: 7.7s)
Aggression: 0.00
Flow: direction=0.36, x_offset=-21.6
Light position (normalized): x=0.53, z=0.23
Almost-engaged: False, strategy: none
Person zone: active

=== Engagement at 2026-03-04 08:19:04 ===
Hour: 8, Period: morning
Mode: engaged (duration: 7.7s)
Aggression: 0.00
Flow: direction=0.36, x_offset=-21.6
Light position (normalized): x=0.53, z=0.23
Almost-engaged: False, strategy: none
Person zone: active

=== Engagement at 2026-03-04 08:19:04 ===
Hour: 8, Period: morning
Mode: engaged (duration: 8.1s)
Aggression: 0.00
Flow: direction=0.36, x_offset=-21.6
Light position (normalized): x=0.70, z=0.42
Almost-engaged: False, strategy: none
Person zone: active

=== Engagement at 2026-03-04 08:20:16 ===
Hour: 8, Period: morning
Mode: flow (duration: 49.3s)
Aggression: 0.01
Flow: direction=-0.09, x_offset=5.4
Light position (normalized): x=0.28, z=0.37
Almost-engaged: False, strategy: none
Person zone: active

=== Engagement at 2026-03-04 08:20:16 ===
Hour: 8, Period: morning
Mode: flow (duration: 49.3s)
Aggression: 0.01
Flow: direction=-0.09, x_offset=5.4
Light position (normalized): x=0.28, z=0.37
Almost-engaged: False, strategy: none
Person zone: active

=== Engagement at 2026-03-04 08:20:37 ===
Hour: 8, Period: morning
Mode: flow (duration: 8.7s)
Aggression: 0.00
Flow: direction=0.12, x_offset=-7.5
Light position (normalized): x=0.64, z=0.32
Almost-engaged: False, strategy: none
Person zone: active

=== Engagement at 2026-03-04 08:20:46 ===
Hour: 8, Period: morning
Mode: engaged (duration: 8.8s)
Aggression: 0.02
Flow: direction=-0.51, x_offset=30.9
Light position (normalized): x=0.40, z=0.19
Almost-engaged: False, strategy: none
Person zone: active

=== Engagement at 2026-03-04 08:20:46 ===
Hour: 8, Period: morning
Mode: engaged (duration: 8.8s)
Aggression: 0.02
Flow: direction=-0.51, x_offset=30.9
Light position (normalized): x=0.40, z=0.19
Almost-engaged: False, strategy: none
Person zone: active

=== Engagement at 2026-03-04 08:20:49 ===
Hour: 8, Period: morning
Mode: engaged (duration: 11.7s)
Aggression: 0.00
Flow: direction=-0.71, x_offset=42.3
Light position (normalized): x=0.63, z=0.37
Almost-engaged: False, strategy: none
Person zone: active

=== Engagement at 2026-03-04 08:20:50 ===
Hour: 8, Period: morning
Mode: engaged (duration: 12.5s)
Aggression: 0.00
Flow: direction=-0.71, x_offset=42.3
Light position (normalized): x=0.90, z=0.34
Almost-engaged: False, strategy: none
Person zone: active

=== Engagement at 2026-03-04 08:20:50 ===
Hour: 8, Period: morning
Mode: engaged (duration: 12.5s)
Aggression: 0.00
Flow: direction=-0.71, x_offset=42.3
Light position (normalized): x=0.90, z=0.34
Almost-engaged: False, strategy: none
Person zone: active

=== Engagement at 2026-03-04 08:21:18 ===
Hour: 8, Period: morning
Mode: aware (duration: 21.8s)
Aggression: 0.02
Flow: direction=-0.59, x_offset=35.5
Light position (normalized): x=0.46, z=0.29
Almost-engaged: False, strategy: none
Person zone: active

=== Engagement at 2026-03-04 08:21:18 ===
Hour: 8, Period: morning
Mode: aware (duration: 21.8s)
Aggression: 0.02
Flow: direction=-0.59, x_offset=35.5
Light position (normalized): x=0.46, z=0.29
Almost-engaged: False, strategy: none
Person zone: active

=== Engagement at 2026-03-04 08:22:57 ===
Hour: 8, Period: morning
Mode: flow (duration: 28.4s)
Aggression: 0.03
Flow: direction=-0.56, x_offset=23.7
Light position (normalized): x=0.55, z=0.30
Almost-engaged: False, strategy: none
Person zone: active

=== Engagement at 2026-03-04 08:23:26 ===
Hour: 8, Period: morning
Mode: flow (duration: 15.9s)
Aggression: 0.02
Flow: direction=-0.74, x_offset=44.2
Light position (normalized): x=0.47, z=0.35
Almost-engaged: False, strategy: none
Person zone: active

=== Engagement at 2026-03-04 08:23:26 ===
Hour: 8, Period: morning
Mode: flow (duration: 15.9s)
Aggression: 0.02
Flow: direction=-0.74, x_offset=44.2
Light position (normalized): x=0.47, z=0.35
Almost-engaged: False, strategy: none
Person zone: active

=== Engagement at 2026-03-04 08:23:58 ===
Hour: 8, Period: morning
Mode: aware (duration: 19.0s)
Aggression: 0.03
Flow: direction=0.62, x_offset=-37.1
Light position (normalized): x=0.31, z=0.36
Almost-engaged: False, strategy: none
Person zone: active

=== Engagement at 2026-03-04 08:23:58 ===
Hour: 8, Period: morning
Mode: engaged (duration: 0.0s)
Aggression: 0.03
Flow: direction=0.62, x_offset=-37.1
Light position (normalized): x=0.31, z=0.40
Almost-engaged: False, strategy: none
Person zone: active

=== Engagement at 2026-03-04 08:23:58 ===
Hour: 8, Period: morning
Mode: engaged (duration: 0.0s)
Aggression: 0.03
Flow: direction=0.62, x_offset=-37.1
Light position (normalized): x=0.31, z=0.40
Almost-engaged: False, strategy: none
Person zone: active

=== Engagement at 2026-03-04 08:24:00 ===
Hour: 8, Period: morning
Mode: engaged (duration: 2.3s)
Aggression: 0.00
Flow: direction=0.60, x_offset=-36.3
Light position (normalized): x=0.68, z=0.58
Almost-engaged: False, strategy: none
Person zone: active

=== Engagement at 2026-03-04 08:24:13 ===
Hour: 8, Period: morning
Mode: aware (duration: 2.3s)
Aggression: 0.01
Flow: direction=-0.28, x_offset=17.0
Light position (normalized): x=0.14, z=0.39
Almost-engaged: False, strategy: none
Person zone: active

=== Engagement at 2026-03-04 08:24:53 ===
Hour: 8, Period: morning
Mode: aware (duration: 26.8s)
Aggression: 0.01
Flow: direction=-1.00, x_offset=59.9
Light position (normalized): x=0.23, z=0.23
Almost-engaged: False, strategy: none
Person zone: active

=== Engagement at 2026-03-04 08:24:53 ===
Hour: 8, Period: morning
Mode: aware (duration: 26.8s)
Aggression: 0.01
Flow: direction=-1.00, x_offset=59.9
Light position (normalized): x=0.23, z=0.23
Almost-engaged: False, strategy: none
Person zone: active

=== Engagement at 2026-03-04 08:25:19 ===
Hour: 8, Period: morning
Mode: flow (duration: 13.1s)
Aggression: 0.01
Flow: direction=0.13, x_offset=-7.7
Light position (normalized): x=0.76, z=0.25
Almost-engaged: False, strategy: none
Person zone: active

=== Engagement at 2026-03-04 08:25:20 ===
Hour: 8, Period: morning
Mode: engaged (duration: 0.5s)
Aggression: 0.01
Flow: direction=0.20, x_offset=-11.8
Light position (normalized): x=0.80, z=0.21
Almost-engaged: False, strategy: none
Person zone: active

=== Engagement at 2026-03-04 08:25:34 ===
Hour: 8, Period: morning
Mode: flow (duration: 1.5s)
Aggression: 0.01
Flow: direction=0.01, x_offset=-0.7
Light position (normalized): x=0.26, z=0.09
Almost-engaged: False, strategy: none
Person zone: active

=== Engagement at 2026-03-04 08:25:34 ===
Hour: 8, Period: morning
Mode: flow (duration: 1.5s)
Aggression: 0.01
Flow: direction=0.01, x_offset=-0.7
Light position (normalized): x=0.26, z=0.09
Almost-engaged: False, strategy: none
Person zone: active

=== Engagement at 2026-03-04 08:25:40 ===
Hour: 8, Period: morning
Mode: flow (duration: 7.0s)
Aggression: 0.01
Flow: direction=-0.21, x_offset=12.3
Light position (normalized): x=0.12, z=0.49
Almost-engaged: False, strategy: none
Person zone: active

=== Engagement at 2026-03-04 08:25:40 ===
Hour: 8, Period: morning
Mode: flow (duration: 7.0s)
Aggression: 0.01
Flow: direction=-0.21, x_offset=12.3
Light position (normalized): x=0.12, z=0.49
Almost-engaged: False, strategy: none
Person zone: active

=== Engagement at 2026-03-04 08:25:41 ===
Hour: 8, Period: morning
Mode: engaged (duration: 1.6s)
Aggression: 0.00
Flow: direction=-0.27, x_offset=16.4
Light position (normalized): x=0.55, z=0.58
Almost-engaged: False, strategy: none
Person zone: active

=== Engagement at 2026-03-04 08:25:43 ===
Hour: 8, Period: morning
Mode: engaged (duration: 3.5s)
Aggression: 0.01
Flow: direction=-0.34, x_offset=20.2
Light position (normalized): x=0.78, z=0.39
Almost-engaged: False, strategy: none
Person zone: active

=== Engagement at 2026-03-04 08:25:43 ===
Hour: 8, Period: morning
Mode: engaged (duration: 3.5s)
Aggression: 0.01
Flow: direction=-0.34, x_offset=20.2
Light position (normalized): x=0.78, z=0.39
Almost-engaged: False, strategy: none
Person zone: active

=== Engagement at 2026-03-04 08:25:44 ===
Hour: 8, Period: morning
Mode: engaged (duration: 4.1s)
Aggression: 0.00
Flow: direction=-0.34, x_offset=20.2
Light position (normalized): x=0.71, z=0.30
Almost-engaged: False, strategy: none
Person zone: active

=== Engagement at 2026-03-04 08:25:44 ===
Hour: 8, Period: morning
Mode: engaged (duration: 4.1s)
Aggression: 0.00
Flow: direction=-0.34, x_offset=20.2
Light position (normalized): x=0.71, z=0.30
Almost-engaged: False, strategy: none
Person zone: active

=== Engagement at 2026-03-04 08:25:51 ===
Hour: 8, Period: morning
Mode: engaged (duration: 11.2s)
Aggression: 0.01
Flow: direction=-0.62, x_offset=37.1
Light position (normalized): x=0.73, z=0.12
Almost-engaged: False, strategy: none
Person zone: active

=== Engagement at 2026-03-04 08:25:51 ===
Hour: 8, Period: morning
Mode: engaged (duration: 11.2s)
Aggression: 0.01
Flow: direction=-0.62, x_offset=37.1
Light position (normalized): x=0.73, z=0.12
Almost-engaged: False, strategy: none
Person zone: active

=== Engagement at 2026-03-04 08:25:58 ===
Hour: 8, Period: morning
Mode: aware (duration: 1.9s)
Aggression: 0.02
Flow: direction=-0.65, x_offset=39.2
Light position (normalized): x=0.77, z=0.50
Almost-engaged: False, strategy: none
Person zone: active

=== Engagement at 2026-03-04 08:25:59 ===
Hour: 8, Period: morning
Mode: engaged (duration: 0.7s)
Aggression: 0.00
Flow: direction=-0.65, x_offset=39.2
Light position (normalized): x=0.84, z=0.46
Almost-engaged: False, strategy: none
Person zone: active

=== Engagement at 2026-03-04 08:26:00 ===
Hour: 8, Period: morning
Mode: engaged (duration: 1.3s)
Aggression: 0.00
Flow: direction=-0.65, x_offset=38.9
Light position (normalized): x=0.90, z=0.44
Almost-engaged: False, strategy: none
Person zone: active

=== Engagement at 2026-03-04 08:26:00 ===
Hour: 8, Period: morning
Mode: engaged (duration: 1.3s)
Aggression: 0.00
Flow: direction=-0.65, x_offset=38.9
Light position (normalized): x=0.90, z=0.44
Almost-engaged: False, strategy: none
Person zone: active

=== Engagement at 2026-03-04 08:26:20 ===
Hour: 8, Period: morning
Mode: aware (duration: 9.1s)
Aggression: 0.01
Flow: direction=-0.67, x_offset=40.2
Light position (normalized): x=0.46, z=0.31
Almost-engaged: False, strategy: none
Person zone: active

=== Engagement at 2026-03-04 08:26:20 ===
Hour: 8, Period: morning
Mode: aware (duration: 9.1s)
Aggression: 0.01
Flow: direction=-0.67, x_offset=40.2
Light position (normalized): x=0.46, z=0.31
Almost-engaged: False, strategy: none
Person zone: active

=== Engagement at 2026-03-04 08:26:31 ===
Hour: 8, Period: morning
Mode: engaged (duration: 11.1s)
Aggression: 0.01
Flow: direction=-0.84, x_offset=50.4
Light position (normalized): x=0.59, z=0.33
Almost-engaged: False, strategy: none
Person zone: active

=== Engagement at 2026-03-04 08:27:04 ===
Hour: 8, Period: morning
Mode: aware (duration: 26.1s)
Aggression: 0.01
Flow: direction=-0.92, x_offset=55.3
Light position (normalized): x=0.74, z=0.20
Almost-engaged: False, strategy: none
Person zone: active

=== Engagement at 2026-03-04 08:27:04 ===
Hour: 8, Period: morning
Mode: aware (duration: 26.1s)
Aggression: 0.01
Flow: direction=-0.92, x_offset=55.3
Light position (normalized): x=0.74, z=0.20
Almost-engaged: False, strategy: none
Person zone: active

=== Engagement at 2026-03-04 08:27:15 ===
Hour: 8, Period: morning
Mode: engaged (duration: 11.3s)
Aggression: 0.01
Flow: direction=0.06, x_offset=-3.3
Light position (normalized): x=0.35, z=0.20
Almost-engaged: False, strategy: none
Person zone: active

=== Engagement at 2026-03-04 08:27:16 ===
Hour: 8, Period: morning
Mode: engaged (duration: 11.9s)
Aggression: 0.00
Flow: direction=0.01, x_offset=-0.6
Light position (normalized): x=0.77, z=0.17
Almost-engaged: False, strategy: none
Person zone: active

=== Engagement at 2026-03-04 08:27:16 ===
Hour: 8, Period: morning
Mode: engaged (duration: 12.0s)
Aggression: 0.00
Flow: direction=0.01, x_offset=-0.6
Light position (normalized): x=0.79, z=0.16
Almost-engaged: False, strategy: none
Person zone: active

=== Engagement at 2026-03-04 08:27:16 ===
Hour: 8, Period: morning
Mode: engaged (duration: 12.0s)
Aggression: 0.00
Flow: direction=0.01, x_offset=-0.6
Light position (normalized): x=0.79, z=0.16
Almost-engaged: False, strategy: none
Person zone: active

=== Engagement at 2026-03-04 08:27:19 ===
Hour: 8, Period: morning
Mode: engaged (duration: 14.9s)
Aggression: 0.00
Flow: direction=-0.18, x_offset=10.8
Light position (normalized): x=0.74, z=0.53
Almost-engaged: False, strategy: none
Person zone: active

=== Engagement at 2026-03-04 08:28:09 ===
Hour: 8, Period: morning
Mode: aware (duration: 45.1s)
Aggression: 0.04
Flow: direction=-0.57, x_offset=33.9
Light position (normalized): x=0.63, z=0.31
Almost-engaged: False, strategy: none
Person zone: active

=== Engagement at 2026-03-04 08:28:12 ===
Hour: 8, Period: morning
Mode: engaged (duration: 3.1s)
Aggression: 0.01
Flow: direction=-0.29, x_offset=17.4
Light position (normalized): x=0.82, z=0.44
Almost-engaged: False, strategy: none
Person zone: active

=== Engagement at 2026-03-04 08:28:26 ===
Hour: 8, Period: morning
Mode: aware (duration: 3.6s)
Aggression: 0.01
Flow: direction=0.14, x_offset=-8.2
Light position (normalized): x=0.77, z=0.25
Almost-engaged: False, strategy: none
Person zone: active

=== Engagement at 2026-03-04 08:28:26 ===
Hour: 8, Period: morning
Mode: aware (duration: 3.6s)
Aggression: 0.01
Flow: direction=0.14, x_offset=-8.2
Light position (normalized): x=0.77, z=0.25
Almost-engaged: False, strategy: none
Person zone: active

=== Engagement at 2026-03-04 08:28:56 ===
Hour: 8, Period: morning
Mode: aware (duration: 16.8s)
Aggression: 0.02
Flow: direction=-0.40, x_offset=24.2
Light position (normalized): x=0.80, z=0.30
Almost-engaged: False, strategy: none
Person zone: active

=== Engagement at 2026-03-04 08:28:56 ===
Hour: 8, Period: morning
Mode: aware (duration: 16.8s)
Aggression: 0.02
Flow: direction=-0.40, x_offset=24.2
Light position (normalized): x=0.80, z=0.30
Almost-engaged: False, strategy: none
Person zone: active

=== Engagement at 2026-03-04 08:28:59 ===
Hour: 8, Period: morning
Mode: engaged (duration: 3.5s)
Aggression: 0.00
Flow: direction=-0.33, x_offset=19.7
Light position (normalized): x=0.82, z=0.57
Almost-engaged: False, strategy: none
Person zone: active

=== Engagement at 2026-03-04 08:28:59 ===
Hour: 8, Period: morning
Mode: engaged (duration: 3.5s)
Aggression: 0.00
Flow: direction=-0.33, x_offset=19.7
Light position (normalized): x=0.82, z=0.57
Almost-engaged: False, strategy: none
Person zone: active

=== Engagement at 2026-03-04 08:29:03 ===
Hour: 8, Period: morning
Mode: engaged (duration: 7.6s)
Aggression: 0.01
Flow: direction=-0.34, x_offset=20.2
Light position (normalized): x=0.61, z=0.63
Almost-engaged: False, strategy: none
Person zone: active

=== Engagement at 2026-03-04 08:29:03 ===
Hour: 8, Period: morning
Mode: engaged (duration: 7.6s)
Aggression: 0.01
Flow: direction=-0.34, x_offset=20.2
Light position (normalized): x=0.61, z=0.63
Almost-engaged: False, strategy: none
Person zone: active

=== Engagement at 2026-03-04 08:30:32 ===
Hour: 8, Period: morning
Mode: flow (duration: 16.2s)
Aggression: 0.05
Flow: direction=0.06, x_offset=-3.4
Light position (normalized): x=0.71, z=0.33
Almost-engaged: False, strategy: none
Person zone: active

=== Engagement at 2026-03-04 08:30:41 ===
Hour: 8, Period: morning
Mode: engaged (duration: 9.4s)
Aggression: 0.01
Flow: direction=0.10, x_offset=-6.0
Light position (normalized): x=0.25, z=0.47
Almost-engaged: False, strategy: none
Person zone: active

=== Engagement at 2026-03-04 08:30:41 ===
Hour: 8, Period: morning
Mode: engaged (duration: 9.4s)
Aggression: 0.01
Flow: direction=0.10, x_offset=-6.0
Light position (normalized): x=0.25, z=0.47
Almost-engaged: False, strategy: none
Person zone: active

=== Engagement at 2026-03-04 08:30:45 ===
Hour: 8, Period: morning
Mode: engaged (duration: 13.6s)
Aggression: 0.00
Flow: direction=0.04, x_offset=-2.2
Light position (normalized): x=0.51, z=0.38
Almost-engaged: False, strategy: none
Person zone: active

=== Engagement at 2026-03-04 08:31:31 ===
Hour: 8, Period: morning
Mode: aware (duration: 40.3s)
Aggression: 0.02
Flow: direction=-1.00, x_offset=59.8
Light position (normalized): x=0.57, z=0.45
Almost-engaged: False, strategy: none
Person zone: active

=== Engagement at 2026-03-04 08:31:59 ===
Hour: 8, Period: morning
Mode: flow (duration: 10.6s)
Aggression: 0.00
Flow: direction=-1.00, x_offset=60.0
Light position (normalized): x=0.42, z=0.21
Almost-engaged: False, strategy: none
Person zone: active

=== Engagement at 2026-03-04 08:31:59 ===
Hour: 8, Period: morning
Mode: flow (duration: 10.6s)
Aggression: 0.00
Flow: direction=-1.00, x_offset=60.0
Light position (normalized): x=0.42, z=0.21
Almost-engaged: False, strategy: none
Person zone: active

=== Engagement at 2026-03-04 08:32:01 ===
Hour: 8, Period: morning
Mode: engaged (duration: 1.4s)
Aggression: 0.00
Flow: direction=-1.00, x_offset=60.0
Light position (normalized): x=0.24, z=0.37
Almost-engaged: False, strategy: none
Person zone: active

=== Engagement at 2026-03-04 08:32:01 ===
Hour: 8, Period: morning
Mode: engaged (duration: 2.2s)
Aggression: 0.00
Flow: direction=-1.00, x_offset=60.0
Light position (normalized): x=0.35, z=0.40
Almost-engaged: False, strategy: none
Person zone: active

=== Engagement at 2026-03-04 08:32:11 ===
Hour: 8, Period: morning
Mode: engaged (duration: 11.6s)
Aggression: 0.01
Flow: direction=0.20, x_offset=-12.3
Light position (normalized): x=0.59, z=0.23
Almost-engaged: False, strategy: none
Person zone: active

=== Engagement at 2026-03-04 08:32:23 ===
Hour: 8, Period: morning
Mode: engaged (duration: 23.9s)
Aggression: 0.01
Flow: direction=-0.31, x_offset=18.6
Light position (normalized): x=0.78, z=0.40
Almost-engaged: False, strategy: none
Person zone: active

=== Engagement at 2026-03-04 08:33:09 ===
Hour: 8, Period: morning
Mode: aware (duration: 40.8s)
Aggression: 0.02
Flow: direction=-0.15, x_offset=9.1
Light position (normalized): x=0.42, z=0.16
Almost-engaged: False, strategy: none
Person zone: active

=== Engagement at 2026-03-04 08:33:21 ===
Hour: 8, Period: morning
Mode: engaged (duration: 11.9s)
Aggression: 0.01
Flow: direction=-0.88, x_offset=52.9
Light position (normalized): x=0.69, z=0.14
Almost-engaged: False, strategy: none
Person zone: active

=== Engagement at 2026-03-04 08:33:56 ===
Hour: 8, Period: morning
Mode: flow (duration: 12.9s)
Aggression: 0.01
Flow: direction=-0.56, x_offset=48.5
Light position (normalized): x=0.25, z=0.24
Almost-engaged: False, strategy: none
Person zone: active

=== Engagement at 2026-03-04 08:34:00 ===
Hour: 8, Period: morning
Mode: engaged (duration: 3.9s)
Aggression: 0.01
Flow: direction=-0.75, x_offset=45.2
Light position (normalized): x=0.73, z=0.43
Almost-engaged: False, strategy: none
Person zone: active

=== Engagement at 2026-03-04 08:34:26 ===
Hour: 8, Period: morning
Mode: aware (duration: 16.6s)
Aggression: 0.02
Flow: direction=-0.50, x_offset=30.1
Light position (normalized): x=0.35, z=0.13
Almost-engaged: False, strategy: none
Person zone: active

=== Engagement at 2026-03-04 08:35:23 ===
Hour: 8, Period: morning
Mode: flow (duration: 5.6s)
Aggression: 0.02
Flow: direction=-0.25, x_offset=15.1
Light position (normalized): x=0.35, z=0.47
Almost-engaged: False, strategy: none
Person zone: active

=== Engagement at 2026-03-04 08:35:41 ===
Hour: 8, Period: morning
Mode: aware (duration: 5.0s)
Aggression: 0.03
Flow: direction=-0.08, x_offset=5.0
Light position (normalized): x=0.29, z=0.31
Almost-engaged: False, strategy: none
Person zone: active

=== Engagement at 2026-03-04 08:35:47 ===
Hour: 8, Period: morning
Mode: engaged (duration: 6.0s)
Aggression: 0.01
Flow: direction=-0.16, x_offset=9.9
Light position (normalized): x=0.51, z=0.22
Almost-engaged: False, strategy: none
Person zone: active

=== Engagement at 2026-03-04 08:35:47 ===
Hour: 8, Period: morning
Mode: engaged (duration: 6.0s)
Aggression: 0.01
Flow: direction=-0.16, x_offset=9.9
Light position (normalized): x=0.51, z=0.22
Almost-engaged: False, strategy: none
Person zone: active

=== Engagement at 2026-03-04 08:37:20 ===
Hour: 8, Period: morning
Mode: aware (duration: 86.0s)
Aggression: 0.06
Flow: direction=-0.59, x_offset=35.3
Light position (normalized): x=0.79, z=0.15
Almost-engaged: False, strategy: none
Person zone: active

=== Engagement at 2026-03-04 08:37:24 ===
Hour: 8, Period: morning
Mode: engaged (duration: 3.5s)
Aggression: 0.01
Flow: direction=-0.68, x_offset=40.5
Light position (normalized): x=0.56, z=0.13
Almost-engaged: False, strategy: none
Person zone: active

=== Engagement at 2026-03-04 08:37:24 ===
Hour: 8, Period: morning
Mode: engaged (duration: 3.5s)
Aggression: 0.01
Flow: direction=-0.68, x_offset=40.5
Light position (normalized): x=0.56, z=0.13
Almost-engaged: False, strategy: none
Person zone: active

=== Engagement at 2026-03-04 08:37:27 ===
Hour: 8, Period: morning
Mode: engaged (duration: 6.1s)
Aggression: 0.01
Flow: direction=-0.74, x_offset=44.1
Light position (normalized): x=0.85, z=0.25
Almost-engaged: False, strategy: none
Person zone: active

=== Engagement at 2026-03-04 08:37:28 ===
Hour: 8, Period: morning
Mode: engaged (duration: 7.3s)
Aggression: 0.00
Flow: direction=-0.76, x_offset=45.7
Light position (normalized): x=0.60, z=0.21
Almost-engaged: False, strategy: none
Person zone: active

=== Engagement at 2026-03-04 08:38:05 ===
Hour: 8, Period: morning
Mode: aware (duration: 30.4s)
Aggression: 0.02
Flow: direction=0.20, x_offset=-11.8
Light position (normalized): x=0.77, z=0.30
Almost-engaged: False, strategy: none
Person zone: active

=== Engagement at 2026-03-04 08:38:23 ===
Hour: 8, Period: morning
Mode: aware (duration: 5.0s)
Aggression: 0.01
Flow: direction=-0.49, x_offset=29.2
Light position (normalized): x=0.78, z=0.24
Almost-engaged: False, strategy: none
Person zone: active

=== Engagement at 2026-03-04 08:38:54 ===
Hour: 8, Period: morning
Mode: flow (duration: 15.0s)
Aggression: 0.01
Flow: direction=-0.32, x_offset=19.0
Light position (normalized): x=0.07, z=0.42
Almost-engaged: False, strategy: none
Person zone: active

=== Engagement at 2026-03-04 08:38:57 ===
Hour: 8, Period: morning
Mode: engaged (duration: 3.1s)
Aggression: 0.01
Flow: direction=-0.62, x_offset=36.9
Light position (normalized): x=0.59, z=0.17
Almost-engaged: False, strategy: none
Person zone: active

=== Engagement at 2026-03-04 08:38:57 ===
Hour: 8, Period: morning
Mode: engaged (duration: 3.1s)
Aggression: 0.01
Flow: direction=-0.62, x_offset=36.9
Light position (normalized): x=0.59, z=0.17
Almost-engaged: False, strategy: none
Person zone: active

=== Engagement at 2026-03-04 08:39:22 ===
Hour: 8, Period: morning
Mode: aware (duration: 14.9s)
Aggression: 0.01
Flow: direction=-0.83, x_offset=49.6
Light position (normalized): x=0.40, z=0.39
Almost-engaged: False, strategy: none
Person zone: active

=== Engagement at 2026-03-04 08:39:22 ===
Hour: 8, Period: morning
Mode: aware (duration: 14.9s)
Aggression: 0.01
Flow: direction=-0.83, x_offset=49.6
Light position (normalized): x=0.40, z=0.39
Almost-engaged: False, strategy: none
Person zone: active

=== Engagement at 2026-03-04 08:40:47 ===
Hour: 8, Period: morning
Mode: idle (duration: 10.8s)
Aggression: 0.02
Flow: direction=-0.92, x_offset=55.5
Light position (normalized): x=0.35, z=0.50
Almost-engaged: False, strategy: none
Person zone: active

=== Engagement at 2026-03-04 08:40:47 ===
Hour: 8, Period: morning
Mode: idle (duration: 10.8s)
Aggression: 0.02
Flow: direction=-0.92, x_offset=55.5
Light position (normalized): x=0.35, z=0.50
Almost-engaged: False, strategy: none
Person zone: active

=== Engagement at 2026-03-04 08:41:20 ===
Hour: 8, Period: morning
Mode: aware (duration: 1.7s)
Aggression: 0.04
Flow: direction=-0.53, x_offset=31.6
Light position (normalized): x=0.22, z=0.60
Almost-engaged: False, strategy: none
Person zone: active

=== Engagement at 2026-03-04 08:41:43 ===
Hour: 8, Period: morning
Mode: aware (duration: 8.5s)
Aggression: 0.01
Flow: direction=-0.16, x_offset=9.5
Light position (normalized): x=0.47, z=0.40
Almost-engaged: False, strategy: none
Person zone: active

=== Engagement at 2026-03-04 08:43:54 ===
Hour: 8, Period: morning
Mode: aware (duration: 139.9s)
Aggression: 0.08
Flow: direction=-0.04, x_offset=2.4
Light position (normalized): x=0.63, z=0.45
Almost-engaged: False, strategy: none
Person zone: active

=== Engagement at 2026-03-04 08:43:55 ===
Hour: 8, Period: morning
Mode: engaged (duration: 0.8s)
Aggression: 0.02
Flow: direction=-0.05, x_offset=2.9
Light position (normalized): x=0.78, z=0.54
Almost-engaged: False, strategy: none
Person zone: active

=== Engagement at 2026-03-04 08:43:55 ===
Hour: 8, Period: morning
Mode: engaged (duration: 0.8s)
Aggression: 0.02
Flow: direction=-0.05, x_offset=2.9
Light position (normalized): x=0.78, z=0.54
Almost-engaged: False, strategy: none
Person zone: active

=== Engagement at 2026-03-04 08:43:59 ===
Hour: 8, Period: morning
Mode: engaged (duration: 4.6s)
Aggression: 0.01
Flow: direction=-0.11, x_offset=6.6
Light position (normalized): x=0.86, z=0.43
Almost-engaged: False, strategy: none
Person zone: active

=== Engagement at 2026-03-04 08:44:24 ===
Hour: 8, Period: morning
Mode: aware (duration: 17.3s)
Aggression: 0.03
Flow: direction=-0.66, x_offset=39.5
Light position (normalized): x=0.46, z=0.37
Almost-engaged: False, strategy: none
Person zone: active

=== Engagement at 2026-03-04 08:44:24 ===
Hour: 8, Period: morning
Mode: aware (duration: 17.3s)
Aggression: 0.03
Flow: direction=-0.66, x_offset=39.5
Light position (normalized): x=0.46, z=0.37
Almost-engaged: False, strategy: none
Person zone: active

=== Engagement at 2026-03-04 08:45:09 ===
Hour: 8, Period: morning
Mode: aware (duration: 31.0s)
Aggression: 0.03
Flow: direction=-0.10, x_offset=5.9
Light position (normalized): x=0.49, z=0.35
Almost-engaged: False, strategy: none
Person zone: active

=== Engagement at 2026-03-04 08:45:38 ===
Hour: 8, Period: morning
Mode: aware (duration: 16.6s)
Aggression: 0.01
Flow: direction=-0.39, x_offset=23.2
Light position (normalized): x=0.74, z=0.36
Almost-engaged: False, strategy: none
Person zone: active

=== Engagement at 2026-03-04 08:45:38 ===
Hour: 8, Period: morning
Mode: aware (duration: 16.6s)
Aggression: 0.01
Flow: direction=-0.39, x_offset=23.2
Light position (normalized): x=0.74, z=0.36
Almost-engaged: False, strategy: none
Person zone: active

=== Engagement at 2026-03-04 08:45:40 ===
Hour: 8, Period: morning
Mode: engaged (duration: 2.1s)
Aggression: 0.00
Flow: direction=-0.35, x_offset=21.1
Light position (normalized): x=0.75, z=0.52
Almost-engaged: False, strategy: none
Person zone: active

=== Engagement at 2026-03-04 08:45:40 ===
Hour: 8, Period: morning
Mode: engaged (duration: 2.1s)
Aggression: 0.00
Flow: direction=-0.35, x_offset=21.1
Light position (normalized): x=0.75, z=0.52
Almost-engaged: False, strategy: none
Person zone: active

=== Engagement at 2026-03-04 08:45:46 ===
Hour: 8, Period: morning
Mode: engaged (duration: 8.0s)
Aggression: 0.02
Flow: direction=-0.52, x_offset=31.3
Light position (normalized): x=0.39, z=0.59
Almost-engaged: False, strategy: none
Person zone: active

=== Engagement at 2026-03-04 08:46:02 ===
Hour: 8, Period: morning
Mode: aware (duration: 10.1s)
Aggression: 0.02
Flow: direction=-0.88, x_offset=52.6
Light position (normalized): x=0.50, z=0.46
Almost-engaged: False, strategy: none
Person zone: active

=== Engagement at 2026-03-04 08:46:02 ===
Hour: 8, Period: morning
Mode: aware (duration: 10.1s)
Aggression: 0.02
Flow: direction=-0.88, x_offset=52.6
Light position (normalized): x=0.50, z=0.46
Almost-engaged: False, strategy: none
Person zone: active

=== Engagement at 2026-03-04 08:46:40 ===
Hour: 8, Period: morning
Mode: aware (duration: 25.1s)
Aggression: 0.01
Flow: direction=-0.06, x_offset=3.4
Light position (normalized): x=0.50, z=0.49
Almost-engaged: False, strategy: none
Person zone: active

=== Engagement at 2026-03-04 08:46:40 ===
Hour: 8, Period: morning
Mode: aware (duration: 25.1s)
Aggression: 0.01
Flow: direction=-0.06, x_offset=3.4
Light position (normalized): x=0.50, z=0.49
Almost-engaged: False, strategy: none
Person zone: active

=== Engagement at 2026-03-04 08:47:14 ===
Hour: 8, Period: morning
Mode: aware (duration: 20.6s)
Aggression: 0.02
Flow: direction=0.42, x_offset=-25.3
Light position (normalized): x=0.05, z=0.21
Almost-engaged: False, strategy: none
Person zone: active

=== Engagement at 2026-03-04 08:47:14 ===
Hour: 8, Period: morning
Mode: aware (duration: 20.6s)
Aggression: 0.02
Flow: direction=0.42, x_offset=-25.3
Light position (normalized): x=0.05, z=0.21
Almost-engaged: False, strategy: none
Person zone: active

=== Engagement at 2026-03-04 08:47:15 ===
Hour: 8, Period: morning
Mode: engaged (duration: 1.1s)
Aggression: 0.00
Flow: direction=0.42, x_offset=-25.2
Light position (normalized): x=0.90, z=0.57
Almost-engaged: False, strategy: none
Person zone: active

=== Engagement at 2026-03-04 08:47:15 ===
Hour: 8, Period: morning
Mode: engaged (duration: 1.1s)
Aggression: 0.00
Flow: direction=0.42, x_offset=-25.2
Light position (normalized): x=0.90, z=0.57
Almost-engaged: False, strategy: none
Person zone: active

=== Engagement at 2026-03-04 08:47:18 ===
Hour: 8, Period: morning
Mode: engaged (duration: 4.7s)
Aggression: 0.00
Flow: direction=0.42, x_offset=-25.2
Light position (normalized): x=0.72, z=0.32
Almost-engaged: False, strategy: none
Person zone: active

=== Engagement at 2026-03-04 08:47:18 ===
Hour: 8, Period: morning
Mode: engaged (duration: 4.7s)
Aggression: 0.00
Flow: direction=0.42, x_offset=-25.2
Light position (normalized): x=0.72, z=0.32
Almost-engaged: False, strategy: none
Person zone: active

=== Engagement at 2026-03-04 08:47:19 ===
Hour: 8, Period: morning
Mode: engaged (duration: 5.4s)
Aggression: 0.00
Flow: direction=0.34, x_offset=-20.3
Light position (normalized): x=0.88, z=0.29
Almost-engaged: False, strategy: none
Person zone: active

=== Engagement at 2026-03-04 08:47:19 ===
Hour: 8, Period: morning
Mode: engaged (duration: 5.4s)
Aggression: 0.00
Flow: direction=0.34, x_offset=-20.3
Light position (normalized): x=0.88, z=0.29
Almost-engaged: False, strategy: none
Person zone: active

=== Engagement at 2026-03-04 08:47:41 ===
Hour: 8, Period: morning
Mode: aware (duration: 14.3s)
Aggression: 0.02
Flow: direction=-0.42, x_offset=25.2
Light position (normalized): x=0.13, z=0.12
Almost-engaged: False, strategy: none
Person zone: active

=== Engagement at 2026-03-04 08:47:41 ===
Hour: 8, Period: morning
Mode: aware (duration: 14.3s)
Aggression: 0.02
Flow: direction=-0.42, x_offset=25.2
Light position (normalized): x=0.13, z=0.12
Almost-engaged: False, strategy: none
Person zone: active

=== Engagement at 2026-03-04 08:49:01 ===
Hour: 8, Period: morning
Mode: flow (duration: 23.3s)
Aggression: 0.03
Flow: direction=-0.95, x_offset=56.8
Light position (normalized): x=0.29, z=0.34
Almost-engaged: False, strategy: none
Person zone: active

=== Engagement at 2026-03-04 08:49:01 ===
Hour: 8, Period: morning
Mode: engaged (duration: 0.5s)
Aggression: 0.01
Flow: direction=-0.95, x_offset=56.8
Light position (normalized): x=0.36, z=0.36
Almost-engaged: False, strategy: none
Person zone: active

=== Engagement at 2026-03-04 08:49:01 ===
Hour: 8, Period: morning
Mode: engaged (duration: 0.5s)
Aggression: 0.01
Flow: direction=-0.95, x_offset=56.8
Light position (normalized): x=0.36, z=0.36
Almost-engaged: False, strategy: none
Person zone: active

=== Engagement at 2026-03-04 08:49:03 ===
Hour: 8, Period: morning
Mode: engaged (duration: 2.7s)
Aggression: 0.00
Flow: direction=-0.94, x_offset=56.3
Light position (normalized): x=0.62, z=0.48
Almost-engaged: False, strategy: none
Person zone: active

=== Engagement at 2026-03-04 08:50:08 ===
Hour: 8, Period: morning
Mode: aware (duration: 54.7s)
Aggression: 0.04
Flow: direction=-0.13, x_offset=7.8
Light position (normalized): x=0.59, z=0.42
Almost-engaged: False, strategy: none
Person zone: active

=== Engagement at 2026-03-04 08:50:33 ===
Hour: 8, Period: morning
Mode: aware (duration: 11.2s)
Aggression: 0.02
Flow: direction=0.39, x_offset=-23.7
Light position (normalized): x=0.45, z=0.26
Almost-engaged: False, strategy: none
Person zone: active

=== Engagement at 2026-03-04 08:50:34 ===
Hour: 8, Period: morning
Mode: engaged (duration: 0.8s)
Aggression: 0.00
Flow: direction=0.39, x_offset=-23.7
Light position (normalized): x=0.85, z=0.10
Almost-engaged: False, strategy: none
Person zone: active

=== Engagement at 2026-03-04 08:50:34 ===
Hour: 8, Period: morning
Mode: engaged (duration: 0.8s)
Aggression: 0.00
Flow: direction=0.39, x_offset=-23.7
Light position (normalized): x=0.85, z=0.10
Almost-engaged: False, strategy: none
Person zone: active

=== Engagement at 2026-03-04 08:50:39 ===
Hour: 8, Period: morning
Mode: engaged (duration: 5.8s)
Aggression: 0.01
Flow: direction=0.19, x_offset=-11.5
Light position (normalized): x=0.37, z=0.50
Almost-engaged: False, strategy: none
Person zone: active

=== Engagement at 2026-03-04 08:50:39 ===
Hour: 8, Period: morning
Mode: engaged (duration: 5.8s)
Aggression: 0.01
Flow: direction=0.19, x_offset=-11.5
Light position (normalized): x=0.37, z=0.50
Almost-engaged: False, strategy: none
Person zone: active

=== Engagement at 2026-03-04 08:50:39 ===
Hour: 8, Period: morning
Mode: engaged (duration: 6.7s)
Aggression: 0.00
Flow: direction=0.19, x_offset=-11.5
Light position (normalized): x=0.89, z=0.31
Almost-engaged: False, strategy: none
Person zone: active

=== Engagement at 2026-03-04 08:50:39 ===
Hour: 8, Period: morning
Mode: engaged (duration: 6.7s)
Aggression: 0.00
Flow: direction=0.19, x_offset=-11.5
Light position (normalized): x=0.89, z=0.31
Almost-engaged: False, strategy: none
Person zone: active

=== Engagement at 2026-03-04 08:52:18 ===
Hour: 8, Period: morning
Mode: aware (duration: 92.5s)
Aggression: 0.08
Flow: direction=-0.14, x_offset=8.6
Light position (normalized): x=0.74, z=0.25
Almost-engaged: False, strategy: none
Person zone: active

=== Engagement at 2026-03-04 08:53:24 ===
Hour: 8, Period: morning
Mode: aware (duration: 52.5s)
Aggression: 0.04
Flow: direction=0.29, x_offset=-17.6
Light position (normalized): x=0.84, z=0.45
Almost-engaged: False, strategy: none
Person zone: active

=== Engagement at 2026-03-04 08:53:57 ===
Hour: 8, Period: morning
Mode: aware (duration: 20.1s)
Aggression: 0.03
Flow: direction=-0.03, x_offset=0.4
Light position (normalized): x=0.07, z=0.21
Almost-engaged: False, strategy: none
Person zone: active

=== Engagement at 2026-03-04 08:53:59 ===
Hour: 8, Period: morning
Mode: engaged (duration: 1.9s)
Aggression: 0.00
Flow: direction=-0.04, x_offset=2.5
Light position (normalized): x=0.46, z=0.30
Almost-engaged: False, strategy: none
Person zone: active

=== Engagement at 2026-03-04 08:54:01 ===
Hour: 8, Period: morning
Mode: engaged (duration: 3.4s)
Aggression: 0.00
Flow: direction=-0.15, x_offset=9.1
Light position (normalized): x=0.74, z=0.44
Almost-engaged: False, strategy: none
Person zone: active

=== Engagement at 2026-03-04 08:54:02 ===
Hour: 8, Period: morning
Mode: engaged (duration: 4.7s)
Aggression: 0.00
Flow: direction=-0.25, x_offset=14.9
Light position (normalized): x=0.76, z=0.53
Almost-engaged: False, strategy: none
Person zone: active

=== Engagement at 2026-03-04 08:55:37 ===
Hour: 8, Period: morning
Mode: aware (duration: 87.1s)
Aggression: 0.07
Flow: direction=0.08, x_offset=-4.6
Light position (normalized): x=0.31, z=0.32
Almost-engaged: False, strategy: none
Person zone: active

=== Engagement at 2026-03-04 08:55:37 ===
Hour: 8, Period: morning
Mode: aware (duration: 87.1s)
Aggression: 0.07
Flow: direction=0.08, x_offset=-4.6
Light position (normalized): x=0.31, z=0.32
Almost-engaged: False, strategy: none
Person zone: active

=== Engagement at 2026-03-04 08:56:15 ===
Hour: 8, Period: morning
Mode: aware (duration: 25.0s)
Aggression: 0.03
Flow: direction=-0.76, x_offset=45.4
Light position (normalized): x=0.49, z=0.16
Almost-engaged: False, strategy: none
Person zone: active

=== Engagement at 2026-03-04 08:56:50 ===
Hour: 8, Period: morning
Mode: aware (duration: 21.0s)
Aggression: 0.02
Flow: direction=-0.45, x_offset=27.0
Light position (normalized): x=0.43, z=0.25
Almost-engaged: False, strategy: none
Person zone: active

=== Engagement at 2026-03-04 08:56:50 ===
Hour: 8, Period: morning
Mode: aware (duration: 21.0s)
Aggression: 0.02
Flow: direction=-0.45, x_offset=27.0
Light position (normalized): x=0.43, z=0.25
Almost-engaged: False, strategy: none
Person zone: active

=== Engagement at 2026-03-04 08:57:19 ===
Hour: 8, Period: morning
Mode: aware (duration: 15.9s)
Aggression: 0.02
Flow: direction=-0.57, x_offset=34.0
Light position (normalized): x=0.67, z=0.30
Almost-engaged: False, strategy: none
Person zone: active

=== Engagement at 2026-03-04 08:57:19 ===
Hour: 8, Period: morning
Mode: aware (duration: 15.9s)
Aggression: 0.02
Flow: direction=-0.57, x_offset=34.0
Light position (normalized): x=0.67, z=0.30
Almost-engaged: False, strategy: none
Person zone: active

=== Engagement at 2026-03-04 08:57:22 ===
Hour: 8, Period: morning
Mode: engaged (duration: 3.7s)
Aggression: 0.01
Flow: direction=-0.70, x_offset=41.8
Light position (normalized): x=0.86, z=0.29
Almost-engaged: False, strategy: none
Person zone: active

=== Engagement at 2026-03-04 08:58:21 ===
Hour: 8, Period: morning
Mode: aware (duration: 48.9s)
Aggression: 0.04
Flow: direction=0.20, x_offset=-12.0
Light position (normalized): x=0.77, z=0.33
Almost-engaged: False, strategy: none
Person zone: active

=== Engagement at 2026-03-04 08:58:21 ===
Hour: 8, Period: morning
Mode: aware (duration: 48.9s)
Aggression: 0.04
Flow: direction=0.20, x_offset=-12.0
Light position (normalized): x=0.77, z=0.33
Almost-engaged: False, strategy: none
Person zone: active

=== Engagement at 2026-03-04 08:58:53 ===
Hour: 8, Period: morning
Mode: aware (duration: 19.6s)
Aggression: 0.02
Flow: direction=0.36, x_offset=-21.3
Light position (normalized): x=0.33, z=0.36
Almost-engaged: False, strategy: none
Person zone: active

=== Engagement at 2026-03-04 08:58:57 ===
Hour: 8, Period: morning
Mode: engaged (duration: 3.7s)
Aggression: 0.00
Flow: direction=0.47, x_offset=-28.3
Light position (normalized): x=0.35, z=0.52
Almost-engaged: False, strategy: none
Person zone: active

=== Engagement at 2026-03-04 08:59:02 ===
Hour: 8, Period: morning
Mode: engaged (duration: 8.3s)
Aggression: 0.01
Flow: direction=0.43, x_offset=-25.8
Light position (normalized): x=0.34, z=0.15
Almost-engaged: False, strategy: none
Person zone: active

=== Engagement at 2026-03-04 08:59:02 ===
Hour: 8, Period: morning
Mode: engaged (duration: 8.3s)
Aggression: 0.01
Flow: direction=0.43, x_offset=-25.8
Light position (normalized): x=0.34, z=0.15
Almost-engaged: False, strategy: none
Person zone: active

=== Engagement at 2026-03-04 08:59:04 ===
Hour: 8, Period: morning
Mode: engaged (duration: 11.1s)
Aggression: 0.00
Flow: direction=0.33, x_offset=-19.8
Light position (normalized): x=0.80, z=0.27
Almost-engaged: False, strategy: none
Person zone: active

=== Engagement at 2026-03-04 08:59:05 ===
Hour: 8, Period: morning
Mode: engaged (duration: 11.5s)
Aggression: 0.00
Flow: direction=0.33, x_offset=-19.8
Light position (normalized): x=0.82, z=0.18
Almost-engaged: False, strategy: none
Person zone: active

=== Engagement at 2026-03-04 08:59:05 ===
Hour: 8, Period: morning
Mode: engaged (duration: 11.5s)
Aggression: 0.00
Flow: direction=0.33, x_offset=-19.8
Light position (normalized): x=0.82, z=0.18
Almost-engaged: False, strategy: none
Person zone: active

=== Engagement at 2026-03-04 08:59:50 ===
Hour: 8, Period: morning
Mode: aware (duration: 38.0s)
Aggression: 0.02
Flow: direction=-0.69, x_offset=41.2
Light position (normalized): x=0.53, z=0.25
Almost-engaged: False, strategy: none
Person zone: active

=== Engagement at 2026-03-04 08:59:50 ===
Hour: 8, Period: morning
Mode: aware (duration: 38.0s)
Aggression: 0.02
Flow: direction=-0.69, x_offset=41.2
Light position (normalized): x=0.53, z=0.25
Almost-engaged: False, strategy: none
Person zone: active

=== Engagement at 2026-03-04 09:00:09 ===
Hour: 9, Period: morning
Mode: aware (duration: 6.0s)
Aggression: 0.01
Flow: direction=-0.30, x_offset=12.8
Light position (normalized): x=0.60, z=0.33
Almost-engaged: False, strategy: none
Person zone: active

=== Engagement at 2026-03-04 09:00:35 ===
Hour: 9, Period: morning
Mode: aware (duration: 12.8s)
Aggression: 0.02
Flow: direction=-0.30, x_offset=18.0
Light position (normalized): x=0.81, z=0.27
Almost-engaged: False, strategy: none
Person zone: active

=== Engagement at 2026-03-04 09:00:35 ===
Hour: 9, Period: morning
Mode: aware (duration: 12.8s)
Aggression: 0.02
Flow: direction=-0.30, x_offset=18.0
Light position (normalized): x=0.81, z=0.27
Almost-engaged: False, strategy: none
Person zone: active

=== Engagement at 2026-03-04 09:00:39 ===
Hour: 9, Period: morning
Mode: engaged (duration: 3.6s)
Aggression: 0.01
Flow: direction=-0.46, x_offset=27.4
Light position (normalized): x=0.82, z=0.19
Almost-engaged: False, strategy: none
Person zone: active

=== Engagement at 2026-03-04 09:00:39 ===
Hour: 9, Period: morning
Mode: engaged (duration: 3.6s)
Aggression: 0.01
Flow: direction=-0.46, x_offset=27.4
Light position (normalized): x=0.82, z=0.19
Almost-engaged: False, strategy: none
Person zone: active

=== Engagement at 2026-03-04 09:00:46 ===
Hour: 9, Period: morning
Mode: engaged (duration: 10.7s)
Aggression: 0.01
Flow: direction=-0.55, x_offset=33.0
Light position (normalized): x=0.49, z=0.32
Almost-engaged: False, strategy: none
Person zone: active

=== Engagement at 2026-03-04 09:02:03 ===
Hour: 9, Period: morning
Mode: aware (duration: 71.7s)
Aggression: 0.04
Flow: direction=-0.79, x_offset=47.5
Light position (normalized): x=0.39, z=0.17
Almost-engaged: False, strategy: none
Person zone: active

=== Engagement at 2026-03-04 09:02:03 ===
Hour: 9, Period: morning
Mode: aware (duration: 71.7s)
Aggression: 0.04
Flow: direction=-0.79, x_offset=47.5
Light position (normalized): x=0.39, z=0.17
Almost-engaged: False, strategy: none
Person zone: active

=== Engagement at 2026-03-04 09:02:16 ===
Hour: 9, Period: morning
Mode: engaged (duration: 12.3s)
Aggression: 0.01
Flow: direction=-0.98, x_offset=58.5
Light position (normalized): x=0.61, z=0.48
Almost-engaged: False, strategy: none
Person zone: active

=== Engagement at 2026-03-04 09:02:16 ===
Hour: 9, Period: morning
Mode: engaged (duration: 12.3s)
Aggression: 0.01
Flow: direction=-0.98, x_offset=58.5
Light position (normalized): x=0.61, z=0.48
Almost-engaged: False, strategy: none
Person zone: active

=== Engagement at 2026-03-04 09:02:18 ===
Hour: 9, Period: morning
Mode: engaged (duration: 14.8s)
Aggression: 0.01
Flow: direction=-0.98, x_offset=58.8
Light position (normalized): x=0.90, z=0.36
Almost-engaged: False, strategy: none
Person zone: active

=== Engagement at 2026-03-04 09:02:21 ===
Hour: 9, Period: morning
Mode: engaged (duration: 18.1s)
Aggression: 0.00
Flow: direction=-0.87, x_offset=52.1
Light position (normalized): x=0.83, z=0.26
Almost-engaged: False, strategy: none
Person zone: active

=== Engagement at 2026-03-04 09:02:25 ===
Hour: 9, Period: morning
Mode: engaged (duration: 21.6s)
Aggression: 0.01
Flow: direction=-0.79, x_offset=47.7
Light position (normalized): x=0.58, z=0.26
Almost-engaged: False, strategy: none
Person zone: active

=== Engagement at 2026-03-04 09:02:25 ===
Hour: 9, Period: morning
Mode: engaged (duration: 21.6s)
Aggression: 0.01
Flow: direction=-0.79, x_offset=47.7
Light position (normalized): x=0.58, z=0.26
Almost-engaged: False, strategy: none
Person zone: active

=== Engagement at 2026-03-04 09:03:56 ===
Hour: 9, Period: morning
Mode: flow (duration: 17.1s)
Aggression: 0.03
Flow: direction=-0.90, x_offset=53.9
Light position (normalized): x=0.53, z=0.27
Almost-engaged: False, strategy: none
Person zone: active

=== Engagement at 2026-03-04 09:03:56 ===
Hour: 9, Period: morning
Mode: flow (duration: 17.1s)
Aggression: 0.03
Flow: direction=-0.90, x_offset=53.9
Light position (normalized): x=0.53, z=0.27
Almost-engaged: False, strategy: none
Person zone: active

=== Engagement at 2026-03-04 09:03:59 ===
Hour: 9, Period: morning
Mode: engaged (duration: 3.4s)
Aggression: 0.00
Flow: direction=-0.87, x_offset=52.1
Light position (normalized): x=0.88, z=0.31
Almost-engaged: False, strategy: none
Person zone: active

=== Engagement at 2026-03-04 09:03:59 ===
Hour: 9, Period: morning
Mode: engaged (duration: 3.4s)
Aggression: 0.00
Flow: direction=-0.87, x_offset=52.1
Light position (normalized): x=0.88, z=0.31
Almost-engaged: False, strategy: none
Person zone: active

=== Engagement at 2026-03-04 09:05:00 ===
Hour: 9, Period: morning
Mode: aware (duration: 51.5s)
Aggression: 0.03
Flow: direction=-0.47, x_offset=28.0
Light position (normalized): x=0.80, z=0.20
Almost-engaged: False, strategy: none
Person zone: active

=== Engagement at 2026-03-04 09:05:00 ===
Hour: 9, Period: morning
Mode: aware (duration: 51.5s)
Aggression: 0.03
Flow: direction=-0.47, x_offset=28.0
Light position (normalized): x=0.80, z=0.20
Almost-engaged: False, strategy: none
Person zone: active

=== Engagement at 2026-03-04 09:05:04 ===
Hour: 9, Period: morning
Mode: engaged (duration: 3.2s)
Aggression: 0.00
Flow: direction=-0.48, x_offset=28.6
Light position (normalized): x=0.44, z=0.36
Almost-engaged: False, strategy: none
Person zone: active

=== Engagement at 2026-03-04 09:06:32 ===
Hour: 9, Period: morning
Mode: aware (duration: 78.3s)
Aggression: 0.06
Flow: direction=0.97, x_offset=-58.0
Light position (normalized): x=0.10, z=0.43
Almost-engaged: False, strategy: none
Person zone: active

=== Engagement at 2026-03-04 09:09:32 ===
Hour: 9, Period: morning
Mode: flow (duration: 32.6s)
Aggression: 0.07
Flow: direction=-0.73, x_offset=43.5
Light position (normalized): x=0.32, z=0.34
Almost-engaged: False, strategy: none
Person zone: active

=== Engagement at 2026-03-04 09:09:34 ===
Hour: 9, Period: morning
Mode: engaged (duration: 2.0s)
Aggression: 0.00
Flow: direction=-0.33, x_offset=19.7
Light position (normalized): x=0.90, z=0.21
Almost-engaged: False, strategy: none
Person zone: active

=== Engagement at 2026-03-04 09:09:34 ===
Hour: 9, Period: morning
Mode: engaged (duration: 2.0s)
Aggression: 0.00
Flow: direction=-0.33, x_offset=19.7
Light position (normalized): x=0.90, z=0.21
Almost-engaged: False, strategy: none
Person zone: active

=== Engagement at 2026-03-04 09:10:29 ===
Hour: 9, Period: morning
Mode: aware (duration: 44.2s)
Aggression: 0.03
Flow: direction=-0.36, x_offset=21.6
Light position (normalized): x=0.80, z=0.18
Almost-engaged: False, strategy: none
Person zone: active

=== Engagement at 2026-03-04 09:10:33 ===
Hour: 9, Period: morning
Mode: engaged (duration: 3.5s)
Aggression: 0.00
Flow: direction=-0.25, x_offset=15.0
Light position (normalized): x=0.68, z=0.10
Almost-engaged: False, strategy: none
Person zone: active

=== Engagement at 2026-03-04 09:10:33 ===
Hour: 9, Period: morning
Mode: engaged (duration: 3.5s)
Aggression: 0.00
Flow: direction=-0.25, x_offset=15.0
Light position (normalized): x=0.68, z=0.10
Almost-engaged: False, strategy: none
Person zone: active

=== Engagement at 2026-03-04 09:10:39 ===
Hour: 9, Period: morning
Mode: engaged (duration: 10.2s)
Aggression: 0.01
Flow: direction=-0.50, x_offset=30.0
Light position (normalized): x=0.62, z=0.35
Almost-engaged: False, strategy: none
Person zone: active

=== Engagement at 2026-03-04 09:10:40 ===
Hour: 9, Period: morning
Mode: engaged (duration: 10.5s)
Aggression: 0.00
Flow: direction=-0.50, x_offset=30.0
Light position (normalized): x=0.59, z=0.34
Almost-engaged: False, strategy: none
Person zone: active

=== Engagement at 2026-03-04 09:10:42 ===
Hour: 9, Period: morning
Mode: engaged (duration: 13.0s)
Aggression: 0.00
Flow: direction=-0.62, x_offset=37.3
Light position (normalized): x=0.82, z=0.23
Almost-engaged: False, strategy: none
Person zone: active

=== Engagement at 2026-03-04 09:10:42 ===
Hour: 9, Period: morning
Mode: engaged (duration: 13.0s)
Aggression: 0.00
Flow: direction=-0.62, x_offset=37.3
Light position (normalized): x=0.82, z=0.23
Almost-engaged: False, strategy: none
Person zone: active

=== Engagement at 2026-03-04 09:10:45 ===
Hour: 9, Period: morning
Mode: engaged (duration: 15.9s)
Aggression: 0.00
Flow: direction=-0.78, x_offset=46.9
Light position (normalized): x=0.89, z=0.58
Almost-engaged: False, strategy: none
Person zone: active

=== Engagement at 2026-03-04 09:10:45 ===
Hour: 9, Period: morning
Mode: engaged (duration: 15.9s)
Aggression: 0.00
Flow: direction=-0.78, x_offset=46.9
Light position (normalized): x=0.89, z=0.58
Almost-engaged: False, strategy: none
Person zone: active

=== Engagement at 2026-03-04 09:10:48 ===
Hour: 9, Period: morning
Mode: engaged (duration: 18.5s)
Aggression: 0.00
Flow: direction=-0.87, x_offset=52.1
Light position (normalized): x=0.59, z=0.50
Almost-engaged: False, strategy: none
Person zone: active

=== Engagement at 2026-03-04 09:10:48 ===
Hour: 9, Period: morning
Mode: engaged (duration: 18.5s)
Aggression: 0.00
Flow: direction=-0.87, x_offset=52.1
Light position (normalized): x=0.59, z=0.50
Almost-engaged: False, strategy: none
Person zone: active

=== Engagement at 2026-03-04 09:11:11 ===
Hour: 9, Period: morning
Mode: aware (duration: 18.2s)
Aggression: 0.03
Flow: direction=-0.59, x_offset=35.2
Light position (normalized): x=0.38, z=0.36
Almost-engaged: False, strategy: none
Person zone: active

=== Engagement at 2026-03-04 09:11:11 ===
Hour: 9, Period: morning
Mode: aware (duration: 18.2s)
Aggression: 0.03
Flow: direction=-0.59, x_offset=35.2
Light position (normalized): x=0.38, z=0.36
Almost-engaged: False, strategy: none
Person zone: active

=== Engagement at 2026-03-04 09:12:57 ===
Hour: 9, Period: morning
Mode: aware (duration: 14.1s)
Aggression: 0.05
Flow: direction=-0.72, x_offset=43.3
Light position (normalized): x=0.54, z=0.35
Almost-engaged: False, strategy: none
Person zone: active

=== Engagement at 2026-03-04 09:12:57 ===
Hour: 9, Period: morning
Mode: aware (duration: 14.1s)
Aggression: 0.05
Flow: direction=-0.72, x_offset=43.3
Light position (normalized): x=0.54, z=0.35
Almost-engaged: False, strategy: none
Person zone: active

=== Engagement at 2026-03-04 09:13:12 ===
Hour: 9, Period: morning
Mode: aware (duration: 1.4s)
Aggression: 0.01
Flow: direction=-0.31, x_offset=18.6
Light position (normalized): x=0.54, z=0.30
Almost-engaged: False, strategy: none
Person zone: active

=== Engagement at 2026-03-04 09:13:12 ===
Hour: 9, Period: morning
Mode: aware (duration: 1.4s)
Aggression: 0.01
Flow: direction=-0.31, x_offset=18.6
Light position (normalized): x=0.54, z=0.30
Almost-engaged: False, strategy: none
Person zone: active

=== Engagement at 2026-03-04 09:13:59 ===
Hour: 9, Period: morning
Mode: flow (duration: 17.6s)
Aggression: 0.02
Flow: direction=-0.50, x_offset=30.2
Light position (normalized): x=0.65, z=0.25
Almost-engaged: False, strategy: none
Person zone: active

=== Engagement at 2026-03-04 09:14:09 ===
Hour: 9, Period: morning
Mode: engaged (duration: 9.5s)
Aggression: 0.01
Flow: direction=-0.67, x_offset=40.3
Light position (normalized): x=0.45, z=0.41
Almost-engaged: False, strategy: none
Person zone: active

=== Engagement at 2026-03-04 09:14:09 ===
Hour: 9, Period: morning
Mode: engaged (duration: 9.5s)
Aggression: 0.01
Flow: direction=-0.67, x_offset=40.3
Light position (normalized): x=0.45, z=0.41
Almost-engaged: False, strategy: none
Person zone: active

=== Engagement at 2026-03-04 09:14:59 ===
Hour: 9, Period: morning
Mode: aware (duration: 44.3s)
Aggression: 0.02
Flow: direction=0.21, x_offset=-12.8
Light position (normalized): x=0.65, z=0.21
Almost-engaged: False, strategy: none
Person zone: active

=== Engagement at 2026-03-04 09:14:59 ===
Hour: 9, Period: morning
Mode: aware (duration: 44.3s)
Aggression: 0.02
Flow: direction=0.21, x_offset=-12.8
Light position (normalized): x=0.65, z=0.21
Almost-engaged: False, strategy: none
Person zone: active

=== Engagement at 2026-03-04 09:15:33 ===
Hour: 9, Period: morning
Mode: flow (duration: 15.7s)
Aggression: 0.01
Flow: direction=-0.14, x_offset=8.2
Light position (normalized): x=0.46, z=0.40
Almost-engaged: False, strategy: none
Person zone: active

=== Engagement at 2026-03-04 09:16:37 ===
Hour: 9, Period: morning
Mode: flow (duration: 21.5s)
Aggression: 0.02
Flow: direction=-0.12, x_offset=7.4
Light position (normalized): x=0.13, z=0.41
Almost-engaged: False, strategy: none
Person zone: active

=== Engagement at 2026-03-04 09:16:45 ===
Hour: 9, Period: morning
Mode: engaged (duration: 7.9s)
Aggression: 0.01
Flow: direction=0.38, x_offset=-23.0
Light position (normalized): x=0.45, z=0.41
Almost-engaged: False, strategy: none
Person zone: active

=== Engagement at 2026-03-04 09:16:45 ===
Hour: 9, Period: morning
Mode: engaged (duration: 7.9s)
Aggression: 0.01
Flow: direction=0.38, x_offset=-23.0
Light position (normalized): x=0.45, z=0.41
Almost-engaged: False, strategy: none
Person zone: active

=== Engagement at 2026-03-04 09:17:26 ===
Hour: 9, Period: morning
Mode: aware (duration: 16.4s)
Aggression: 0.03
Flow: direction=0.07, x_offset=-4.4
Light position (normalized): x=0.11, z=0.29
Almost-engaged: False, strategy: none
Person zone: active

=== Engagement at 2026-03-04 09:17:26 ===
Hour: 9, Period: morning
Mode: aware (duration: 16.4s)
Aggression: 0.03
Flow: direction=0.07, x_offset=-4.4
Light position (normalized): x=0.11, z=0.29
Almost-engaged: False, strategy: none
Person zone: active

=== Engagement at 2026-03-04 09:17:30 ===
Hour: 9, Period: morning
Mode: engaged (duration: 4.4s)
Aggression: 0.00
Flow: direction=-0.14, x_offset=8.5
Light position (normalized): x=0.53, z=0.42
Almost-engaged: False, strategy: none
Person zone: active

=== Engagement at 2026-03-04 09:17:30 ===
Hour: 9, Period: morning
Mode: engaged (duration: 4.4s)
Aggression: 0.00
Flow: direction=-0.14, x_offset=8.5
Light position (normalized): x=0.53, z=0.42
Almost-engaged: False, strategy: none
Person zone: active

=== Engagement at 2026-03-04 09:17:30 ===
Hour: 9, Period: morning
Mode: engaged (duration: 4.8s)
Aggression: 0.00
Flow: direction=-0.14, x_offset=8.5
Light position (normalized): x=0.52, z=0.40
Almost-engaged: False, strategy: none
Person zone: active

=== Engagement at 2026-03-04 09:17:55 ===
Hour: 9, Period: morning
Mode: aware (duration: 16.4s)
Aggression: 0.01
Flow: direction=-0.40, x_offset=24.0
Light position (normalized): x=0.06, z=0.40
Almost-engaged: False, strategy: none
Person zone: active

=== Engagement at 2026-03-04 09:17:55 ===
Hour: 9, Period: morning
Mode: aware (duration: 16.4s)
Aggression: 0.01
Flow: direction=-0.40, x_offset=24.0
Light position (normalized): x=0.06, z=0.40
Almost-engaged: False, strategy: none
Person zone: active

=== Engagement at 2026-03-04 09:18:55 ===
Hour: 9, Period: morning
Mode: aware (duration: 46.6s)
Aggression: 0.03
Flow: direction=0.57, x_offset=-34.0
Light position (normalized): x=0.79, z=0.39
Almost-engaged: False, strategy: none
Person zone: active

=== Engagement at 2026-03-04 09:18:55 ===
Hour: 9, Period: morning
Mode: aware (duration: 46.6s)
Aggression: 0.03
Flow: direction=0.57, x_offset=-34.0
Light position (normalized): x=0.79, z=0.39
Almost-engaged: False, strategy: none
Person zone: active

=== Engagement at 2026-03-04 09:20:35 ===
Hour: 9, Period: morning
Mode: aware (duration: 37.4s)
Aggression: 0.04
Flow: direction=-0.28, x_offset=17.0
Light position (normalized): x=0.87, z=0.33
Almost-engaged: False, strategy: none
Person zone: active

=== Engagement at 2026-03-04 09:21:46 ===
Hour: 9, Period: morning
Mode: flow (duration: 1.2s)
Aggression: 0.03
Flow: direction=0.01, x_offset=-0.7
Light position (normalized): x=0.85, z=0.16
Almost-engaged: False, strategy: none
Person zone: active

=== Engagement at 2026-03-04 09:22:37 ===
Hour: 9, Period: morning
Mode: aware (duration: 9.6s)
Aggression: 0.04
Flow: direction=-0.58, x_offset=34.9
Light position (normalized): x=0.79, z=0.30
Almost-engaged: False, strategy: none
Person zone: active

=== Engagement at 2026-03-04 09:23:26 ===
Hour: 9, Period: morning
Mode: aware (duration: 35.3s)
Aggression: 0.02
Flow: direction=-0.69, x_offset=41.4
Light position (normalized): x=0.76, z=0.31
Almost-engaged: False, strategy: none
Person zone: active

=== Engagement at 2026-03-04 09:23:26 ===
Hour: 9, Period: morning
Mode: aware (duration: 35.3s)
Aggression: 0.02
Flow: direction=-0.69, x_offset=41.4
Light position (normalized): x=0.76, z=0.31
Almost-engaged: False, strategy: none
Person zone: active

=== Engagement at 2026-03-04 09:23:28 ===
Hour: 9, Period: morning
Mode: engaged (duration: 2.1s)
Aggression: 0.00
Flow: direction=-0.83, x_offset=49.5
Light position (normalized): x=0.90, z=0.63
Almost-engaged: False, strategy: none
Person zone: active

=== Engagement at 2026-03-04 09:24:01 ===
Hour: 9, Period: morning
Mode: aware (duration: 22.0s)
Aggression: 0.03
Flow: direction=0.54, x_offset=-32.4
Light position (normalized): x=0.08, z=0.29
Almost-engaged: False, strategy: none
Person zone: active

=== Engagement at 2026-03-04 09:24:21 ===
Hour: 9, Period: morning
Mode: aware (duration: 6.9s)
Aggression: 0.02
Flow: direction=-0.24, x_offset=14.6
Light position (normalized): x=0.10, z=0.33
Almost-engaged: False, strategy: none
Person zone: active

=== Engagement at 2026-03-04 09:25:41 ===
Hour: 9, Period: morning
Mode: flow (duration: 48.7s)
Aggression: 0.03
Flow: direction=0.02, x_offset=-1.1
Light position (normalized): x=0.45, z=0.42
Almost-engaged: False, strategy: none
Person zone: active

=== Engagement at 2026-03-04 09:25:51 ===
Hour: 9, Period: morning
Mode: engaged (duration: 10.8s)
Aggression: 0.00
Flow: direction=-0.07, x_offset=4.2
Light position (normalized): x=0.39, z=0.46
Almost-engaged: False, strategy: none
Person zone: active

=== Engagement at 2026-03-04 09:25:51 ===
Hour: 9, Period: morning
Mode: engaged (duration: 10.8s)
Aggression: 0.00
Flow: direction=-0.07, x_offset=4.2
Light position (normalized): x=0.39, z=0.46
Almost-engaged: False, strategy: none
Person zone: active

=== Engagement at 2026-03-04 09:27:18 ===
Hour: 9, Period: morning
Mode: flow (duration: 59.6s)
Aggression: 0.04
Flow: direction=0.49, x_offset=-29.6
Light position (normalized): x=0.68, z=0.50
Almost-engaged: False, strategy: none
Person zone: active

=== Engagement at 2026-03-04 09:28:59 ===
Hour: 9, Period: morning
Mode: flow (duration: 41.1s)
Aggression: 0.03
Flow: direction=0.05, x_offset=-2.8
Light position (normalized): x=0.16, z=0.29
Almost-engaged: False, strategy: none
Person zone: active

=== Engagement at 2026-03-04 09:29:01 ===
Hour: 9, Period: morning
Mode: engaged (duration: 1.8s)
Aggression: 0.00
Flow: direction=0.08, x_offset=-4.7
Light position (normalized): x=0.59, z=0.39
Almost-engaged: False, strategy: none
Person zone: active

=== Engagement at 2026-03-04 09:29:01 ===
Hour: 9, Period: morning
Mode: engaged (duration: 1.8s)
Aggression: 0.00
Flow: direction=0.08, x_offset=-4.7
Light position (normalized): x=0.59, z=0.39
Almost-engaged: False, strategy: none
Person zone: active

=== Engagement at 2026-03-04 09:30:33 ===
Hour: 9, Period: morning
Mode: flow (duration: 19.2s)
Aggression: 0.04
Flow: direction=0.11, x_offset=-6.6
Light position (normalized): x=0.53, z=0.24
Almost-engaged: False, strategy: none
Person zone: active

=== Engagement at 2026-03-04 09:30:45 ===
Hour: 9, Period: morning
Mode: engaged (duration: 12.1s)
Aggression: 0.01
Flow: direction=0.16, x_offset=-9.5
Light position (normalized): x=0.48, z=0.20
Almost-engaged: False, strategy: none
Person zone: active

=== Engagement at 2026-03-04 09:30:45 ===
Hour: 9, Period: morning
Mode: engaged (duration: 12.1s)
Aggression: 0.01
Flow: direction=0.16, x_offset=-9.5
Light position (normalized): x=0.48, z=0.20
Almost-engaged: False, strategy: none
Person zone: active

=== Engagement at 2026-03-04 09:36:02 ===
Hour: 9, Period: morning
Mode: flow (duration: 107.0s)
Aggression: 0.08
Flow: direction=0.04, x_offset=-2.7
Light position (normalized): x=0.49, z=0.22
Almost-engaged: False, strategy: none
Person zone: active

=== Engagement at 2026-03-04 09:36:02 ===
Hour: 9, Period: morning
Mode: flow (duration: 107.0s)
Aggression: 0.08
Flow: direction=0.04, x_offset=-2.7
Light position (normalized): x=0.49, z=0.22
Almost-engaged: False, strategy: none
Person zone: active

=== Engagement at 2026-03-04 09:36:02 ===
Hour: 9, Period: morning
Mode: engaged (duration: 0.2s)
Aggression: 0.05
Flow: direction=0.04, x_offset=-2.7
Light position (normalized): x=0.43, z=0.27
Almost-engaged: False, strategy: none
Person zone: active

=== Engagement at 2026-03-04 09:36:21 ===
Hour: 9, Period: morning
Mode: flow (duration: 6.0s)
Aggression: 0.01
Flow: direction=0.17, x_offset=-10.3
Light position (normalized): x=0.46, z=0.20
Almost-engaged: False, strategy: none
Person zone: active

=== Engagement at 2026-03-04 09:36:21 ===
Hour: 9, Period: morning
Mode: flow (duration: 6.0s)
Aggression: 0.01
Flow: direction=0.17, x_offset=-10.3
Light position (normalized): x=0.46, z=0.20
Almost-engaged: False, strategy: none
Person zone: active

=== Engagement at 2026-03-04 09:37:15 ===
Hour: 9, Period: morning
Mode: flow (duration: 7.5s)
Aggression: 0.02
Flow: direction=-0.08, x_offset=5.1
Light position (normalized): x=0.80, z=0.27
Almost-engaged: False, strategy: none
Person zone: active

=== Engagement at 2026-03-04 09:37:15 ===
Hour: 9, Period: morning
Mode: flow (duration: 7.5s)
Aggression: 0.02
Flow: direction=-0.08, x_offset=5.1
Light position (normalized): x=0.80, z=0.27
Almost-engaged: False, strategy: none
Person zone: active

=== Engagement at 2026-03-04 09:37:17 ===
Hour: 9, Period: morning
Mode: engaged (duration: 1.9s)
Aggression: 0.00
Flow: direction=-0.09, x_offset=5.5
Light position (normalized): x=0.87, z=0.28
Almost-engaged: False, strategy: none
Person zone: active

=== Engagement at 2026-03-04 09:37:17 ===
Hour: 9, Period: morning
Mode: engaged (duration: 1.9s)
Aggression: 0.00
Flow: direction=-0.09, x_offset=5.5
Light position (normalized): x=0.87, z=0.28
Almost-engaged: False, strategy: none
Person zone: active

=== Engagement at 2026-03-04 09:41:47 ===
Hour: 9, Period: morning
Mode: flow (duration: 66.7s)
Aggression: 0.09
Flow: direction=0.89, x_offset=-53.5
Light position (normalized): x=0.44, z=0.34
Almost-engaged: False, strategy: none
Person zone: active

=== Engagement at 2026-03-04 09:41:47 ===
Hour: 9, Period: morning
Mode: flow (duration: 66.7s)
Aggression: 0.09
Flow: direction=0.89, x_offset=-53.5
Light position (normalized): x=0.44, z=0.34
Almost-engaged: False, strategy: none
Person zone: active

=== Engagement at 2026-03-04 09:45:42 ===
Hour: 9, Period: morning
Mode: flow (duration: 51.5s)
Aggression: 0.07
Flow: direction=0.98, x_offset=-58.6
Light position (normalized): x=0.46, z=0.23
Almost-engaged: False, strategy: none
Person zone: active

=== Engagement at 2026-03-04 09:45:42 ===
Hour: 9, Period: morning
Mode: flow (duration: 51.5s)
Aggression: 0.07
Flow: direction=0.98, x_offset=-58.6
Light position (normalized): x=0.46, z=0.23
Almost-engaged: False, strategy: none
Person zone: active

=== Engagement at 2026-03-04 09:49:05 ===
Hour: 9, Period: morning
Mode: flow (duration: 104.4s)
Aggression: 0.06
Flow: direction=0.96, x_offset=-57.4
Light position (normalized): x=0.44, z=0.09
Almost-engaged: False, strategy: none
Person zone: active

=== Engagement at 2026-03-04 09:52:33 ===
Hour: 9, Period: morning
Mode: flow (duration: 312.9s)
Aggression: 0.10
Flow: direction=-0.80, x_offset=47.9
Light position (normalized): x=0.60, z=0.29
Almost-engaged: False, strategy: none
Person zone: active

=== Engagement at 2026-03-04 09:52:33 ===
Hour: 9, Period: morning
Mode: flow (duration: 312.9s)
Aggression: 0.10
Flow: direction=-0.80, x_offset=47.9
Light position (normalized): x=0.60, z=0.29
Almost-engaged: False, strategy: none
Person zone: active

=== Engagement at 2026-03-04 09:54:37 ===
Hour: 9, Period: morning
Mode: flow (duration: 66.8s)
Aggression: 0.04
Flow: direction=-0.95, x_offset=57.1
Light position (normalized): x=0.74, z=0.18
Almost-engaged: False, strategy: none
Person zone: active

=== Engagement at 2026-03-04 09:55:36 ===
Hour: 9, Period: morning
Mode: aware (duration: 10.9s)
Aggression: 0.02
Flow: direction=0.81, x_offset=-48.4
Light position (normalized): x=0.81, z=0.31
Almost-engaged: False, strategy: none
Person zone: active

=== Engagement at 2026-03-04 09:55:39 ===
Hour: 9, Period: morning
Mode: engaged (duration: 2.3s)
Aggression: 0.00
Flow: direction=0.84, x_offset=-50.3
Light position (normalized): x=0.78, z=0.19
Almost-engaged: False, strategy: none
Person zone: active

=== Engagement at 2026-03-04 09:55:39 ===
Hour: 9, Period: morning
Mode: engaged (duration: 2.3s)
Aggression: 0.00
Flow: direction=0.84, x_offset=-50.3
Light position (normalized): x=0.78, z=0.19
Almost-engaged: False, strategy: none
Person zone: active

=== Engagement at 2026-03-04 09:55:39 ===
Hour: 9, Period: morning
Mode: engaged (duration: 2.9s)
Aggression: 0.00
Flow: direction=0.86, x_offset=-51.5
Light position (normalized): x=0.80, z=0.28
Almost-engaged: False, strategy: none
Person zone: active

=== Engagement at 2026-03-04 09:55:39 ===
Hour: 9, Period: morning
Mode: engaged (duration: 2.9s)
Aggression: 0.00
Flow: direction=0.86, x_offset=-51.5
Light position (normalized): x=0.80, z=0.28
Almost-engaged: False, strategy: none
Person zone: active

=== Engagement at 2026-03-04 09:55:40 ===
Hour: 9, Period: morning
Mode: engaged (duration: 3.5s)
Aggression: 0.00
Flow: direction=0.86, x_offset=-51.5
Light position (normalized): x=0.85, z=0.43
Almost-engaged: False, strategy: none
Person zone: active

=== Engagement at 2026-03-04 09:55:40 ===
Hour: 9, Period: morning
Mode: engaged (duration: 3.5s)
Aggression: 0.00
Flow: direction=0.86, x_offset=-51.5
Light position (normalized): x=0.85, z=0.43
Almost-engaged: False, strategy: none
Person zone: active

=== Engagement at 2026-03-04 09:57:58 ===
Hour: 9, Period: morning
Mode: flow (duration: 65.7s)
Aggression: 0.05
Flow: direction=0.59, x_offset=-35.3
Light position (normalized): x=0.47, z=0.53
Almost-engaged: False, strategy: none
Person zone: active

=== Engagement at 2026-03-04 09:57:58 ===
Hour: 9, Period: morning
Mode: flow (duration: 65.7s)
Aggression: 0.05
Flow: direction=0.59, x_offset=-35.3
Light position (normalized): x=0.47, z=0.53
Almost-engaged: False, strategy: none
Person zone: active

=== Engagement at 2026-03-04 09:59:21 ===
Hour: 9, Period: morning
Mode: flow (duration: 48.1s)
Aggression: 0.03
Flow: direction=0.94, x_offset=-56.3
Light position (normalized): x=0.39, z=0.47
Almost-engaged: False, strategy: none
Person zone: active

=== Engagement at 2026-03-04 09:59:34 ===
Hour: 9, Period: morning
Mode: engaged (duration: 12.2s)
Aggression: 0.01
Flow: direction=1.00, x_offset=-59.7
Light position (normalized): x=0.82, z=0.56
Almost-engaged: False, strategy: none
Person zone: active

=== Engagement at 2026-03-04 09:59:34 ===
Hour: 9, Period: morning
Mode: engaged (duration: 12.2s)
Aggression: 0.01
Flow: direction=1.00, x_offset=-59.7
Light position (normalized): x=0.82, z=0.56
Almost-engaged: False, strategy: none
Person zone: active

=== Engagement at 2026-03-04 10:02:21 ===
Hour: 10, Period: morning
Mode: flow (duration: 31.4s)
Aggression: 0.07
Flow: direction=-0.87, x_offset=52.1
Light position (normalized): x=0.67, z=0.37
Almost-engaged: False, strategy: none
Person zone: active

=== Engagement at 2026-03-04 10:02:21 ===
Hour: 10, Period: morning
Mode: flow (duration: 31.4s)
Aggression: 0.07
Flow: direction=-0.87, x_offset=52.1
Light position (normalized): x=0.67, z=0.37
Almost-engaged: False, strategy: none
Person zone: active

=== Engagement at 2026-03-04 10:03:03 ===
Hour: 10, Period: morning
Mode: flow (duration: 29.2s)
Aggression: 0.01
Flow: direction=0.77, x_offset=-46.1
Light position (normalized): x=0.42, z=0.39
Almost-engaged: False, strategy: none
Person zone: active

=== Engagement at 2026-03-04 10:04:17 ===
Hour: 10, Period: morning
Mode: aware (duration: 12.8s)
Aggression: 0.04
Flow: direction=0.31, x_offset=-18.4
Light position (normalized): x=0.34, z=0.29
Almost-engaged: False, strategy: none
Person zone: active

=== Engagement at 2026-03-04 10:05:27 ===
Hour: 10, Period: morning
Mode: flow (duration: 52.9s)
Aggression: 0.03
Flow: direction=0.39, x_offset=-23.5
Light position (normalized): x=0.70, z=0.08
Almost-engaged: False, strategy: none
Person zone: active

=== Engagement at 2026-03-04 10:06:39 ===
Hour: 10, Period: morning
Mode: flow (duration: 14.3s)
Aggression: 0.02
Flow: direction=-0.36, x_offset=21.7
Light position (normalized): x=0.54, z=0.23
Almost-engaged: False, strategy: none
Person zone: active

=== Engagement at 2026-03-04 10:08:17 ===
Hour: 10, Period: morning
Mode: flow (duration: 85.6s)
Aggression: 0.02
Flow: direction=-0.44, x_offset=26.7
Light position (normalized): x=0.30, z=0.42
Almost-engaged: False, strategy: none
Person zone: active

=== Engagement at 2026-03-04 10:08:17 ===
Hour: 10, Period: morning
Mode: flow (duration: 85.6s)
Aggression: 0.02
Flow: direction=-0.44, x_offset=26.7
Light position (normalized): x=0.30, z=0.42
Almost-engaged: False, strategy: none
Person zone: active

=== Engagement at 2026-03-04 10:11:09 ===
Hour: 10, Period: morning
Mode: flow (duration: 47.8s)
Aggression: 0.03
Flow: direction=0.91, x_offset=-54.3
Light position (normalized): x=0.55, z=0.09
Almost-engaged: False, strategy: none
Person zone: active

=== Engagement at 2026-03-04 10:11:09 ===
Hour: 10, Period: morning
Mode: flow (duration: 47.8s)
Aggression: 0.03
Flow: direction=0.91, x_offset=-54.3
Light position (normalized): x=0.55, z=0.09
Almost-engaged: False, strategy: none
Person zone: active

=== Engagement at 2026-03-04 10:11:26 ===
Hour: 10, Period: morning
Mode: flow (duration: 4.0s)
Aggression: 0.01
Flow: direction=-0.29, x_offset=17.4
Light position (normalized): x=0.67, z=0.27
Almost-engaged: False, strategy: none
Person zone: active

=== Engagement at 2026-03-04 10:11:42 ===
Hour: 10, Period: morning
Mode: flow (duration: 20.0s)
Aggression: 0.01
Flow: direction=-0.88, x_offset=52.8
Light position (normalized): x=0.44, z=0.17
Almost-engaged: False, strategy: none
Person zone: active

=== Engagement at 2026-03-04 10:11:42 ===
Hour: 10, Period: morning
Mode: flow (duration: 20.0s)
Aggression: 0.01
Flow: direction=-0.88, x_offset=52.8
Light position (normalized): x=0.44, z=0.17
Almost-engaged: False, strategy: none
Person zone: active

=== Engagement at 2026-03-04 10:12:32 ===
Hour: 10, Period: morning
Mode: flow (duration: 36.4s)
Aggression: 0.01
Flow: direction=0.82, x_offset=-49.5
Light position (normalized): x=0.34, z=0.20
Almost-engaged: False, strategy: none
Person zone: active

=== Engagement at 2026-03-04 10:12:45 ===
Hour: 10, Period: morning
Mode: flow (duration: 0.3s)
Aggression: 0.00
Flow: direction=0.19, x_offset=-11.6
Light position (normalized): x=0.64, z=0.23
Almost-engaged: False, strategy: none
Person zone: active

=== Engagement at 2026-03-04 10:13:44 ===
Hour: 10, Period: morning
Mode: flow (duration: 59.5s)
Aggression: 0.01
Flow: direction=0.58, x_offset=-34.6
Light position (normalized): x=0.53, z=0.42
Almost-engaged: False, strategy: none
Person zone: active

=== Engagement at 2026-03-04 10:13:44 ===
Hour: 10, Period: morning
Mode: flow (duration: 59.5s)
Aggression: 0.01
Flow: direction=0.58, x_offset=-34.6
Light position (normalized): x=0.53, z=0.42
Almost-engaged: False, strategy: none
Person zone: active

=== Engagement at 2026-03-04 10:15:25 ===
Hour: 10, Period: morning
Mode: flow (duration: 87.1s)
Aggression: 0.03
Flow: direction=0.04, x_offset=-2.5
Light position (normalized): x=0.56, z=0.40
Almost-engaged: False, strategy: none
Person zone: active

=== Engagement at 2026-03-04 10:15:25 ===
Hour: 10, Period: morning
Mode: flow (duration: 87.1s)
Aggression: 0.03
Flow: direction=0.04, x_offset=-2.5
Light position (normalized): x=0.56, z=0.40
Almost-engaged: False, strategy: none
Person zone: active

=== Engagement at 2026-03-04 10:15:43 ===
Hour: 10, Period: morning
Mode: aware (duration: 0.9s)
Aggression: 0.02
Flow: direction=0.74, x_offset=-44.5
Light position (normalized): x=0.43, z=0.32
Almost-engaged: False, strategy: none
Person zone: active

=== Engagement at 2026-03-04 10:15:50 ===
Hour: 10, Period: morning
Mode: aware (duration: 8.0s)
Aggression: 0.00
Flow: direction=0.62, x_offset=-37.2
Light position (normalized): x=0.10, z=0.56
Almost-engaged: False, strategy: none
Person zone: active

=== Engagement at 2026-03-04 10:15:50 ===
Hour: 10, Period: morning
Mode: aware (duration: 8.0s)
Aggression: 0.00
Flow: direction=0.62, x_offset=-37.2
Light position (normalized): x=0.10, z=0.56
Almost-engaged: False, strategy: none
Person zone: active

=== Engagement at 2026-03-04 10:15:54 ===
Hour: 10, Period: morning
Mode: engaged (duration: 4.5s)
Aggression: 0.00
Flow: direction=0.50, x_offset=-29.9
Light position (normalized): x=0.64, z=0.43
Almost-engaged: False, strategy: none
Person zone: active

=== Engagement at 2026-03-04 10:15:54 ===
Hour: 10, Period: morning
Mode: engaged (duration: 4.5s)
Aggression: 0.00
Flow: direction=0.50, x_offset=-29.9
Light position (normalized): x=0.64, z=0.43
Almost-engaged: False, strategy: none
Person zone: active

=== Engagement at 2026-03-04 10:19:44 ===
Hour: 10, Period: morning
Mode: flow (duration: 111.9s)
Aggression: 0.05
Flow: direction=0.79, x_offset=-47.7
Light position (normalized): x=0.54, z=0.31
Almost-engaged: False, strategy: none
Person zone: active

=== Engagement at 2026-03-04 10:21:28 ===
Hour: 10, Period: morning
Mode: flow (duration: 12.8s)
Aggression: 0.02
Flow: direction=-0.99, x_offset=59.2
Light position (normalized): x=0.23, z=0.33
Almost-engaged: False, strategy: none
Person zone: active

=== Engagement at 2026-03-04 10:21:43 ===
Hour: 10, Period: morning
Mode: flow (duration: 1.7s)
Aggression: 0.00
Flow: direction=0.02, x_offset=-1.1
Light position (normalized): x=0.15, z=0.23
Almost-engaged: False, strategy: none
Person zone: active

=== Engagement at 2026-03-04 10:21:43 ===
Hour: 10, Period: morning
Mode: flow (duration: 1.7s)
Aggression: 0.00
Flow: direction=0.02, x_offset=-1.1
Light position (normalized): x=0.15, z=0.23
Almost-engaged: False, strategy: none
Person zone: active

=== Engagement at 2026-03-04 10:22:37 ===
Hour: 10, Period: morning
Mode: flow (duration: 41.3s)
Aggression: 0.02
Flow: direction=-0.91, x_offset=54.7
Light position (normalized): x=0.37, z=0.19
Almost-engaged: False, strategy: none
Person zone: active

=== Engagement at 2026-03-04 10:23:02 ===
Hour: 10, Period: morning
Mode: flow (duration: 7.7s)
Aggression: 0.01
Flow: direction=-0.61, x_offset=36.7
Light position (normalized): x=0.26, z=0.22
Almost-engaged: False, strategy: none
Person zone: active

=== Engagement at 2026-03-04 10:25:25 ===
Hour: 10, Period: morning
Mode: idle (duration: 11.5s)
Aggression: 0.04
Flow: direction=0.17, x_offset=-12.0
Light position (normalized): x=0.51, z=0.38
Almost-engaged: False, strategy: none
Person zone: active

=== Engagement at 2026-03-04 10:25:47 ===
Hour: 10, Period: morning
Mode: aware (duration: 5.2s)
Aggression: 0.02
Flow: direction=-0.24, x_offset=14.5
Light position (normalized): x=0.60, z=0.59
Almost-engaged: False, strategy: none
Person zone: active

=== Engagement at 2026-03-04 10:26:02 ===
Hour: 10, Period: morning
Mode: aware (duration: 1.9s)
Aggression: 0.00
Flow: direction=-0.39, x_offset=23.3
Light position (normalized): x=0.74, z=0.34
Almost-engaged: False, strategy: none
Person zone: active

=== Engagement at 2026-03-04 10:28:17 ===
Hour: 10, Period: morning
Mode: flow (duration: 92.3s)
Aggression: 0.04
Flow: direction=0.98, x_offset=-58.8
Light position (normalized): x=0.78, z=0.42
Almost-engaged: False, strategy: none
Person zone: active

=== Engagement at 2026-03-04 10:28:17 ===
Hour: 10, Period: morning
Mode: flow (duration: 92.3s)
Aggression: 0.04
Flow: direction=0.98, x_offset=-58.8
Light position (normalized): x=0.78, z=0.42
Almost-engaged: False, strategy: none
Person zone: active

=== Engagement at 2026-03-04 10:30:48 ===
Hour: 10, Period: morning
Mode: flow (duration: 137.6s)
Aggression: 0.05
Flow: direction=0.71, x_offset=-42.5
Light position (normalized): x=0.34, z=0.19
Almost-engaged: False, strategy: none
Person zone: active

=== Engagement at 2026-03-04 10:30:48 ===
Hour: 10, Period: morning
Mode: flow (duration: 137.6s)
Aggression: 0.05
Flow: direction=0.71, x_offset=-42.5
Light position (normalized): x=0.34, z=0.19
Almost-engaged: False, strategy: none
Person zone: active

=== Engagement at 2026-03-04 10:31:21 ===
Hour: 10, Period: morning
Mode: flow (duration: 19.9s)
Aggression: 0.01
Flow: direction=0.97, x_offset=-58.3
Light position (normalized): x=0.82, z=0.35
Almost-engaged: False, strategy: none
Person zone: active

=== Engagement at 2026-03-04 10:35:15 ===
Hour: 10, Period: morning
Mode: flow (duration: 64.6s)
Aggression: 0.05
Flow: direction=-0.80, x_offset=48.1
Light position (normalized): x=0.40, z=0.31
Almost-engaged: False, strategy: none
Person zone: active

=== Engagement at 2026-03-04 10:37:41 ===
Hour: 10, Period: morning
Mode: flow (duration: 18.1s)
Aggression: 0.03
Flow: direction=-0.73, x_offset=43.9
Light position (normalized): x=0.17, z=0.29
Almost-engaged: False, strategy: none
Person zone: active

=== Engagement at 2026-03-04 10:38:08 ===
Hour: 10, Period: morning
Mode: flow (duration: 13.4s)
Aggression: 0.00
Flow: direction=0.87, x_offset=-52.5
Light position (normalized): x=0.62, z=0.25
Almost-engaged: False, strategy: none
Person zone: active

=== Engagement at 2026-03-04 10:39:57 ===
Hour: 10, Period: morning
Mode: flow (duration: 122.9s)
Aggression: 0.04
Flow: direction=0.19, x_offset=-11.4
Light position (normalized): x=0.45, z=0.50
Almost-engaged: False, strategy: none
Person zone: active

=== Engagement at 2026-03-04 10:41:24 ===
Hour: 10, Period: morning
Mode: idle (duration: 42.9s)
Aggression: 0.01
Flow: direction=0.98, x_offset=-58.6
Light position (normalized): x=0.59, z=0.44
Almost-engaged: False, strategy: none
Person zone: active

=== Engagement at 2026-03-04 10:41:24 ===
Hour: 10, Period: morning
Mode: idle (duration: 42.9s)
Aggression: 0.01
Flow: direction=0.98, x_offset=-58.6
Light position (normalized): x=0.59, z=0.44
Almost-engaged: False, strategy: none
Person zone: active

=== Engagement at 2026-03-04 10:41:24 ===
Hour: 10, Period: morning
Mode: engaged (duration: 0.1s)
Aggression: 0.01
Flow: direction=0.98, x_offset=-58.6
Light position (normalized): x=0.62, z=0.45
Almost-engaged: False, strategy: none
Person zone: active

=== Engagement at 2026-03-04 10:46:58 ===
Hour: 10, Period: morning
Mode: flow (duration: 193.0s)
Aggression: 0.10
Flow: direction=0.26, x_offset=-18.7
Light position (normalized): x=0.38, z=0.20
Almost-engaged: False, strategy: none
Person zone: active

=== Engagement at 2026-03-04 10:47:15 ===
Hour: 10, Period: morning
Mode: flow (duration: 3.4s)
Aggression: 0.01
Flow: direction=0.04, x_offset=-2.1
Light position (normalized): x=0.45, z=0.53
Almost-engaged: False, strategy: none
Person zone: active

=== Engagement at 2026-03-04 10:47:15 ===
Hour: 10, Period: morning
Mode: flow (duration: 3.4s)
Aggression: 0.01
Flow: direction=0.04, x_offset=-2.1
Light position (normalized): x=0.45, z=0.53
Almost-engaged: False, strategy: none
Person zone: active

=== Engagement at 2026-03-04 10:49:17 ===
Hour: 10, Period: morning
Mode: flow (duration: 50.3s)
Aggression: 0.05
Flow: direction=0.78, x_offset=-46.7
Light position (normalized): x=0.29, z=0.38
Almost-engaged: False, strategy: none
Person zone: active

=== Engagement at 2026-03-04 10:49:17 ===
Hour: 10, Period: morning
Mode: flow (duration: 50.3s)
Aggression: 0.05
Flow: direction=0.78, x_offset=-46.7
Light position (normalized): x=0.29, z=0.38
Almost-engaged: False, strategy: none
Person zone: active

=== Engagement at 2026-03-04 10:50:18 ===
Hour: 10, Period: morning
Mode: aware (duration: 30.1s)
Aggression: 0.03
Flow: direction=-0.33, x_offset=19.6
Light position (normalized): x=0.04, z=0.51
Almost-engaged: False, strategy: none
Person zone: active

=== Engagement at 2026-03-04 10:51:19 ===
Hour: 10, Period: morning
Mode: flow (duration: 25.5s)
Aggression: 0.02
Flow: direction=0.45, x_offset=-27.2
Light position (normalized): x=0.28, z=0.18
Almost-engaged: False, strategy: none
Person zone: active

=== Engagement at 2026-03-04 10:51:19 ===
Hour: 10, Period: morning
Mode: flow (duration: 25.5s)
Aggression: 0.02
Flow: direction=0.45, x_offset=-27.2
Light position (normalized): x=0.28, z=0.18
Almost-engaged: False, strategy: none
Person zone: active

=== Engagement at 2026-03-04 10:53:14 ===
Hour: 10, Period: morning
Mode: flow (duration: 8.3s)
Aggression: 0.03
Flow: direction=0.69, x_offset=-41.1
Light position (normalized): x=0.52, z=0.35
Almost-engaged: False, strategy: none
Person zone: active

=== Engagement at 2026-03-04 10:54:10 ===
Hour: 10, Period: morning
Mode: aware (duration: 23.9s)
Aggression: 0.02
Flow: direction=-0.04, x_offset=2.6
Light position (normalized): x=0.09, z=0.49
Almost-engaged: False, strategy: none
Person zone: active

=== Engagement at 2026-03-04 10:54:10 ===
Hour: 10, Period: morning
Mode: aware (duration: 23.9s)
Aggression: 0.02
Flow: direction=-0.04, x_offset=2.6
Light position (normalized): x=0.09, z=0.49
Almost-engaged: False, strategy: none
Person zone: active

=== Engagement at 2026-03-04 10:58:21 ===
Hour: 10, Period: morning
Mode: flow (duration: 22.2s)
Aggression: 0.09
Flow: direction=0.77, x_offset=-46.3
Light position (normalized): x=0.39, z=0.30
Almost-engaged: False, strategy: none
Person zone: active

=== Engagement at 2026-03-04 10:58:26 ===
Hour: 10, Period: morning
Mode: engaged (duration: 5.6s)
Aggression: 0.01
Flow: direction=0.90, x_offset=-53.7
Light position (normalized): x=0.56, z=0.06
Almost-engaged: False, strategy: none
Person zone: active

=== Engagement at 2026-03-04 10:58:31 ===
Hour: 10, Period: morning
Mode: engaged (duration: 10.7s)
Aggression: 0.01
Flow: direction=0.70, x_offset=-41.7
Light position (normalized): x=0.46, z=0.54
Almost-engaged: False, strategy: none
Person zone: active

=== Engagement at 2026-03-04 11:01:14 ===
Hour: 11, Period: morning
Mode: flow (duration: 60.2s)
Aggression: 0.05
Flow: direction=0.82, x_offset=-49.2
Light position (normalized): x=0.58, z=0.49
Almost-engaged: False, strategy: none
Person zone: active

=== Engagement at 2026-03-04 11:01:14 ===
Hour: 11, Period: morning
Mode: flow (duration: 60.2s)
Aggression: 0.05
Flow: direction=0.82, x_offset=-49.2
Light position (normalized): x=0.58, z=0.49
Almost-engaged: False, strategy: none
Person zone: active

=== Engagement at 2026-03-04 11:01:27 ===
Hour: 11, Period: morning
Mode: engaged (duration: 13.0s)
Aggression: 0.01
Flow: direction=0.55, x_offset=-33.0
Light position (normalized): x=0.32, z=0.30
Almost-engaged: False, strategy: none
Person zone: active

=== Engagement at 2026-03-04 11:01:27 ===
Hour: 11, Period: morning
Mode: engaged (duration: 13.0s)
Aggression: 0.01
Flow: direction=0.55, x_offset=-33.0
Light position (normalized): x=0.32, z=0.30
Almost-engaged: False, strategy: none
Person zone: active

=== Engagement at 2026-03-04 11:04:33 ===
Hour: 11, Period: morning
Mode: flow (duration: 70.0s)
Aggression: 0.06
Flow: direction=0.27, x_offset=-6.4
Light position (normalized): x=0.75, z=0.24
Almost-engaged: False, strategy: none
Person zone: active

=== Engagement at 2026-03-04 11:04:33 ===
Hour: 11, Period: morning
Mode: flow (duration: 70.0s)
Aggression: 0.06
Flow: direction=0.27, x_offset=-6.4
Light position (normalized): x=0.75, z=0.24
Almost-engaged: False, strategy: none
Person zone: active

=== Engagement at 2026-03-04 11:05:11 ===
Hour: 11, Period: morning
Mode: flow (duration: 11.5s)
Aggression: 0.01
Flow: direction=0.96, x_offset=-57.3
Light position (normalized): x=0.63, z=0.30
Almost-engaged: False, strategy: none
Person zone: active

=== Engagement at 2026-03-04 11:05:40 ===
Hour: 11, Period: morning
Mode: flow (duration: 15.6s)
Aggression: 0.01
Flow: direction=-0.61, x_offset=36.6
Light position (normalized): x=0.56, z=0.14
Almost-engaged: False, strategy: none
Person zone: active

=== Engagement at 2026-03-04 11:09:12 ===
Hour: 11, Period: morning
Mode: flow (duration: 23.0s)
Aggression: 0.04
Flow: direction=0.22, x_offset=-13.0
Light position (normalized): x=0.51, z=0.16
Almost-engaged: False, strategy: none
Person zone: active

=== Engagement at 2026-03-04 11:09:12 ===
Hour: 11, Period: morning
Mode: flow (duration: 23.0s)
Aggression: 0.04
Flow: direction=0.22, x_offset=-13.0
Light position (normalized): x=0.51, z=0.16
Almost-engaged: False, strategy: none
Person zone: active

=== Engagement at 2026-03-04 11:09:50 ===
Hour: 11, Period: morning
Mode: aware (duration: 7.0s)
Aggression: 0.02
Flow: direction=-0.31, x_offset=18.3
Light position (normalized): x=0.83, z=0.34
Almost-engaged: False, strategy: none
Person zone: active

=== Engagement at 2026-03-04 11:09:50 ===
Hour: 11, Period: morning
Mode: engaged (duration: 0.1s)
Aggression: 0.02
Flow: direction=-0.25, x_offset=15.3
Light position (normalized): x=0.85, z=0.34
Almost-engaged: False, strategy: none
Person zone: active

=== Engagement at 2026-03-04 11:09:50 ===
Hour: 11, Period: morning
Mode: engaged (duration: 0.1s)
Aggression: 0.02
Flow: direction=-0.25, x_offset=15.3
Light position (normalized): x=0.85, z=0.34
Almost-engaged: False, strategy: none
Person zone: active

=== Engagement at 2026-03-04 11:13:01 ===
Hour: 11, Period: morning
Mode: flow (duration: 58.2s)
Aggression: 0.05
Flow: direction=0.61, x_offset=-43.9
Light position (normalized): x=0.50, z=0.28
Almost-engaged: False, strategy: none
Person zone: active

=== Engagement at 2026-03-04 11:14:15 ===
Hour: 11, Period: morning
Mode: idle (duration: 1.3s)
Aggression: 0.02
Flow: direction=-0.64, x_offset=46.0
Light position (normalized): x=0.14, z=0.09
Almost-engaged: False, strategy: none
Person zone: active

=== Engagement at 2026-03-04 11:15:19 ===
Hour: 11, Period: morning
Mode: flow (duration: 52.3s)
Aggression: 0.04
Flow: direction=0.95, x_offset=-57.0
Light position (normalized): x=0.68, z=0.30
Almost-engaged: False, strategy: none
Person zone: active

=== Engagement at 2026-03-04 11:17:47 ===
Hour: 11, Period: morning
Mode: flow (duration: 90.7s)
Aggression: 0.04
Flow: direction=-0.86, x_offset=51.6
Light position (normalized): x=0.13, z=0.48
Almost-engaged: False, strategy: none
Person zone: active

=== Engagement at 2026-03-04 11:18:28 ===
Hour: 11, Period: morning
Mode: flow (duration: 27.8s)
Aggression: 0.01
Flow: direction=0.81, x_offset=-48.9
Light position (normalized): x=0.65, z=0.27
Almost-engaged: False, strategy: none
Person zone: active

=== Engagement at 2026-03-04 11:18:31 ===
Hour: 11, Period: morning
Mode: engaged (duration: 2.7s)
Aggression: 0.00
Flow: direction=0.83, x_offset=-49.6
Light position (normalized): x=0.82, z=0.09
Almost-engaged: False, strategy: none
Person zone: active

=== Engagement at 2026-03-04 11:18:31 ===
Hour: 11, Period: morning
Mode: engaged (duration: 2.7s)
Aggression: 0.00
Flow: direction=0.83, x_offset=-49.6
Light position (normalized): x=0.82, z=0.09
Almost-engaged: False, strategy: none
Person zone: active

=== Engagement at 2026-03-04 11:23:05 ===
Hour: 11, Period: morning
Mode: aware (duration: 7.2s)
Aggression: 0.09
Flow: direction=-0.18, x_offset=10.8
Light position (normalized): x=0.69, z=0.30
Almost-engaged: False, strategy: none
Person zone: active

=== Engagement at 2026-03-04 11:23:05 ===
Hour: 11, Period: morning
Mode: aware (duration: 7.2s)
Aggression: 0.09
Flow: direction=-0.18, x_offset=10.8
Light position (normalized): x=0.69, z=0.30
Almost-engaged: False, strategy: none
Person zone: active

=== Engagement at 2026-03-04 11:23:38 ===
Hour: 11, Period: morning
Mode: aware (duration: 19.5s)
Aggression: 0.02
Flow: direction=-0.38, x_offset=22.8
Light position (normalized): x=0.81, z=0.45
Almost-engaged: False, strategy: none
Person zone: active

=== Engagement at 2026-03-04 11:23:38 ===
Hour: 11, Period: morning
Mode: aware (duration: 19.5s)
Aggression: 0.02
Flow: direction=-0.38, x_offset=22.8
Light position (normalized): x=0.81, z=0.45
Almost-engaged: False, strategy: none
Person zone: active

=== Engagement at 2026-03-04 11:24:15 ===
Hour: 11, Period: morning
Mode: flow (duration: 1.9s)
Aggression: 0.01
Flow: direction=-0.98, x_offset=58.6
Light position (normalized): x=0.77, z=0.50
Almost-engaged: False, strategy: none
Person zone: active

=== Engagement at 2026-03-04 11:24:15 ===
Hour: 11, Period: morning
Mode: flow (duration: 1.9s)
Aggression: 0.01
Flow: direction=-0.98, x_offset=58.6
Light position (normalized): x=0.77, z=0.50
Almost-engaged: False, strategy: none
Person zone: active

=== Engagement at 2026-03-04 11:24:31 ===
Hour: 11, Period: morning
Mode: aware (duration: 1.5s)
Aggression: 0.02
Flow: direction=-0.62, x_offset=37.3
Light position (normalized): x=0.38, z=0.43
Almost-engaged: False, strategy: none
Person zone: active

=== Engagement at 2026-03-04 11:28:32 ===
Hour: 11, Period: morning
Mode: flow (duration: 99.1s)
Aggression: 0.08
Flow: direction=0.71, x_offset=-42.3
Light position (normalized): x=0.59, z=0.54
Almost-engaged: False, strategy: none
Person zone: active

=== Engagement at 2026-03-04 11:30:04 ===
Hour: 11, Period: morning
Mode: flow (duration: 79.1s)
Aggression: 0.02
Flow: direction=-0.35, x_offset=36.1
Light position (normalized): x=0.18, z=0.11
Almost-engaged: False, strategy: none
Person zone: active

=== Engagement at 2026-03-04 11:34:21 ===
Hour: 11, Period: morning
Mode: flow (duration: 51.8s)
Aggression: 0.09
Flow: direction=0.31, x_offset=-18.7
Light position (normalized): x=0.48, z=0.35
Almost-engaged: False, strategy: none
Person zone: active

=== Engagement at 2026-03-04 11:34:34 ===
Hour: 11, Period: morning
Mode: engaged (duration: 12.4s)
Aggression: 0.00
Flow: direction=0.63, x_offset=-37.9
Light position (normalized): x=0.23, z=0.46
Almost-engaged: False, strategy: none
Person zone: active

=== Engagement at 2026-03-04 11:34:34 ===
Hour: 11, Period: morning
Mode: engaged (duration: 12.4s)
Aggression: 0.00
Flow: direction=0.63, x_offset=-37.9
Light position (normalized): x=0.23, z=0.46
Almost-engaged: False, strategy: none
Person zone: active

=== Engagement at 2026-03-04 11:34:51 ===
Hour: 11, Period: morning
Mode: aware (duration: 11.3s)
Aggression: 0.01
Flow: direction=0.67, x_offset=-40.3
Light position (normalized): x=0.16, z=0.38
Almost-engaged: False, strategy: none
Person zone: active

=== Engagement at 2026-03-04 11:38:55 ===
Hour: 11, Period: morning
Mode: flow (duration: 123.0s)
Aggression: 0.09
Flow: direction=0.96, x_offset=-57.8
Light position (normalized): x=0.53, z=0.45
Almost-engaged: False, strategy: none
Person zone: active

=== Engagement at 2026-03-04 11:40:13 ===
Hour: 11, Period: morning
Mode: flow (duration: 65.4s)
Aggression: 0.02
Flow: direction=0.53, x_offset=-32.0
Light position (normalized): x=0.39, z=0.30
Almost-engaged: False, strategy: none
Person zone: active

=== Engagement at 2026-03-04 11:40:13 ===
Hour: 11, Period: morning
Mode: flow (duration: 65.4s)
Aggression: 0.02
Flow: direction=0.53, x_offset=-32.0
Light position (normalized): x=0.39, z=0.30
Almost-engaged: False, strategy: none
Person zone: active

=== Engagement at 2026-03-04 11:40:25 ===
Hour: 11, Period: morning
Mode: engaged (duration: 11.7s)
Aggression: 0.00
Flow: direction=0.58, x_offset=-34.7
Light position (normalized): x=0.00, z=0.32
Almost-engaged: False, strategy: none
Person zone: active

=== Engagement at 2026-03-04 11:40:46 ===
Hour: 11, Period: morning
Mode: aware (duration: 11.8s)
Aggression: 0.01
Flow: direction=0.91, x_offset=-54.8
Light position (normalized): x=0.42, z=0.22
Almost-engaged: False, strategy: none
Person zone: active

=== Engagement at 2026-03-04 11:40:46 ===
Hour: 11, Period: morning
Mode: aware (duration: 11.8s)
Aggression: 0.01
Flow: direction=0.91, x_offset=-54.8
Light position (normalized): x=0.42, z=0.22
Almost-engaged: False, strategy: none
Person zone: active

=== Engagement at 2026-03-04 11:40:47 ===
Hour: 11, Period: morning
Mode: engaged (duration: 0.7s)
Aggression: 0.00
Flow: direction=0.91, x_offset=-54.8
Light position (normalized): x=0.18, z=0.49
Almost-engaged: False, strategy: none
Person zone: active

=== Engagement at 2026-03-04 11:40:47 ===
Hour: 11, Period: morning
Mode: engaged (duration: 0.9s)
Aggression: 0.00
Flow: direction=0.91, x_offset=-54.8
Light position (normalized): x=0.13, z=0.54
Almost-engaged: False, strategy: none
Person zone: active

=== Engagement at 2026-03-04 11:41:56 ===
Hour: 11, Period: morning
Mode: flow (duration: 22.7s)
Aggression: 0.02
Flow: direction=0.51, x_offset=-30.9
Light position (normalized): x=0.74, z=0.24
Almost-engaged: False, strategy: none
Person zone: active

=== Engagement at 2026-03-04 11:45:55 ===
Hour: 11, Period: morning
Mode: idle (duration: 1.6s)
Aggression: 0.01
Flow: direction=0.00, x_offset=0.0
Light position (normalized): x=0.58, z=0.55
Almost-engaged: False, strategy: none
Person zone: active

=== Engagement at 2026-03-04 11:46:22 ===
Hour: 11, Period: morning
Mode: flow (duration: 13.7s)
Aggression: 0.02
Flow: direction=0.20, x_offset=-12.1
Light position (normalized): x=0.64, z=0.53
Almost-engaged: False, strategy: none
Person zone: active

=== Engagement at 2026-03-04 11:49:30 ===
Hour: 11, Period: morning
Mode: flow (duration: 174.9s)
Aggression: 0.06
Flow: direction=0.58, x_offset=-7.8
Light position (normalized): x=0.73, z=0.37
Almost-engaged: False, strategy: none
Person zone: active

=== Engagement at 2026-03-04 11:51:22 ===
Hour: 11, Period: morning
Mode: flow (duration: 11.8s)
Aggression: 0.08
Flow: direction=0.35, x_offset=-21.0
Light position (normalized): x=0.39, z=0.09
Almost-engaged: False, strategy: none
Person zone: active

=== Engagement at 2026-03-04 11:52:48 ===
Hour: 11, Period: morning
Mode: flow (duration: 72.4s)
Aggression: 0.04
Flow: direction=-0.51, x_offset=30.4
Light position (normalized): x=0.67, z=0.54
Almost-engaged: False, strategy: none
Person zone: active

=== Engagement at 2026-03-04 11:53:44 ===
Hour: 11, Period: morning
Mode: aware (duration: 43.4s)
Aggression: 0.04
Flow: direction=0.91, x_offset=-54.4
Light position (normalized): x=0.58, z=0.24
Almost-engaged: False, strategy: none
Person zone: active

=== Engagement at 2026-03-04 11:54:34 ===
Hour: 11, Period: morning
Mode: aware (duration: 36.0s)
Aggression: 0.04
Flow: direction=0.99, x_offset=-59.3
Light position (normalized): x=0.42, z=0.61
Almost-engaged: False, strategy: none
Person zone: active

=== Engagement at 2026-03-04 11:55:44 ===
Hour: 11, Period: morning
Mode: flow (duration: 57.5s)
Aggression: 0.02
Flow: direction=-0.97, x_offset=58.2
Light position (normalized): x=0.31, z=0.20
Almost-engaged: False, strategy: none
Person zone: active

=== Engagement at 2026-03-04 11:55:44 ===
Hour: 11, Period: morning
Mode: flow (duration: 57.5s)
Aggression: 0.02
Flow: direction=-0.97, x_offset=58.2
Light position (normalized): x=0.31, z=0.20
Almost-engaged: False, strategy: none
Person zone: active

=== Engagement at 2026-03-04 11:55:46 ===
Hour: 11, Period: morning
Mode: engaged (duration: 2.0s)
Aggression: 0.00
Flow: direction=-0.97, x_offset=58.2
Light position (normalized): x=0.09, z=0.50
Almost-engaged: False, strategy: none
Person zone: active

=== Engagement at 2026-03-04 11:56:00 ===
Hour: 11, Period: morning
Mode: flow (duration: 2.7s)
Aggression: 0.03
Flow: direction=-0.42, x_offset=25.5
Light position (normalized): x=0.53, z=0.33
Almost-engaged: False, strategy: none
Person zone: active

=== Engagement at 2026-03-04 11:59:00 ===
Hour: 11, Period: morning
Mode: flow (duration: 23.3s)
Aggression: 0.09
Flow: direction=-0.43, x_offset=25.7
Light position (normalized): x=0.47, z=0.57
Almost-engaged: False, strategy: none
Person zone: active

=== Engagement at 2026-03-04 11:59:00 ===
Hour: 11, Period: morning
Mode: flow (duration: 23.3s)
Aggression: 0.09
Flow: direction=-0.43, x_offset=25.7
Light position (normalized): x=0.47, z=0.57
Almost-engaged: False, strategy: none
Person zone: active

=== Engagement at 2026-03-04 12:02:14 ===
Hour: 12, Period: afternoon
Mode: flow (duration: 66.7s)
Aggression: 0.23
Flow: direction=0.23, x_offset=-13.8
Light position (normalized): x=0.43, z=0.35
Almost-engaged: False, strategy: none
Person zone: active

=== Engagement at 2026-03-04 12:02:14 ===
Hour: 12, Period: afternoon
Mode: flow (duration: 66.7s)
Aggression: 0.23
Flow: direction=0.23, x_offset=-13.8
Light position (normalized): x=0.43, z=0.35
Almost-engaged: False, strategy: none
Person zone: active
