2026-02-03 17:13:34,909 - LightControllerV3 - INFO - Received signal 15, shutting down...
2026-02-03 17:13:34,913 - LightControllerV3 - INFO - Received signal 15, shutting down...
2026-02-03 17:13:34,935 - LightControllerV3 - INFO - Shutting down...
2026-02-03 17:13:34,940 - LightControllerV3 - INFO - Shutting down...
2026-02-03 17:13:37,433 - LightControllerV3 - INFO - Restored slider settings
2026-02-03 17:15:47,547 - LightControllerV3 - INFO - Shutting down...
2026-02-03 17:17:48,032 - LightControllerV3 - INFO - Restored slider settings
2026-02-03 17:20:56,849 - LightControllerV3 - INFO - Received signal 15, shutting down...
2026-02-03 17:20:56,850 - LightControllerV3 - INFO - Shutting down...
2026-02-03 17:20:59,370 - LightControllerV3 - INFO - Restored slider settings
2026-02-03 17:21:57,927 - LightControllerV3 - INFO - Shutting down...
2026-02-03 17:30:47,095 - LightControllerV3 - INFO - Restored slider settings
2026-02-03 17:30:58,293 - LightControllerV3 - INFO - Received signal 2, shutting down...
2026-02-03 17:30:58,293 - LightControllerV3 - INFO - Shutting down...
2026-02-03 17:31:27,435 - LightControllerV3 - INFO - OSC server listening on 0.0.0.0:7000
2026-02-03 17:31:27,439 - LightControllerV3 - INFO - Restored slider settings
2026-02-03 17:31:41,582 - V3Dev.tracking.osc_handler - INFO - 📥 OSC: 1 msgs, person 1 at (-126, 509), active=0, passive=1
2026-02-03 17:33:13,266 - LightControllerV3 - INFO - OSC server listening on 0.0.0.0:7000
2026-02-03 17:33:13,269 - LightControllerV3 - INFO - Restored slider settings
2026-02-03 17:33:15,306 - V3Dev.tracking.osc_handler - INFO - 📥 OSC: 201 msgs, person 48 at (45, 192), active=0, passive=1
2026-02-03 17:33:17,309 - V3Dev.tracking.osc_handler - INFO - 📥 OSC: 163 msgs, person 48 at (45, 192), active=0, passive=1
2026-02-03 17:33:19,311 - V3Dev.tracking.osc_handler - INFO - 📥 OSC: 205 msgs, person 48 at (97, 196), active=0, passive=0
2026-02-03 17:33:21,315 - V3Dev.tracking.osc_handler - INFO - 📥 OSC: 207 msgs, person 48 at (118, 197), active=0, passive=0
2026-02-03 17:33:23,320 - V3Dev.tracking.osc_handler - INFO - 📥 OSC: 218 msgs, person 48 at (126, 195), active=0, passive=1
2026-02-03 17:33:25,326 - V3Dev.tracking.osc_handler - INFO - 📥 OSC: 169 msgs, person 48 at (268, 162), active=0, passive=0
2026-02-03 17:33:27,326 - V3Dev.tracking.osc_handler - INFO - 📥 OSC: 205 msgs, person 55 at (-126, 327), active=0, passive=1
2026-02-03 17:33:29,327 - V3Dev.tracking.osc_handler - INFO - 📥 OSC: 154 msgs, person 48 at (295, 159), active=0, passive=1
2026-02-03 17:33:31,330 - V3Dev.tracking.osc_handler - INFO - 📥 OSC: 165 msgs, person 48 at (295, 159), active=0, passive=2
2026-02-03 17:33:33,336 - V3Dev.tracking.osc_handler - INFO - 📥 OSC: 185 msgs, person 48 at (171, 259), active=0, passive=1
2026-02-03 17:33:35,340 - V3Dev.tracking.osc_handler - INFO - 📥 OSC: 205 msgs, person 48 at (-124, 259), active=1, passive=0
2026-02-03 17:33:37,343 - V3Dev.tracking.osc_handler - INFO - 📥 OSC: 116 msgs, person 60 at (400, 334), active=0, passive=1
2026-02-03 17:33:39,347 - V3Dev.tracking.osc_handler - INFO - 📥 OSC: 109 msgs, person 61 at (208, 504), active=0, passive=0
2026-02-03 17:33:41,348 - V3Dev.tracking.osc_handler - INFO - 📥 OSC: 247 msgs, person 61 at (387, 504), active=0, passive=1
2026-02-03 17:33:43,351 - V3Dev.tracking.osc_handler - INFO - 📥 OSC: 268 msgs, person 63 at (338, 286), active=0, passive=1
2026-02-03 17:33:45,418 - V3Dev.tracking.osc_handler - INFO - 📥 OSC: 235 msgs, person 64 at (217, 187), active=0, passive=0
2026-02-03 17:33:47,424 - V3Dev.tracking.osc_handler - INFO - 📥 OSC: 260 msgs, person 64 at (281, 160), active=0, passive=2
2026-02-03 17:33:49,425 - V3Dev.tracking.osc_handler - INFO - 📥 OSC: 272 msgs, person 64 at (310, 148), active=0, passive=1
2026-02-03 17:33:51,431 - V3Dev.tracking.osc_handler - INFO - 📥 OSC: 261 msgs, person 64 at (310, 148), active=1, passive=1
2026-02-03 17:33:53,433 - V3Dev.tracking.osc_handler - INFO - 📥 OSC: 226 msgs, person 64 at (274, 157), active=1, passive=1
2026-02-03 17:33:55,435 - V3Dev.tracking.osc_handler - INFO - 📥 OSC: 182 msgs, person 64 at (206, 173), active=0, passive=2
2026-02-03 17:33:57,438 - V3Dev.tracking.osc_handler - INFO - 📥 OSC: 175 msgs, person 64 at (139, 189), active=0, passive=0
2026-02-03 17:33:59,443 - V3Dev.tracking.osc_handler - INFO - 📥 OSC: 204 msgs, person 64 at (78, 204), active=0, passive=0
2026-02-03 17:34:01,449 - V3Dev.tracking.osc_handler - INFO - 📥 OSC: 189 msgs, person 64 at (78, 204), active=0, passive=0
2026-02-03 17:34:03,485 - V3Dev.tracking.osc_handler - INFO - 📥 OSC: 180 msgs, person 64 at (53, 237), active=0, passive=1
2026-02-03 17:34:05,486 - V3Dev.tracking.osc_handler - INFO - 📥 OSC: 184 msgs, person 64 at (-133, 259), active=2, passive=0
2026-02-03 17:34:07,489 - V3Dev.tracking.osc_handler - INFO - 📥 OSC: 164 msgs, person 76 at (364, 319), active=0, passive=1
2026-02-03 17:34:09,522 - V3Dev.tracking.osc_handler - INFO - 📥 OSC: 133 msgs, person 79 at (46, 354), active=0, passive=1
2026-02-03 17:34:11,523 - V3Dev.tracking.osc_handler - INFO - 📥 OSC: 158 msgs, person 79 at (225, 355), active=0, passive=0
2026-02-03 17:34:13,524 - V3Dev.tracking.osc_handler - INFO - 📥 OSC: 207 msgs, person 79 at (401, 354), active=0, passive=0
2026-02-03 17:34:15,528 - V3Dev.tracking.osc_handler - INFO - 📥 OSC: 189 msgs, person 81 at (123, 164), active=0, passive=0
2026-02-03 17:34:17,531 - V3Dev.tracking.osc_handler - INFO - 📥 OSC: 171 msgs, person 81 at (107, 149), active=0, passive=1
2026-02-03 17:34:19,534 - V3Dev.tracking.osc_handler - INFO - 📥 OSC: 168 msgs, person 81 at (181, 166), active=0, passive=0
2026-02-03 17:34:21,569 - V3Dev.tracking.osc_handler - INFO - 📥 OSC: 182 msgs, person 81 at (246, 180), active=0, passive=0
2026-02-03 17:34:23,572 - V3Dev.tracking.osc_handler - INFO - 📥 OSC: 207 msgs, person 81 at (246, 180), active=0, passive=1
2026-02-03 17:34:25,575 - V3Dev.tracking.osc_handler - INFO - 📥 OSC: 229 msgs, person 81 at (224, 177), active=0, passive=1
2026-02-03 17:34:27,605 - V3Dev.tracking.osc_handler - INFO - 📥 OSC: 213 msgs, person 81 at (137, 163), active=0, passive=2
2026-02-03 17:34:29,607 - V3Dev.tracking.osc_handler - INFO - 📥 OSC: 163 msgs, person 81 at (67, 151), active=0, passive=1
2026-02-03 17:34:31,641 - V3Dev.tracking.osc_handler - INFO - 📥 OSC: 183 msgs, person 81 at (67, 151), active=1, passive=0
2026-02-03 17:34:33,672 - V3Dev.tracking.osc_handler - INFO - 📥 OSC: 219 msgs, person 81 at (86, 159), active=0, passive=0
2026-02-03 17:34:35,678 - V3Dev.tracking.osc_handler - INFO - 📥 OSC: 210 msgs, person 81 at (112, 155), active=0, passive=1
2026-02-03 17:34:37,679 - V3Dev.tracking.osc_handler - INFO - 📥 OSC: 201 msgs, person 81 at (201, 143), active=0, passive=2
2026-02-03 17:34:39,714 - V3Dev.tracking.osc_handler - INFO - 📥 OSC: 170 msgs, person 81 at (187, 190), active=0, passive=1
2026-02-03 17:34:41,747 - V3Dev.tracking.osc_handler - INFO - 📥 OSC: 256 msgs, person 81 at (62, 257), active=0, passive=1
2026-02-03 17:34:43,749 - V3Dev.tracking.osc_handler - INFO - 📥 OSC: 264 msgs, person 81 at (-135, 257), active=1, passive=2
2026-02-03 17:34:45,779 - V3Dev.tracking.osc_handler - INFO - 📥 OSC: 204 msgs, person 97 at (285, 157), active=0, passive=2
2026-02-03 17:34:47,781 - V3Dev.tracking.osc_handler - INFO - 📥 OSC: 177 msgs, person 97 at (285, 149), active=0, passive=0
2026-02-03 17:34:49,781 - V3Dev.tracking.osc_handler - INFO - 📥 OSC: 213 msgs, person 97 at (258, 153), active=0, passive=2
2026-02-03 17:34:49,883 - LightControllerV3 - INFO - Shutting down...
2026-02-03 17:40:06,495 - LightControllerV3 - INFO - OSC server listening on 0.0.0.0:7000
2026-02-03 17:40:06,498 - LightControllerV3 - INFO - Restored slider settings
2026-02-03 17:40:17,626 - V3Dev.tracking.osc_handler - INFO - 📥 OSC: 1 msgs, person 1 at (76, 499), active=0, passive=0
2026-02-03 17:40:19,633 - V3Dev.tracking.osc_handler - INFO - 📥 OSC: 53 msgs, person 1 at (-125, 498), active=0, passive=0
2026-02-03 17:40:21,634 - V3Dev.tracking.osc_handler - INFO - 📥 OSC: 106 msgs, person 1 at (-326, 496), active=0, passive=0
2026-02-03 17:40:23,674 - V3Dev.tracking.osc_handler - INFO - 📥 OSC: 125 msgs, person 2 at (30, 328), active=0, passive=1
2026-02-03 17:40:25,677 - V3Dev.tracking.osc_handler - INFO - 📥 OSC: 125 msgs, person 3 at (5, 428), active=0, passive=1
2026-02-03 17:40:27,679 - V3Dev.tracking.osc_handler - INFO - 📥 OSC: 125 msgs, person 5 at (-195, 346), active=0, passive=1
2026-02-03 17:40:29,684 - V3Dev.tracking.osc_handler - INFO - 📥 OSC: 107 msgs, person 5 at (-13, 345), active=0, passive=1
2026-02-03 17:40:31,687 - V3Dev.tracking.osc_handler - INFO - 📥 OSC: 140 msgs, person 6 at (-357, 517), active=0, passive=2
2026-02-03 17:40:33,690 - V3Dev.tracking.osc_handler - INFO - 📥 OSC: 116 msgs, person 7 at (-260, 425), active=0, passive=2
2026-02-03 17:40:35,690 - V3Dev.tracking.osc_handler - INFO - 📥 OSC: 152 msgs, person 8 at (61, 516), active=0, passive=1
2026-02-03 17:40:37,692 - V3Dev.tracking.osc_handler - INFO - 📥 OSC: 117 msgs, person 9 at (-384, 339), active=0, passive=1
2026-02-03 17:40:39,694 - V3Dev.tracking.osc_handler - INFO - 📥 OSC: 111 msgs, person 10 at (-39, 487), active=0, passive=2
2026-02-03 17:40:41,698 - V3Dev.tracking.osc_handler - INFO - 📥 OSC: 137 msgs, person 12 at (-178, 500), active=0, passive=1
2026-02-03 17:40:43,700 - V3Dev.tracking.osc_handler - INFO - 📥 OSC: 102 msgs, person 13 at (-166, 461), active=0, passive=1
2026-02-03 17:40:45,702 - V3Dev.tracking.osc_handler - INFO - 📥 OSC: 108 msgs, person 13 at (40, 461), active=0, passive=2
2026-02-03 17:40:47,740 - V3Dev.tracking.osc_handler - INFO - 📥 OSC: 177 msgs, person 14 at (-330, 364), active=1, passive=2
2026-02-03 17:40:49,778 - V3Dev.tracking.osc_handler - INFO - 📥 OSC: 156 msgs, person 16 at (-118, 179), active=1, passive=1
2026-02-03 17:40:51,808 - V3Dev.tracking.osc_handler - INFO - 📥 OSC: 159 msgs, person 16 at (-118, 206), active=1, passive=1
2026-02-03 17:40:53,841 - V3Dev.tracking.osc_handler - INFO - 📥 OSC: 167 msgs, person 16 at (-106, 157), active=1, passive=2
2026-02-03 17:40:55,846 - V3Dev.tracking.osc_handler - INFO - 📥 OSC: 182 msgs, person 16 at (-103, 141), active=1, passive=1
2026-02-03 17:40:57,851 - V3Dev.tracking.osc_handler - INFO - 📥 OSC: 161 msgs, person 16 at (-148, 138), active=1, passive=3
2026-02-03 17:40:59,852 - V3Dev.tracking.osc_handler - INFO - 📥 OSC: 178 msgs, person 16 at (-154, 137), active=1, passive=3
2026-02-03 17:41:01,887 - V3Dev.tracking.osc_handler - INFO - 📥 OSC: 204 msgs, person 16 at (-125, 221), active=1, passive=1
2026-02-03 17:41:03,889 - V3Dev.tracking.osc_handler - INFO - 📥 OSC: 154 msgs, person 16 at (-120, 237), active=1, passive=2
2026-02-03 17:41:05,894 - V3Dev.tracking.osc_handler - INFO - 📥 OSC: 146 msgs, person 16 at (-115, 244), active=1, passive=1
2026-02-03 17:41:07,895 - V3Dev.tracking.osc_handler - INFO - 📥 OSC: 166 msgs, person 16 at (74, 304), active=0, passive=2
2026-02-03 17:41:09,898 - V3Dev.tracking.osc_handler - INFO - 📥 OSC: 103 msgs, person 27 at (-47, 445), active=0, passive=2
2026-02-03 17:41:11,901 - V3Dev.tracking.osc_handler - INFO - 📥 OSC: 88 msgs, person 28 at (-72, 380), active=0, passive=1
2026-02-03 17:41:13,935 - V3Dev.tracking.osc_handler - INFO - 📥 OSC: 96 msgs, person 29 at (-201, 402), active=0, passive=1
2026-02-03 17:41:15,937 - V3Dev.tracking.osc_handler - INFO - 📥 OSC: 111 msgs, person 30 at (-180, 499), active=0, passive=2
2026-02-03 17:41:17,942 - V3Dev.tracking.osc_handler - INFO - 📥 OSC: 165 msgs, person 31 at (-246, 327), active=1, passive=1
2026-02-03 17:41:19,944 - V3Dev.tracking.osc_handler - INFO - 📥 OSC: 142 msgs, person 32 at (-173, 229), active=1, passive=1
2026-02-03 17:41:21,949 - V3Dev.tracking.osc_handler - INFO - 📥 OSC: 167 msgs, person 32 at (-91, 214), active=1, passive=3
2026-02-03 17:41:23,950 - V3Dev.tracking.osc_handler - INFO - 📥 OSC: 151 msgs, person 32 at (-91, 214), active=1, passive=1
2026-02-03 17:41:26,018 - V3Dev.tracking.osc_handler - INFO - 📥 OSC: 171 msgs, person 32 at (-173, 200), active=1, passive=2
2026-02-03 17:41:26,494 - LightControllerV3 - INFO - Shutting down...
2026-02-03 17:44:16,926 - LightControllerV3 - INFO - OSC server listening on 0.0.0.0:7000
2026-02-03 17:44:16,931 - LightControllerV3 - INFO - Restored slider settings
2026-02-03 17:45:11,362 - LightControllerV3 - INFO - OSC server listening on 0.0.0.0:7000
2026-02-03 17:45:11,363 - LightControllerV3 - INFO - Restored slider settings
2026-02-03 17:45:24,820 - V3Dev.tracking.osc_handler - INFO - 📥 OSC: 1 msgs, person 1 at (-377, 463), active=0, passive=0
2026-02-03 17:45:26,824 - V3Dev.tracking.osc_handler - INFO - 📥 OSC: 55 msgs, person 1 at (-182, 464), active=0, passive=1
2026-02-03 17:45:28,855 - V3Dev.tracking.osc_handler - INFO - 📥 OSC: 109 msgs, person 1 at (13, 463), active=0, passive=2
2026-02-03 17:45:30,857 - V3Dev.tracking.osc_handler - INFO - 📥 OSC: 117 msgs, person 3 at (-165, 316), active=0, passive=1
2026-02-03 17:45:32,889 - V3Dev.tracking.osc_handler - INFO - 📥 OSC: 106 msgs, person 3 at (45, 316), active=0, passive=1
2026-02-03 17:45:34,893 - V3Dev.tracking.osc_handler - INFO - 📥 OSC: 122 msgs, person 5 at (-85, 333), active=0, passive=1
2026-02-03 17:45:36,898 - V3Dev.tracking.osc_handler - INFO - 📥 OSC: 91 msgs, person 6 at (-91, 374), active=0, passive=1
2026-02-03 17:45:38,900 - V3Dev.tracking.osc_handler - INFO - 📥 OSC: 108 msgs, person 6 at (-253, 374), active=0, passive=2
2026-02-03 17:45:40,904 - V3Dev.tracking.osc_handler - INFO - 📥 OSC: 157 msgs, person 7 at (-329, 370), active=0, passive=2
2026-02-03 17:45:42,936 - V3Dev.tracking.osc_handler - INFO - 📥 OSC: 131 msgs, person 8 at (-27, 477), active=0, passive=2
2026-02-03 17:45:44,944 - V3Dev.tracking.osc_handler - INFO - 📥 OSC: 150 msgs, person 9 at (76, 410), active=0, passive=1
2026-02-03 17:45:46,945 - V3Dev.tracking.osc_handler - INFO - 📥 OSC: 110 msgs, person 11 at (-124, 511), active=0, passive=1
2026-02-03 17:45:48,948 - V3Dev.tracking.osc_handler - INFO - 📥 OSC: 107 msgs, person 12 at (-92, 437), active=0, passive=1
2026-02-03 17:45:50,948 - V3Dev.tracking.osc_handler - INFO - 📥 OSC: 96 msgs, person 13 at (-92, 440), active=0, passive=1
2026-02-03 17:45:52,949 - V3Dev.tracking.osc_handler - INFO - 📥 OSC: 100 msgs, person 14 at (-126, 399), active=0, passive=1
2026-02-03 17:45:54,950 - V3Dev.tracking.osc_handler - INFO - 📥 OSC: 159 msgs, person 15 at (-147, 440), active=1, passive=1
2026-02-03 17:45:56,983 - V3Dev.tracking.osc_handler - INFO - 📥 OSC: 163 msgs, person 15 at (-361, 441), active=1, passive=1
2026-02-03 17:45:58,987 - V3Dev.tracking.osc_handler - INFO - 📥 OSC: 158 msgs, person 16 at (-132, 187), active=1, passive=1
2026-02-03 17:46:01,021 - V3Dev.tracking.osc_handler - INFO - 📥 OSC: 142 msgs, person 16 at (-88, 122), active=1, passive=2
2026-02-03 17:46:03,023 - V3Dev.tracking.osc_handler - INFO - 📥 OSC: 150 msgs, person 16 at (-87, 178), active=1, passive=2
2026-02-03 17:46:05,057 - V3Dev.tracking.osc_handler - INFO - 📥 OSC: 141 msgs, person 16 at (-86, 216), active=1, passive=1
2026-02-03 17:46:07,057 - V3Dev.tracking.osc_handler - INFO - 📥 OSC: 160 msgs, person 16 at (-135, 184), active=1, passive=1
2026-02-03 17:46:09,061 - V3Dev.tracking.osc_handler - INFO - 📥 OSC: 161 msgs, person 16 at (-146, 211), active=1, passive=1
2026-02-03 17:46:11,091 - V3Dev.tracking.osc_handler - INFO - 📥 OSC: 148 msgs, person 16 at (-299, 300), active=0, passive=2
2026-02-03 17:46:13,099 - V3Dev.tracking.osc_handler - INFO - 📥 OSC: 140 msgs, person 25 at (-234, 436), active=0, passive=1
2026-02-03 17:46:15,131 - V3Dev.tracking.osc_handler - INFO - 📥 OSC: 97 msgs, person 26 at (-163, 426), active=0, passive=2
2026-02-03 17:46:17,134 - V3Dev.tracking.osc_handler - INFO - 📥 OSC: 115 msgs, person 26 at (-369, 426), active=0, passive=2
2026-02-03 17:46:19,166 - V3Dev.tracking.osc_handler - INFO - 📥 OSC: 108 msgs, person 28 at (-21, 419), active=0, passive=2
2026-02-03 17:46:21,168 - V3Dev.tracking.osc_handler - INFO - 📥 OSC: 84 msgs, person 29 at (-36, 488), active=0, passive=2
2026-02-03 17:46:23,169 - V3Dev.tracking.osc_handler - INFO - 📥 OSC: 96 msgs, person 30 at (-251, 481), active=0, passive=2
2026-02-03 17:46:25,169 - V3Dev.tracking.osc_handler - INFO - 📥 OSC: 145 msgs, person 31 at (-64, 373), active=1, passive=1
2026-02-03 17:46:27,172 - V3Dev.tracking.osc_handler - INFO - 📥 OSC: 149 msgs, person 32 at (-85, 148), active=1, passive=2
2026-02-03 17:46:29,204 - V3Dev.tracking.osc_handler - INFO - 📥 OSC: 169 msgs, person 32 at (-85, 148), active=1, passive=3
2026-02-03 17:46:31,207 - V3Dev.tracking.osc_handler - INFO - 📥 OSC: 178 msgs, person 32 at (-80, 138), active=1, passive=3
2026-02-03 17:46:33,240 - V3Dev.tracking.osc_handler - INFO - 📥 OSC: 203 msgs, person 32 at (-121, 198), active=1, passive=3
2026-02-03 17:46:35,240 - V3Dev.tracking.osc_handler - INFO - 📥 OSC: 177 msgs, person 37 at (-157, 462), active=1, passive=2
2026-02-03 17:46:37,271 - V3Dev.tracking.osc_handler - INFO - 📥 OSC: 170 msgs, person 32 at (-158, 263), active=1, passive=3
2026-02-03 17:46:39,301 - V3Dev.tracking.osc_handler - INFO - 📥 OSC: 189 msgs, person 32 at (-325, 302), active=0, passive=3
2026-02-03 17:46:41,306 - V3Dev.tracking.osc_handler - INFO - 📥 OSC: 140 msgs, person 40 at (-284, 413), active=0, passive=2
2026-02-03 17:46:43,306 - V3Dev.tracking.osc_handler - INFO - 📥 OSC: 88 msgs, person 41 at (-61, 460), active=0, passive=2
2026-02-03 17:46:45,311 - V3Dev.tracking.osc_handler - INFO - 📥 OSC: 100 msgs, person 42 at (-197, 373), active=0, passive=2
2026-02-03 17:46:47,344 - V3Dev.tracking.osc_handler - INFO - 📥 OSC: 118 msgs, person 43 at (-75, 478), active=0, passive=2
2026-02-03 17:46:49,347 - V3Dev.tracking.osc_handler - INFO - 📥 OSC: 107 msgs, person 44 at (-257, 353), active=0, passive=2
2026-02-03 17:46:51,348 - V3Dev.tracking.osc_handler - INFO - 📥 OSC: 99 msgs, person 45 at (-158, 435), active=0, passive=2
2026-02-03 17:46:53,350 - V3Dev.tracking.osc_handler - INFO - 📥 OSC: 134 msgs, person 45 at (-342, 435), active=0, passive=4
2026-02-03 17:46:55,036 - LightControllerV3 - INFO - Shutting down...
2026-02-03 17:49:19,834 - LightControllerV3 - INFO - OSC server listening on 0.0.0.0:7000
2026-02-03 17:49:19,859 - LightControllerV3 - INFO - Restored slider settings
2026-02-03 17:49:19,975 - LightControllerV3 - INFO - 🎯 active=0, passive=0, mode=idle
2026-02-03 17:49:25,144 - LightControllerV3 - INFO - 🎯 active=0, passive=0, mode=idle
2026-02-03 17:49:30,230 - LightControllerV3 - INFO - 🎯 active=0, passive=0, mode=idle
2026-02-03 17:49:35,310 - LightControllerV3 - INFO - 🎯 active=0, passive=0, mode=idle
2026-02-03 17:49:40,408 - LightControllerV3 - INFO - 🎯 active=0, passive=0, mode=idle
2026-02-03 17:49:45,482 - LightControllerV3 - INFO - 🎯 active=0, passive=0, mode=idle
2026-02-03 17:49:50,564 - LightControllerV3 - INFO - 🎯 active=0, passive=0, mode=idle
2026-02-03 17:49:55,662 - LightControllerV3 - INFO - 🎯 active=0, passive=0, mode=idle
2026-02-03 17:49:56,510 - V3Dev.tracking.osc_handler - INFO - 📥 OSC: 1 msgs, person 1 at (-376, 326), active=0, passive=0
2026-02-03 17:49:58,512 - V3Dev.tracking.osc_handler - INFO - 📥 OSC: 55 msgs, person 1 at (-173, 326), active=0, passive=1
2026-02-03 17:50:00,545 - V3Dev.tracking.osc_handler - INFO - 📥 OSC: 110 msgs, person 1 at (31, 326), active=0, passive=2
2026-02-03 17:50:00,749 - LightControllerV3 - INFO - 🎯 active=0, passive=2, mode=idle
2026-02-03 17:50:02,548 - V3Dev.tracking.osc_handler - INFO - 📥 OSC: 126 msgs, person 2 at (-254, 365), active=0, passive=2
2026-02-03 17:50:04,551 - V3Dev.tracking.osc_handler - INFO - 📥 OSC: 145 msgs, person 4 at (-185, 362), active=0, passive=1
2026-02-03 17:50:05,841 - LightControllerV3 - INFO - 🎯 active=0, passive=2, mode=idle
2026-02-03 17:50:06,553 - V3Dev.tracking.osc_handler - INFO - 📥 OSC: 110 msgs, person 4 at (3, 361), active=0, passive=2
2026-02-03 17:50:08,553 - V3Dev.tracking.osc_handler - INFO - 📥 OSC: 136 msgs, person 5 at (74, 471), active=0, passive=1
2026-02-03 17:50:10,561 - V3Dev.tracking.osc_handler - INFO - 📥 OSC: 112 msgs, person 7 at (-110, 426), active=0, passive=1
2026-02-03 17:50:10,932 - LightControllerV3 - INFO - 🎯 active=0, passive=2, mode=idle
2026-02-03 17:50:12,591 - V3Dev.tracking.osc_handler - INFO - 📥 OSC: 102 msgs, person 8 at (-112, 399), active=0, passive=1
2026-02-03 17:50:14,596 - V3Dev.tracking.osc_handler - INFO - 📥 OSC: 103 msgs, person 9 at (-100, 492), active=0, passive=1
2026-02-03 17:50:16,023 - LightControllerV3 - INFO - 🎯 active=0, passive=1, mode=idle
2026-02-03 17:50:16,599 - V3Dev.tracking.osc_handler - INFO - 📥 OSC: 98 msgs, person 10 at (-173, 452), active=0, passive=1
2026-02-03 17:50:18,603 - V3Dev.tracking.osc_handler - INFO - 📥 OSC: 108 msgs, person 11 at (-188, 464), active=0, passive=1
2026-02-03 17:50:20,604 - V3Dev.tracking.osc_handler - INFO - 📥 OSC: 109 msgs, person 11 at (-11, 465), active=0, passive=2
2026-02-03 17:50:21,112 - LightControllerV3 - INFO - 🎯 active=0, passive=3, mode=idle
2026-02-03 17:50:22,605 - V3Dev.tracking.osc_handler - INFO - 📥 OSC: 129 msgs, person 13 at (-193, 423), active=0, passive=1
2026-02-03 17:50:24,607 - V3Dev.tracking.osc_handler - INFO - 📥 OSC: 112 msgs, person 13 at (-19, 422), active=0, passive=2
2026-02-03 17:50:26,203 - LightControllerV3 - INFO - 🎯 active=0, passive=3, mode=idle
2026-02-03 17:50:26,608 - V3Dev.tracking.osc_handler - INFO - 📥 OSC: 196 msgs, person 14 at (-47, 455), active=0, passive=3
2026-02-03 17:50:26,609 - LightControllerV3 - INFO - 🎯 active=1, passive=3, mode=engaged
2026-02-03 17:50:26,642 - LightControllerV3 - INFO - 🎯 active=1, passive=3, mode=engaged
2026-02-03 17:50:26,676 - LightControllerV3 - INFO - 🎯 active=1, passive=3, mode=engaged
2026-02-03 17:50:26,710 - LightControllerV3 - INFO - 🎯 active=1, passive=3, mode=engaged
2026-02-03 17:50:26,744 - LightControllerV3 - INFO - 🎯 active=1, passive=3, mode=engaged
2026-02-03 17:50:26,779 - LightControllerV3 - INFO - 🎯 active=1, passive=3, mode=engaged
2026-02-03 17:50:26,811 - LightControllerV3 - INFO - 🎯 active=1, passive=3, mode=engaged
2026-02-03 17:50:26,846 - LightControllerV3 - INFO - 🎯 active=1, passive=3, mode=engaged
2026-02-03 17:50:26,880 - LightControllerV3 - INFO - 🎯 active=1, passive=3, mode=engaged
2026-02-03 17:50:26,914 - LightControllerV3 - INFO - 🎯 active=1, passive=3, mode=engaged
2026-02-03 17:50:26,948 - LightControllerV3 - INFO - 🎯 active=1, passive=3, mode=engaged
2026-02-03 17:50:26,982 - LightControllerV3 - INFO - 🎯 active=1, passive=3, mode=engaged
2026-02-03 17:50:27,016 - LightControllerV3 - INFO - 🎯 active=1, passive=3, mode=engaged
2026-02-03 17:50:27,051 - LightControllerV3 - INFO - 🎯 active=1, passive=3, mode=engaged
2026-02-03 17:50:27,085 - LightControllerV3 - INFO - 🎯 active=1, passive=3, mode=engaged
2026-02-03 17:50:27,117 - LightControllerV3 - INFO - 🎯 active=1, passive=3, mode=engaged
2026-02-03 17:50:27,153 - LightControllerV3 - INFO - 🎯 active=1, passive=3, mode=engaged
2026-02-03 17:50:27,186 - LightControllerV3 - INFO - 🎯 active=1, passive=3, mode=engaged
2026-02-03 17:50:27,220 - LightControllerV3 - INFO - 🎯 active=1, passive=3, mode=engaged
2026-02-03 17:50:27,254 - LightControllerV3 - INFO - 🎯 active=1, passive=3, mode=engaged
2026-02-03 17:50:27,288 - LightControllerV3 - INFO - 🎯 active=1, passive=3, mode=engaged
2026-02-03 17:50:27,323 - LightControllerV3 - INFO - 🎯 active=1, passive=3, mode=engaged
2026-02-03 17:50:27,356 - LightControllerV3 - INFO - 🎯 active=1, passive=3, mode=engaged
2026-02-03 17:50:27,390 - LightControllerV3 - INFO - 🎯 active=1, passive=3, mode=engaged
2026-02-03 17:50:27,423 - LightControllerV3 - INFO - 🎯 active=1, passive=3, mode=engaged
2026-02-03 17:50:27,459 - LightControllerV3 - INFO - 🎯 active=1, passive=3, mode=engaged
2026-02-03 17:50:27,492 - LightControllerV3 - INFO - 🎯 active=1, passive=3, mode=engaged
2026-02-03 17:50:27,526 - LightControllerV3 - INFO - 🎯 active=1, passive=3, mode=engaged
2026-02-03 17:50:27,561 - LightControllerV3 - INFO - 🎯 active=1, passive=3, mode=engaged
2026-02-03 17:50:27,594 - LightControllerV3 - INFO - 🎯 active=1, passive=3, mode=engaged
2026-02-03 17:50:27,628 - LightControllerV3 - INFO - 🎯 active=1, passive=3, mode=engaged
2026-02-03 17:50:27,662 - LightControllerV3 - INFO - 🎯 active=1, passive=3, mode=engaged
2026-02-03 17:50:27,695 - LightControllerV3 - INFO - 🎯 active=1, passive=3, mode=engaged
2026-02-03 17:50:27,731 - LightControllerV3 - INFO - 🎯 active=1, passive=2, mode=engaged
2026-02-03 17:50:27,764 - LightControllerV3 - INFO - 🎯 active=1, passive=2, mode=engaged
2026-02-03 17:50:27,799 - LightControllerV3 - INFO - 🎯 active=1, passive=2, mode=engaged
2026-02-03 17:50:27,832 - LightControllerV3 - INFO - 🎯 active=1, passive=2, mode=engaged
2026-02-03 17:50:27,867 - LightControllerV3 - INFO - 🎯 active=1, passive=1, mode=engaged
2026-02-03 17:50:27,900 - LightControllerV3 - INFO - 🎯 active=1, passive=1, mode=engaged
2026-02-03 17:50:27,934 - LightControllerV3 - INFO - 🎯 active=1, passive=1, mode=engaged
2026-02-03 17:50:27,969 - LightControllerV3 - INFO - 🎯 active=1, passive=1, mode=engaged
2026-02-03 17:50:28,002 - LightControllerV3 - INFO - 🎯 active=1, passive=1, mode=engaged
2026-02-03 17:50:28,037 - LightControllerV3 - INFO - 🎯 active=1, passive=1, mode=engaged
2026-02-03 17:50:28,069 - LightControllerV3 - INFO - 🎯 active=1, passive=1, mode=engaged
2026-02-03 17:50:28,104 - LightControllerV3 - INFO - 🎯 active=1, passive=1, mode=engaged
2026-02-03 17:50:28,138 - LightControllerV3 - INFO - 🎯 active=1, passive=1, mode=engaged
2026-02-03 17:50:28,172 - LightControllerV3 - INFO - 🎯 active=1, passive=1, mode=engaged
2026-02-03 17:50:28,206 - LightControllerV3 - INFO - 🎯 active=1, passive=1, mode=engaged
2026-02-03 17:50:28,240 - LightControllerV3 - INFO - 🎯 active=1, passive=1, mode=engaged
2026-02-03 17:50:28,274 - LightControllerV3 - INFO - 🎯 active=1, passive=1, mode=engaged
2026-02-03 17:50:28,309 - LightControllerV3 - INFO - 🎯 active=1, passive=1, mode=engaged
2026-02-03 17:50:28,342 - LightControllerV3 - INFO - 🎯 active=1, passive=1, mode=engaged
2026-02-03 17:50:28,377 - LightControllerV3 - INFO - 🎯 active=1, passive=1, mode=engaged
2026-02-03 17:50:28,410 - LightControllerV3 - INFO - 🎯 active=1, passive=1, mode=engaged
2026-02-03 17:50:28,443 - LightControllerV3 - INFO - 🎯 active=1, passive=1, mode=engaged
2026-02-03 17:50:28,478 - LightControllerV3 - INFO - 🎯 active=1, passive=1, mode=engaged
2026-02-03 17:50:28,511 - LightControllerV3 - INFO - 🎯 active=1, passive=1, mode=engaged
2026-02-03 17:50:28,545 - LightControllerV3 - INFO - 🎯 active=1, passive=1, mode=engaged
2026-02-03 17:50:28,579 - LightControllerV3 - INFO - 🎯 active=1, passive=1, mode=engaged
2026-02-03 17:50:28,614 - V3Dev.tracking.osc_handler - INFO - 📥 OSC: 199 msgs, person 16 at (-186, 255), active=1, passive=1
2026-02-03 17:50:28,614 - LightControllerV3 - INFO - 🎯 active=1, passive=1, mode=engaged
2026-02-03 17:50:28,648 - LightControllerV3 - INFO - 🎯 active=1, passive=2, mode=engaged
2026-02-03 17:50:28,682 - LightControllerV3 - INFO - 🎯 active=1, passive=2, mode=engaged
2026-02-03 17:50:28,716 - LightControllerV3 - INFO - 🎯 active=1, passive=2, mode=engaged
2026-02-03 17:50:28,750 - LightControllerV3 - INFO - 🎯 active=1, passive=2, mode=engaged
2026-02-03 17:50:28,784 - LightControllerV3 - INFO - 🎯 active=1, passive=2, mode=engaged
2026-02-03 17:50:28,817 - LightControllerV3 - INFO - 🎯 active=1, passive=2, mode=engaged
2026-02-03 17:50:28,853 - LightControllerV3 - INFO - 🎯 active=1, passive=2, mode=engaged
2026-02-03 17:50:28,886 - LightControllerV3 - INFO - 🎯 active=1, passive=2, mode=engaged
2026-02-03 17:50:28,920 - LightControllerV3 - INFO - 🎯 active=1, passive=2, mode=engaged
2026-02-03 17:50:28,954 - LightControllerV3 - INFO - 🎯 active=1, passive=2, mode=engaged
2026-02-03 17:50:28,988 - LightControllerV3 - INFO - 🎯 active=1, passive=2, mode=engaged
2026-02-03 17:50:29,022 - LightControllerV3 - INFO - 🎯 active=1, passive=2, mode=engaged
2026-02-03 17:50:29,056 - LightControllerV3 - INFO - 🎯 active=1, passive=2, mode=engaged
2026-02-03 17:50:29,090 - LightControllerV3 - INFO - 🎯 active=1, passive=2, mode=engaged
2026-02-03 17:50:29,125 - LightControllerV3 - INFO - 🎯 active=1, passive=2, mode=engaged
2026-02-03 17:50:29,159 - LightControllerV3 - INFO - 🎯 active=1, passive=2, mode=engaged
2026-02-03 17:50:29,192 - LightControllerV3 - INFO - 🎯 active=1, passive=2, mode=engaged
2026-02-03 17:50:29,226 - LightControllerV3 - INFO - 🎯 active=1, passive=2, mode=engaged
2026-02-03 17:50:29,261 - LightControllerV3 - INFO - 🎯 active=1, passive=2, mode=engaged
2026-02-03 17:50:29,294 - LightControllerV3 - INFO - 🎯 active=1, passive=2, mode=engaged
2026-02-03 17:50:29,328 - LightControllerV3 - INFO - 🎯 active=1, passive=1, mode=engaged
2026-02-03 17:50:29,361 - LightControllerV3 - INFO - 🎯 active=1, passive=1, mode=engaged
2026-02-03 17:50:29,396 - LightControllerV3 - INFO - 🎯 active=1, passive=1, mode=engaged
2026-02-03 17:50:29,430 - LightControllerV3 - INFO - 🎯 active=1, passive=1, mode=engaged
2026-02-03 17:50:29,464 - LightControllerV3 - INFO - 🎯 active=1, passive=1, mode=engaged
2026-02-03 17:50:29,499 - LightControllerV3 - INFO - 🎯 active=1, passive=1, mode=engaged
2026-02-03 17:50:29,530 - LightControllerV3 - INFO - 🎯 active=1, passive=1, mode=engaged
2026-02-03 17:50:29,565 - LightControllerV3 - INFO - 🎯 active=1, passive=1, mode=engaged
2026-02-03 17:50:29,600 - LightControllerV3 - INFO - 🎯 active=1, passive=1, mode=engaged
2026-02-03 17:50:29,634 - LightControllerV3 - INFO - 🎯 active=1, passive=1, mode=engaged
2026-02-03 17:50:29,668 - LightControllerV3 - INFO - 🎯 active=1, passive=1, mode=engaged
2026-02-03 17:50:29,702 - LightControllerV3 - INFO - 🎯 active=1, passive=1, mode=engaged
2026-02-03 17:50:29,736 - LightControllerV3 - INFO - 🎯 active=1, passive=1, mode=engaged
2026-02-03 17:50:29,769 - LightControllerV3 - INFO - 🎯 active=1, passive=1, mode=engaged
2026-02-03 17:50:29,804 - LightControllerV3 - INFO - 🎯 active=1, passive=1, mode=engaged
2026-02-03 17:50:29,837 - LightControllerV3 - INFO - 🎯 active=1, passive=1, mode=engaged
2026-02-03 17:50:29,872 - LightControllerV3 - INFO - 🎯 active=1, passive=1, mode=engaged
2026-02-03 17:50:29,905 - LightControllerV3 - INFO - 🎯 active=1, passive=1, mode=engaged
2026-02-03 17:50:29,940 - LightControllerV3 - INFO - 🎯 active=1, passive=1, mode=engaged
2026-02-03 17:50:29,974 - LightControllerV3 - INFO - 🎯 active=1, passive=1, mode=engaged
2026-02-03 17:50:30,008 - LightControllerV3 - INFO - 🎯 active=1, passive=1, mode=engaged
2026-02-03 17:50:30,042 - LightControllerV3 - INFO - 🎯 active=1, passive=1, mode=engaged
2026-02-03 17:50:30,076 - LightControllerV3 - INFO - 🎯 active=1, passive=1, mode=engaged
2026-02-03 17:50:30,110 - LightControllerV3 - INFO - 🎯 active=1, passive=1, mode=engaged
2026-02-03 17:50:30,144 - LightControllerV3 - INFO - 🎯 active=1, passive=1, mode=engaged
2026-02-03 17:50:30,177 - LightControllerV3 - INFO - 🎯 active=1, passive=1, mode=engaged
2026-02-03 17:50:30,213 - LightControllerV3 - INFO - 🎯 active=1, passive=1, mode=engaged
2026-02-03 17:50:30,245 - LightControllerV3 - INFO - 🎯 active=1, passive=1, mode=engaged
2026-02-03 17:50:30,280 - LightControllerV3 - INFO - 🎯 active=1, passive=1, mode=engaged
2026-02-03 17:50:30,314 - LightControllerV3 - INFO - 🎯 active=1, passive=1, mode=engaged
2026-02-03 17:50:30,349 - LightControllerV3 - INFO - 🎯 active=1, passive=1, mode=engaged
2026-02-03 17:50:30,383 - LightControllerV3 - INFO - 🎯 active=1, passive=1, mode=engaged
2026-02-03 17:50:30,417 - LightControllerV3 - INFO - 🎯 active=1, passive=1, mode=engaged
2026-02-03 17:50:30,452 - LightControllerV3 - INFO - 🎯 active=1, passive=1, mode=engaged
2026-02-03 17:50:30,486 - LightControllerV3 - INFO - 🎯 active=1, passive=1, mode=engaged
2026-02-03 17:50:30,519 - LightControllerV3 - INFO - 🎯 active=1, passive=1, mode=engaged
2026-02-03 17:50:30,553 - LightControllerV3 - INFO - 🎯 active=1, passive=1, mode=engaged
2026-02-03 17:50:30,586 - LightControllerV3 - INFO - 🎯 active=1, passive=1, mode=engaged
2026-02-03 17:50:30,621 - V3Dev.tracking.osc_handler - INFO - 📥 OSC: 139 msgs, person 16 at (-153, 251), active=1, passive=1
2026-02-03 17:50:30,622 - LightControllerV3 - INFO - 🎯 active=1, passive=1, mode=engaged
2026-02-03 17:50:30,655 - LightControllerV3 - INFO - 🎯 active=1, passive=1, mode=engaged
2026-02-03 17:50:30,688 - LightControllerV3 - INFO - 🎯 active=1, passive=1, mode=engaged
2026-02-03 17:50:30,723 - LightControllerV3 - INFO - 🎯 active=1, passive=1, mode=engaged
2026-02-03 17:50:30,756 - LightControllerV3 - INFO - 🎯 active=1, passive=2, mode=engaged
2026-02-03 17:50:30,790 - LightControllerV3 - INFO - 🎯 active=1, passive=2, mode=engaged
2026-02-03 17:50:30,830 - LightControllerV3 - INFO - 🎯 active=1, passive=2, mode=engaged
2026-02-03 17:50:30,858 - LightControllerV3 - INFO - 🎯 active=1, passive=2, mode=engaged
2026-02-03 17:50:30,893 - LightControllerV3 - INFO - 🎯 active=1, passive=2, mode=engaged
2026-02-03 17:50:30,927 - LightControllerV3 - INFO - 🎯 active=1, passive=2, mode=engaged
2026-02-03 17:50:30,960 - LightControllerV3 - INFO - 🎯 active=1, passive=2, mode=engaged
2026-02-03 17:50:30,994 - LightControllerV3 - INFO - 🎯 active=1, passive=2, mode=engaged
2026-02-03 17:50:31,029 - LightControllerV3 - INFO - 🎯 active=1, passive=2, mode=engaged
2026-02-03 17:50:31,064 - LightControllerV3 - INFO - 🎯 active=1, passive=2, mode=engaged
2026-02-03 17:50:31,099 - LightControllerV3 - INFO - 🎯 active=1, passive=2, mode=engaged
2026-02-03 17:50:31,132 - LightControllerV3 - INFO - 🎯 active=1, passive=2, mode=engaged
2026-02-03 17:50:31,166 - LightControllerV3 - INFO - 🎯 active=1, passive=2, mode=engaged
2026-02-03 17:50:31,200 - LightControllerV3 - INFO - 🎯 active=1, passive=2, mode=engaged
2026-02-03 17:50:31,235 - LightControllerV3 - INFO - 🎯 active=1, passive=2, mode=engaged
2026-02-03 17:50:31,270 - LightControllerV3 - INFO - 🎯 active=1, passive=2, mode=engaged
2026-02-03 17:50:31,303 - LightControllerV3 - INFO - 🎯 active=1, passive=2, mode=engaged
2026-02-03 17:50:31,336 - LightControllerV3 - INFO - 🎯 active=1, passive=2, mode=engaged
2026-02-03 17:50:31,371 - LightControllerV3 - INFO - 🎯 active=1, passive=2, mode=engaged
2026-02-03 17:50:31,405 - LightControllerV3 - INFO - 🎯 active=1, passive=2, mode=engaged
2026-02-03 17:50:31,439 - LightControllerV3 - INFO - 🎯 active=1, passive=2, mode=engaged
2026-02-03 17:50:31,473 - LightControllerV3 - INFO - 🎯 active=1, passive=2, mode=engaged
2026-02-03 17:50:31,508 - LightControllerV3 - INFO - 🎯 active=1, passive=2, mode=engaged
2026-02-03 17:50:31,542 - LightControllerV3 - INFO - 🎯 active=1, passive=2, mode=engaged
2026-02-03 17:50:31,576 - LightControllerV3 - INFO - 🎯 active=1, passive=2, mode=engaged
2026-02-03 17:50:31,611 - LightControllerV3 - INFO - 🎯 active=1, passive=2, mode=engaged
2026-02-03 17:50:31,644 - LightControllerV3 - INFO - 🎯 active=1, passive=2, mode=engaged
2026-02-03 17:50:31,679 - LightControllerV3 - INFO - 🎯 active=1, passive=2, mode=engaged
2026-02-03 17:50:31,713 - LightControllerV3 - INFO - 🎯 active=1, passive=2, mode=engaged
2026-02-03 17:50:31,747 - LightControllerV3 - INFO - 🎯 active=1, passive=2, mode=engaged
2026-02-03 17:50:31,781 - LightControllerV3 - INFO - 🎯 active=1, passive=2, mode=engaged
2026-02-03 17:50:31,815 - LightControllerV3 - INFO - 🎯 active=1, passive=2, mode=engaged
2026-02-03 17:50:31,850 - LightControllerV3 - INFO - 🎯 active=1, passive=2, mode=engaged
2026-02-03 17:50:31,883 - LightControllerV3 - INFO - 🎯 active=1, passive=2, mode=engaged
2026-02-03 17:50:31,917 - LightControllerV3 - INFO - 🎯 active=1, passive=2, mode=engaged
2026-02-03 17:50:31,950 - LightControllerV3 - INFO - 🎯 active=1, passive=2, mode=engaged
2026-02-03 17:50:31,984 - LightControllerV3 - INFO - 🎯 active=1, passive=2, mode=engaged
2026-02-03 17:50:32,017 - LightControllerV3 - INFO - 🎯 active=1, passive=2, mode=engaged
2026-02-03 17:50:32,051 - LightControllerV3 - INFO - 🎯 active=1, passive=2, mode=engaged
2026-02-03 17:50:32,084 - LightControllerV3 - INFO - 🎯 active=1, passive=2, mode=engaged
2026-02-03 17:50:32,118 - LightControllerV3 - INFO - 🎯 active=1, passive=2, mode=engaged
2026-02-03 17:50:32,152 - LightControllerV3 - INFO - 🎯 active=1, passive=2, mode=engaged
2026-02-03 17:50:32,186 - LightControllerV3 - INFO - 🎯 active=1, passive=1, mode=engaged
2026-02-03 17:50:32,220 - LightControllerV3 - INFO - 🎯 active=1, passive=1, mode=engaged
2026-02-03 17:50:32,254 - LightControllerV3 - INFO - 🎯 active=1, passive=1, mode=engaged
2026-02-03 17:50:32,288 - LightControllerV3 - INFO - 🎯 active=1, passive=1, mode=engaged
2026-02-03 17:50:32,323 - LightControllerV3 - INFO - 🎯 active=1, passive=1, mode=engaged
2026-02-03 17:50:32,355 - LightControllerV3 - INFO - 🎯 active=1, passive=1, mode=engaged
2026-02-03 17:50:32,390 - LightControllerV3 - INFO - 🎯 active=1, passive=1, mode=engaged
2026-02-03 17:50:32,425 - LightControllerV3 - INFO - 🎯 active=1, passive=1, mode=engaged
2026-02-03 17:50:32,458 - LightControllerV3 - INFO - 🎯 active=1, passive=1, mode=engaged
2026-02-03 17:50:32,492 - LightControllerV3 - INFO - 🎯 active=1, passive=1, mode=engaged
2026-02-03 17:50:32,526 - LightControllerV3 - INFO - 🎯 active=1, passive=1, mode=engaged
2026-02-03 17:50:32,561 - LightControllerV3 - INFO - 🎯 active=1, passive=1, mode=engaged
2026-02-03 17:50:32,594 - LightControllerV3 - INFO - 🎯 active=1, passive=1, mode=engaged
2026-02-03 17:50:32,628 - V3Dev.tracking.osc_handler - INFO - 📥 OSC: 166 msgs, person 16 at (-142, 186), active=1, passive=1
2026-02-03 17:50:32,629 - LightControllerV3 - INFO - 🎯 active=1, passive=1, mode=engaged
2026-02-03 17:50:32,662 - LightControllerV3 - INFO - 🎯 active=1, passive=1, mode=engaged
2026-02-03 17:50:32,696 - LightControllerV3 - INFO - 🎯 active=1, passive=1, mode=engaged
2026-02-03 17:50:32,731 - LightControllerV3 - INFO - 🎯 active=1, passive=1, mode=engaged
2026-02-03 17:50:32,766 - LightControllerV3 - INFO - 🎯 active=1, passive=1, mode=engaged
2026-02-03 17:50:32,799 - LightControllerV3 - INFO - 🎯 active=1, passive=1, mode=engaged
2026-02-03 17:50:32,833 - LightControllerV3 - INFO - 🎯 active=1, passive=1, mode=engaged
2026-02-03 17:50:32,868 - LightControllerV3 - INFO - 🎯 active=1, passive=1, mode=engaged
2026-02-03 17:50:32,901 - LightControllerV3 - INFO - 🎯 active=1, passive=2, mode=engaged
2026-02-03 17:50:32,934 - LightControllerV3 - INFO - 🎯 active=1, passive=2, mode=engaged
2026-02-03 17:50:32,970 - LightControllerV3 - INFO - 🎯 active=1, passive=2, mode=engaged
2026-02-03 17:50:33,003 - LightControllerV3 - INFO - 🎯 active=1, passive=2, mode=engaged
2026-02-03 17:50:33,038 - LightControllerV3 - INFO - 🎯 active=1, passive=2, mode=engaged
2026-02-03 17:50:33,071 - LightControllerV3 - INFO - 🎯 active=1, passive=2, mode=engaged
2026-02-03 17:50:33,105 - LightControllerV3 - INFO - 🎯 active=1, passive=2, mode=engaged
2026-02-03 17:50:33,139 - LightControllerV3 - INFO - 🎯 active=1, passive=2, mode=engaged
2026-02-03 17:50:33,173 - LightControllerV3 - INFO - 🎯 active=1, passive=2, mode=engaged
2026-02-03 17:50:33,207 - LightControllerV3 - INFO - 🎯 active=1, passive=2, mode=engaged
2026-02-03 17:50:33,241 - LightControllerV3 - INFO - 🎯 active=1, passive=2, mode=engaged
2026-02-03 17:50:33,273 - LightControllerV3 - INFO - 🎯 active=1, passive=2, mode=engaged
2026-02-03 17:50:33,309 - LightControllerV3 - INFO - 🎯 active=1, passive=2, mode=engaged
2026-02-03 17:50:33,342 - LightControllerV3 - INFO - 🎯 active=1, passive=2, mode=engaged
2026-02-03 17:50:33,376 - LightControllerV3 - INFO - 🎯 active=1, passive=2, mode=engaged
2026-02-03 17:50:33,410 - LightControllerV3 - INFO - 🎯 active=1, passive=2, mode=engaged
2026-02-03 17:50:33,444 - LightControllerV3 - INFO - 🎯 active=1, passive=2, mode=engaged
2026-02-03 17:50:33,477 - LightControllerV3 - INFO - 🎯 active=1, passive=2, mode=engaged
2026-02-03 17:50:33,510 - LightControllerV3 - INFO - 🎯 active=1, passive=2, mode=engaged
2026-02-03 17:50:33,544 - LightControllerV3 - INFO - 🎯 active=1, passive=2, mode=engaged
2026-02-03 17:50:33,578 - LightControllerV3 - INFO - 🎯 active=1, passive=2, mode=engaged
2026-02-03 17:50:33,612 - LightControllerV3 - INFO - 🎯 active=1, passive=2, mode=engaged
2026-02-03 17:50:33,646 - LightControllerV3 - INFO - 🎯 active=1, passive=2, mode=engaged
2026-02-03 17:50:33,682 - LightControllerV3 - INFO - 🎯 active=1, passive=1, mode=engaged
2026-02-03 17:50:33,715 - LightControllerV3 - INFO - 🎯 active=1, passive=1, mode=engaged
2026-02-03 17:50:33,749 - LightControllerV3 - INFO - 🎯 active=1, passive=1, mode=engaged
2026-02-03 17:50:33,784 - LightControllerV3 - INFO - 🎯 active=1, passive=1, mode=engaged
2026-02-03 17:50:33,817 - LightControllerV3 - INFO - 🎯 active=1, passive=1, mode=engaged
2026-02-03 17:50:33,851 - LightControllerV3 - INFO - 🎯 active=1, passive=1, mode=engaged
2026-02-03 17:50:33,885 - LightControllerV3 - INFO - 🎯 active=1, passive=1, mode=engaged
2026-02-03 17:50:33,920 - LightControllerV3 - INFO - 🎯 active=1, passive=1, mode=engaged
2026-02-03 17:50:33,952 - LightControllerV3 - INFO - 🎯 active=1, passive=1, mode=engaged
2026-02-03 17:50:33,987 - LightControllerV3 - INFO - 🎯 active=1, passive=1, mode=engaged
2026-02-03 17:50:34,021 - LightControllerV3 - INFO - 🎯 active=1, passive=1, mode=engaged
2026-02-03 17:50:34,055 - LightControllerV3 - INFO - 🎯 active=1, passive=1, mode=engaged
2026-02-03 17:50:34,088 - LightControllerV3 - INFO - 🎯 active=1, passive=1, mode=engaged
2026-02-03 17:50:34,122 - LightControllerV3 - INFO - 🎯 active=1, passive=1, mode=engaged
2026-02-03 17:50:34,157 - LightControllerV3 - INFO - 🎯 active=1, passive=1, mode=engaged
2026-02-03 17:50:34,190 - LightControllerV3 - INFO - 🎯 active=1, passive=1, mode=engaged
2026-02-03 17:50:34,224 - LightControllerV3 - INFO - 🎯 active=1, passive=1, mode=engaged
2026-02-03 17:50:34,258 - LightControllerV3 - INFO - 🎯 active=1, passive=1, mode=engaged
2026-02-03 17:50:34,291 - LightControllerV3 - INFO - 🎯 active=1, passive=1, mode=engaged
2026-02-03 17:50:34,327 - LightControllerV3 - INFO - 🎯 active=1, passive=1, mode=engaged
2026-02-03 17:50:34,360 - LightControllerV3 - INFO - 🎯 active=1, passive=1, mode=engaged
2026-02-03 17:50:34,395 - LightControllerV3 - INFO - 🎯 active=1, passive=1, mode=engaged
2026-02-03 17:50:34,429 - LightControllerV3 - INFO - 🎯 active=1, passive=1, mode=engaged
2026-02-03 17:50:34,462 - LightControllerV3 - INFO - 🎯 active=1, passive=1, mode=engaged
2026-02-03 17:50:34,495 - LightControllerV3 - INFO - 🎯 active=1, passive=1, mode=engaged
2026-02-03 17:50:34,529 - LightControllerV3 - INFO - 🎯 active=1, passive=1, mode=engaged
2026-02-03 17:50:34,562 - LightControllerV3 - INFO - 🎯 active=1, passive=1, mode=engaged
2026-02-03 17:50:34,598 - LightControllerV3 - INFO - 🎯 active=1, passive=1, mode=engaged
2026-02-03 17:50:34,631 - V3Dev.tracking.osc_handler - INFO - 📥 OSC: 145 msgs, person 16 at (-132, 124), active=1, passive=1
2026-02-03 17:50:34,632 - LightControllerV3 - INFO - 🎯 active=1, passive=1, mode=engaged
2026-02-03 17:50:34,666 - LightControllerV3 - INFO - 🎯 active=1, passive=1, mode=engaged
2026-02-03 17:50:34,699 - LightControllerV3 - INFO - 🎯 active=1, passive=1, mode=engaged
2026-02-03 17:50:34,733 - LightControllerV3 - INFO - 🎯 active=1, passive=2, mode=engaged
2026-02-03 17:50:34,766 - LightControllerV3 - INFO - 🎯 active=1, passive=2, mode=engaged
2026-02-03 17:50:34,801 - LightControllerV3 - INFO - 🎯 active=1, passive=2, mode=engaged
2026-02-03 17:50:34,835 - LightControllerV3 - INFO - 🎯 active=1, passive=2, mode=engaged
2026-02-03 17:50:34,868 - LightControllerV3 - INFO - 🎯 active=1, passive=2, mode=engaged
2026-02-03 17:50:34,902 - LightControllerV3 - INFO - 🎯 active=1, passive=2, mode=engaged
2026-02-03 17:50:34,937 - LightControllerV3 - INFO - 🎯 active=1, passive=2, mode=engaged
2026-02-03 17:50:34,971 - LightControllerV3 - INFO - 🎯 active=1, passive=2, mode=engaged
2026-02-03 17:50:35,005 - LightControllerV3 - INFO - 🎯 active=1, passive=2, mode=engaged
2026-02-03 17:50:35,039 - LightControllerV3 - INFO - 🎯 active=1, passive=2, mode=engaged
2026-02-03 17:50:35,074 - LightControllerV3 - INFO - 🎯 active=1, passive=2, mode=engaged
2026-02-03 17:50:35,106 - LightControllerV3 - INFO - 🎯 active=1, passive=2, mode=engaged
2026-02-03 17:50:35,140 - LightControllerV3 - INFO - 🎯 active=1, passive=2, mode=engaged
2026-02-03 17:50:35,174 - LightControllerV3 - INFO - 🎯 active=1, passive=2, mode=engaged
2026-02-03 17:50:35,208 - LightControllerV3 - INFO - 🎯 active=1, passive=2, mode=engaged
2026-02-03 17:50:35,242 - LightControllerV3 - INFO - 🎯 active=1, passive=2, mode=engaged
2026-02-03 17:50:35,276 - LightControllerV3 - INFO - 🎯 active=1, passive=2, mode=engaged
2026-02-03 17:50:35,310 - LightControllerV3 - INFO - 🎯 active=1, passive=2, mode=engaged
2026-02-03 17:50:35,344 - LightControllerV3 - INFO - 🎯 active=1, passive=2, mode=engaged
2026-02-03 17:50:35,378 - LightControllerV3 - INFO - 🎯 active=1, passive=2, mode=engaged
2026-02-03 17:50:35,412 - LightControllerV3 - INFO - 🎯 active=1, passive=2, mode=engaged
2026-02-03 17:50:35,445 - LightControllerV3 - INFO - 🎯 active=1, passive=2, mode=engaged
2026-02-03 17:50:35,479 - LightControllerV3 - INFO - 🎯 active=1, passive=2, mode=engaged
2026-02-03 17:50:35,513 - LightControllerV3 - INFO - 🎯 active=1, passive=2, mode=engaged
2026-02-03 17:50:35,546 - LightControllerV3 - INFO - 🎯 active=1, passive=2, mode=engaged
2026-02-03 17:50:35,582 - LightControllerV3 - INFO - 🎯 active=1, passive=2, mode=engaged
2026-02-03 17:50:35,616 - LightControllerV3 - INFO - 🎯 active=1, passive=2, mode=engaged
2026-02-03 17:50:35,649 - LightControllerV3 - INFO - 🎯 active=1, passive=2, mode=engaged
2026-02-03 17:50:35,682 - LightControllerV3 - INFO - 🎯 active=1, passive=2, mode=engaged
2026-02-03 17:50:35,716 - LightControllerV3 - INFO - 🎯 active=1, passive=2, mode=engaged
2026-02-03 17:50:35,750 - LightControllerV3 - INFO - 🎯 active=1, passive=2, mode=engaged
2026-02-03 17:50:35,783 - LightControllerV3 - INFO - 🎯 active=1, passive=2, mode=engaged
2026-02-03 17:50:35,817 - LightControllerV3 - INFO - 🎯 active=1, passive=2, mode=engaged
2026-02-03 17:50:35,849 - LightControllerV3 - INFO - 🎯 active=1, passive=2, mode=engaged
2026-02-03 17:50:35,884 - LightControllerV3 - INFO - 🎯 active=1, passive=2, mode=engaged
2026-02-03 17:50:35,919 - LightControllerV3 - INFO - 🎯 active=1, passive=2, mode=engaged
2026-02-03 17:50:35,952 - LightControllerV3 - INFO - 🎯 active=1, passive=2, mode=engaged
2026-02-03 17:50:35,986 - LightControllerV3 - INFO - 🎯 active=1, passive=2, mode=engaged
2026-02-03 17:50:36,020 - LightControllerV3 - INFO - 🎯 active=1, passive=2, mode=engaged
2026-02-03 17:50:36,053 - LightControllerV3 - INFO - 🎯 active=1, passive=2, mode=engaged
2026-02-03 17:50:36,087 - LightControllerV3 - INFO - 🎯 active=1, passive=2, mode=engaged
2026-02-03 17:50:36,122 - LightControllerV3 - INFO - 🎯 active=1, passive=2, mode=engaged
2026-02-03 17:50:36,155 - LightControllerV3 - INFO - 🎯 active=1, passive=2, mode=engaged
2026-02-03 17:50:36,191 - LightControllerV3 - INFO - 🎯 active=1, passive=2, mode=engaged
2026-02-03 17:50:36,224 - LightControllerV3 - INFO - 🎯 active=1, passive=2, mode=engaged
2026-02-03 17:50:36,258 - LightControllerV3 - INFO - 🎯 active=1, passive=2, mode=engaged
2026-02-03 17:50:36,292 - LightControllerV3 - INFO - 🎯 active=1, passive=2, mode=engaged
2026-02-03 17:50:36,326 - LightControllerV3 - INFO - 🎯 active=1, passive=2, mode=engaged
2026-02-03 17:50:36,360 - LightControllerV3 - INFO - 🎯 active=1, passive=2, mode=engaged
2026-02-03 17:50:36,393 - LightControllerV3 - INFO - 🎯 active=1, passive=2, mode=engaged
2026-02-03 17:50:36,427 - LightControllerV3 - INFO - 🎯 active=1, passive=2, mode=engaged
2026-02-03 17:50:36,461 - LightControllerV3 - INFO - 🎯 active=1, passive=2, mode=engaged
2026-02-03 17:50:36,495 - LightControllerV3 - INFO - 🎯 active=1, passive=2, mode=engaged
2026-02-03 17:50:36,529 - LightControllerV3 - INFO - 🎯 active=1, passive=2, mode=engaged
2026-02-03 17:50:36,562 - LightControllerV3 - INFO - 🎯 active=1, passive=2, mode=engaged
2026-02-03 17:50:36,596 - LightControllerV3 - INFO - 🎯 active=1, passive=2, mode=engaged
2026-02-03 17:50:36,630 - LightControllerV3 - INFO - 🎯 active=1, passive=2, mode=engaged
2026-02-03 17:50:36,662 - V3Dev.tracking.osc_handler - INFO - 📥 OSC: 167 msgs, person 16 at (-132, 124), active=1, passive=2
2026-02-03 17:50:36,663 - LightControllerV3 - INFO - 🎯 active=1, passive=2, mode=engaged
2026-02-03 17:50:36,697 - LightControllerV3 - INFO - 🎯 active=1, passive=2, mode=engaged
2026-02-03 17:50:36,732 - LightControllerV3 - INFO - 🎯 active=1, passive=2, mode=engaged
2026-02-03 17:50:36,765 - LightControllerV3 - INFO - 🎯 active=1, passive=2, mode=engaged
2026-02-03 17:50:36,799 - LightControllerV3 - INFO - 🎯 active=1, passive=2, mode=engaged
2026-02-03 17:50:36,833 - LightControllerV3 - INFO - 🎯 active=1, passive=2, mode=engaged
2026-02-03 17:50:36,867 - LightControllerV3 - INFO - 🎯 active=1, passive=2, mode=engaged
2026-02-03 17:50:36,902 - LightControllerV3 - INFO - 🎯 active=1, passive=3, mode=engaged
2026-02-03 17:50:36,935 - LightControllerV3 - INFO - 🎯 active=1, passive=3, mode=engaged
2026-02-03 17:50:36,969 - LightControllerV3 - INFO - 🎯 active=1, passive=3, mode=engaged
2026-02-03 17:50:37,001 - LightControllerV3 - INFO - 🎯 active=1, passive=3, mode=engaged
2026-02-03 17:50:37,036 - LightControllerV3 - INFO - 🎯 active=1, passive=3, mode=engaged
2026-02-03 17:50:37,070 - LightControllerV3 - INFO - 🎯 active=1, passive=3, mode=engaged
2026-02-03 17:50:37,104 - LightControllerV3 - INFO - 🎯 active=1, passive=3, mode=engaged
2026-02-03 17:50:37,139 - LightControllerV3 - INFO - 🎯 active=1, passive=3, mode=engaged
2026-02-03 17:50:37,172 - LightControllerV3 - INFO - 🎯 active=1, passive=2, mode=engaged
2026-02-03 17:50:37,206 - LightControllerV3 - INFO - 🎯 active=1, passive=2, mode=engaged
2026-02-03 17:50:37,241 - LightControllerV3 - INFO - 🎯 active=1, passive=2, mode=engaged
2026-02-03 17:50:37,275 - LightControllerV3 - INFO - 🎯 active=1, passive=2, mode=engaged
2026-02-03 17:50:37,308 - LightControllerV3 - INFO - 🎯 active=1, passive=2, mode=engaged
2026-02-03 17:50:37,342 - LightControllerV3 - INFO - 🎯 active=1, passive=2, mode=engaged
2026-02-03 17:50:37,376 - LightControllerV3 - INFO - 🎯 active=1, passive=2, mode=engaged
2026-02-03 17:50:37,410 - LightControllerV3 - INFO - 🎯 active=1, passive=2, mode=engaged
2026-02-03 17:50:37,444 - LightControllerV3 - INFO - 🎯 active=1, passive=2, mode=engaged
2026-02-03 17:50:37,478 - LightControllerV3 - INFO - 🎯 active=1, passive=1, mode=engaged
2026-02-03 17:50:37,512 - LightControllerV3 - INFO - 🎯 active=1, passive=1, mode=engaged
2026-02-03 17:50:37,546 - LightControllerV3 - INFO - 🎯 active=1, passive=1, mode=engaged
2026-02-03 17:50:37,580 - LightControllerV3 - INFO - 🎯 active=1, passive=1, mode=engaged
2026-02-03 17:50:37,615 - LightControllerV3 - INFO - 🎯 active=1, passive=1, mode=engaged
2026-02-03 17:50:37,649 - LightControllerV3 - INFO - 🎯 active=1, passive=1, mode=engaged
2026-02-03 17:50:37,683 - LightControllerV3 - INFO - 🎯 active=1, passive=1, mode=engaged
2026-02-03 17:50:37,717 - LightControllerV3 - INFO - 🎯 active=1, passive=1, mode=engaged
2026-02-03 17:50:37,751 - LightControllerV3 - INFO - 🎯 active=1, passive=1, mode=engaged
2026-02-03 17:50:37,785 - LightControllerV3 - INFO - 🎯 active=1, passive=1, mode=engaged
2026-02-03 17:50:37,819 - LightControllerV3 - INFO - 🎯 active=1, passive=1, mode=engaged
2026-02-03 17:50:37,852 - LightControllerV3 - INFO - 🎯 active=1, passive=1, mode=engaged
2026-02-03 17:50:37,887 - LightControllerV3 - INFO - 🎯 active=1, passive=1, mode=engaged
2026-02-03 17:50:37,921 - LightControllerV3 - INFO - 🎯 active=1, passive=1, mode=engaged
2026-02-03 17:50:37,955 - LightControllerV3 - INFO - 🎯 active=1, passive=1, mode=engaged
2026-02-03 17:50:37,989 - LightControllerV3 - INFO - 🎯 active=1, passive=1, mode=engaged
2026-02-03 17:50:38,023 - LightControllerV3 - INFO - 🎯 active=1, passive=1, mode=engaged
2026-02-03 17:50:38,057 - LightControllerV3 - INFO - 🎯 active=1, passive=1, mode=engaged
2026-02-03 17:50:38,090 - LightControllerV3 - INFO - 🎯 active=1, passive=1, mode=engaged
2026-02-03 17:50:38,124 - LightControllerV3 - INFO - 🎯 active=1, passive=1, mode=engaged
2026-02-03 17:50:38,158 - LightControllerV3 - INFO - 🎯 active=1, passive=1, mode=engaged
2026-02-03 17:50:38,192 - LightControllerV3 - INFO - 🎯 active=1, passive=1, mode=engaged
2026-02-03 17:50:38,226 - LightControllerV3 - INFO - 🎯 active=1, passive=1, mode=engaged
2026-02-03 17:50:38,260 - LightControllerV3 - INFO - 🎯 active=1, passive=1, mode=engaged
2026-02-03 17:50:38,294 - LightControllerV3 - INFO - 🎯 active=1, passive=1, mode=engaged
2026-02-03 17:50:38,328 - LightControllerV3 - INFO - 🎯 active=1, passive=1, mode=engaged
2026-02-03 17:50:38,362 - LightControllerV3 - INFO - 🎯 active=1, passive=1, mode=engaged
2026-02-03 17:50:38,396 - LightControllerV3 - INFO - 🎯 active=1, passive=1, mode=engaged
2026-02-03 17:50:38,430 - LightControllerV3 - INFO - 🎯 active=1, passive=1, mode=engaged
2026-02-03 17:50:38,465 - LightControllerV3 - INFO - 🎯 active=1, passive=1, mode=engaged
2026-02-03 17:50:38,497 - LightControllerV3 - INFO - 🎯 active=1, passive=1, mode=engaged
2026-02-03 17:50:38,531 - LightControllerV3 - INFO - 🎯 active=1, passive=1, mode=engaged
2026-02-03 17:50:38,566 - LightControllerV3 - INFO - 🎯 active=1, passive=1, mode=engaged
2026-02-03 17:50:38,599 - LightControllerV3 - INFO - 🎯 active=1, passive=1, mode=engaged
2026-02-03 17:50:38,634 - LightControllerV3 - INFO - 🎯 active=1, passive=1, mode=engaged
2026-02-03 17:50:38,667 - LightControllerV3 - INFO - 🎯 active=1, passive=1, mode=engaged
2026-02-03 17:50:38,702 - V3Dev.tracking.osc_handler - INFO - 📥 OSC: 163 msgs, person 16 at (-187, 163), active=1, passive=1
2026-02-03 17:50:38,703 - LightControllerV3 - INFO - 🎯 active=1, passive=1, mode=engaged
2026-02-03 17:50:38,736 - LightControllerV3 - INFO - 🎯 active=1, passive=1, mode=engaged
2026-02-03 17:50:38,770 - LightControllerV3 - INFO - 🎯 active=1, passive=1, mode=engaged
2026-02-03 17:50:38,804 - LightControllerV3 - INFO - 🎯 active=1, passive=1, mode=engaged
2026-02-03 17:50:38,837 - LightControllerV3 - INFO - 🎯 active=1, passive=1, mode=engaged
2026-02-03 17:50:38,871 - LightControllerV3 - INFO - 🎯 active=1, passive=2, mode=engaged
2026-02-03 17:50:38,905 - LightControllerV3 - INFO - 🎯 active=1, passive=2, mode=engaged
2026-02-03 17:50:38,939 - LightControllerV3 - INFO - 🎯 active=1, passive=2, mode=engaged
2026-02-03 17:50:38,973 - LightControllerV3 - INFO - 🎯 active=1, passive=2, mode=engaged
2026-02-03 17:50:39,008 - LightControllerV3 - INFO - 🎯 active=1, passive=2, mode=engaged
2026-02-03 17:50:39,041 - LightControllerV3 - INFO - 🎯 active=1, passive=2, mode=engaged
2026-02-03 17:50:39,075 - LightControllerV3 - INFO - 🎯 active=1, passive=2, mode=engaged
2026-02-03 17:50:39,109 - LightControllerV3 - INFO - 🎯 active=1, passive=2, mode=engaged
2026-02-03 17:50:39,144 - LightControllerV3 - INFO - 🎯 active=1, passive=2, mode=engaged
2026-02-03 17:50:39,178 - LightControllerV3 - INFO - 🎯 active=1, passive=2, mode=engaged
2026-02-03 17:50:39,212 - LightControllerV3 - INFO - 🎯 active=1, passive=2, mode=engaged
2026-02-03 17:50:39,245 - LightControllerV3 - INFO - 🎯 active=1, passive=2, mode=engaged
2026-02-03 17:50:39,278 - LightControllerV3 - INFO - 🎯 active=1, passive=2, mode=engaged
2026-02-03 17:50:39,313 - LightControllerV3 - INFO - 🎯 active=1, passive=2, mode=engaged
2026-02-03 17:50:39,347 - LightControllerV3 - INFO - 🎯 active=1, passive=2, mode=engaged
2026-02-03 17:50:39,381 - LightControllerV3 - INFO - 🎯 active=1, passive=2, mode=engaged
2026-02-03 17:50:39,415 - LightControllerV3 - INFO - 🎯 active=1, passive=2, mode=engaged
2026-02-03 17:50:39,449 - LightControllerV3 - INFO - 🎯 active=1, passive=2, mode=engaged
2026-02-03 17:50:39,483 - LightControllerV3 - INFO - 🎯 active=1, passive=2, mode=engaged
2026-02-03 17:50:39,518 - LightControllerV3 - INFO - 🎯 active=1, passive=2, mode=engaged
2026-02-03 17:50:39,551 - LightControllerV3 - INFO - 🎯 active=1, passive=2, mode=engaged
2026-02-03 17:50:39,585 - LightControllerV3 - INFO - 🎯 active=1, passive=2, mode=engaged
2026-02-03 17:50:39,619 - LightControllerV3 - INFO - 🎯 active=1, passive=2, mode=engaged
2026-02-03 17:50:39,652 - LightControllerV3 - INFO - 🎯 active=1, passive=2, mode=engaged
2026-02-03 17:50:39,687 - LightControllerV3 - INFO - 🎯 active=1, passive=2, mode=engaged
2026-02-03 17:50:39,721 - LightControllerV3 - INFO - 🎯 active=1, passive=2, mode=engaged
2026-02-03 17:50:39,755 - LightControllerV3 - INFO - 🎯 active=1, passive=2, mode=engaged
2026-02-03 17:50:39,788 - LightControllerV3 - INFO - 🎯 active=1, passive=2, mode=engaged
2026-02-03 17:50:39,822 - LightControllerV3 - INFO - 🎯 active=1, passive=2, mode=engaged
2026-02-03 17:50:39,856 - LightControllerV3 - INFO - 🎯 active=1, passive=2, mode=engaged
2026-02-03 17:50:39,891 - LightControllerV3 - INFO - 🎯 active=1, passive=2, mode=engaged
2026-02-03 17:50:39,925 - LightControllerV3 - INFO - 🎯 active=1, passive=2, mode=engaged
2026-02-03 17:50:39,959 - LightControllerV3 - INFO - 🎯 active=1, passive=2, mode=engaged
2026-02-03 17:50:39,993 - LightControllerV3 - INFO - 🎯 active=1, passive=2, mode=engaged
2026-02-03 17:50:40,026 - LightControllerV3 - INFO - 🎯 active=1, passive=2, mode=engaged
2026-02-03 17:50:40,061 - LightControllerV3 - INFO - 🎯 active=1, passive=2, mode=engaged
2026-02-03 17:50:40,095 - LightControllerV3 - INFO - 🎯 active=1, passive=2, mode=engaged
2026-02-03 17:50:40,129 - LightControllerV3 - INFO - 🎯 active=1, passive=2, mode=engaged
2026-02-03 17:50:40,161 - LightControllerV3 - INFO - 🎯 active=1, passive=2, mode=engaged
2026-02-03 17:50:40,195 - LightControllerV3 - INFO - 🎯 active=1, passive=2, mode=engaged
2026-02-03 17:50:40,229 - LightControllerV3 - INFO - 🎯 active=1, passive=2, mode=engaged
2026-02-03 17:50:40,263 - LightControllerV3 - INFO - 🎯 active=1, passive=2, mode=engaged
2026-02-03 17:50:40,297 - LightControllerV3 - INFO - 🎯 active=1, passive=2, mode=engaged
2026-02-03 17:50:40,332 - LightControllerV3 - INFO - 🎯 active=1, passive=2, mode=engaged
2026-02-03 17:50:40,365 - LightControllerV3 - INFO - 🎯 active=1, passive=2, mode=engaged
2026-02-03 17:50:40,400 - LightControllerV3 - INFO - 🎯 active=1, passive=2, mode=engaged
2026-02-03 17:50:40,433 - LightControllerV3 - INFO - 🎯 active=1, passive=2, mode=engaged
2026-02-03 17:50:40,468 - LightControllerV3 - INFO - 🎯 active=1, passive=2, mode=engaged
2026-02-03 17:50:40,501 - LightControllerV3 - INFO - 🎯 active=1, passive=2, mode=engaged
2026-02-03 17:50:40,535 - LightControllerV3 - INFO - 🎯 active=1, passive=2, mode=engaged
2026-02-03 17:50:40,569 - LightControllerV3 - INFO - 🎯 active=1, passive=2, mode=engaged
2026-02-03 17:50:40,603 - LightControllerV3 - INFO - 🎯 active=1, passive=2, mode=engaged
2026-02-03 17:50:40,637 - LightControllerV3 - INFO - 🎯 active=1, passive=3, mode=engaged
2026-02-03 17:50:40,671 - LightControllerV3 - INFO - 🎯 active=1, passive=3, mode=engaged
2026-02-03 17:50:40,705 - V3Dev.tracking.osc_handler - INFO - 📥 OSC: 165 msgs, person 16 at (-214, 182), active=1, passive=3
2026-02-03 17:50:40,706 - LightControllerV3 - INFO - 🎯 active=1, passive=3, mode=engaged
2026-02-03 17:50:40,740 - LightControllerV3 - INFO - 🎯 active=1, passive=3, mode=engaged
2026-02-03 17:50:40,773 - LightControllerV3 - INFO - 🎯 active=1, passive=3, mode=engaged
2026-02-03 17:50:40,806 - LightControllerV3 - INFO - 🎯 active=1, passive=3, mode=engaged
2026-02-03 17:50:40,839 - LightControllerV3 - INFO - 🎯 active=1, passive=3, mode=engaged
2026-02-03 17:50:40,874 - LightControllerV3 - INFO - 🎯 active=1, passive=3, mode=engaged
2026-02-03 17:50:40,906 - LightControllerV3 - INFO - 🎯 active=1, passive=3, mode=engaged
2026-02-03 17:50:40,941 - LightControllerV3 - INFO - 🎯 active=1, passive=3, mode=engaged
2026-02-03 17:50:40,973 - LightControllerV3 - INFO - 🎯 active=1, passive=3, mode=engaged
2026-02-03 17:50:41,008 - LightControllerV3 - INFO - 🎯 active=1, passive=3, mode=engaged
2026-02-03 17:50:41,042 - LightControllerV3 - INFO - 🎯 active=1, passive=3, mode=engaged
2026-02-03 17:50:41,075 - LightControllerV3 - INFO - 🎯 active=1, passive=3, mode=engaged
2026-02-03 17:50:41,109 - LightControllerV3 - INFO - 🎯 active=1, passive=3, mode=engaged
2026-02-03 17:50:41,144 - LightControllerV3 - INFO - 🎯 active=1, passive=3, mode=engaged
2026-02-03 17:50:41,178 - LightControllerV3 - INFO - 🎯 active=1, passive=3, mode=engaged
2026-02-03 17:50:41,212 - LightControllerV3 - INFO - 🎯 active=1, passive=3, mode=engaged
2026-02-03 17:50:41,246 - LightControllerV3 - INFO - 🎯 active=1, passive=3, mode=engaged
2026-02-03 17:50:41,279 - LightControllerV3 - INFO - 🎯 active=1, passive=3, mode=engaged
2026-02-03 17:50:41,315 - LightControllerV3 - INFO - 🎯 active=1, passive=3, mode=engaged
2026-02-03 17:50:41,349 - LightControllerV3 - INFO - 🎯 active=1, passive=3, mode=engaged
2026-02-03 17:50:41,382 - LightControllerV3 - INFO - 🎯 active=1, passive=3, mode=engaged
2026-02-03 17:50:41,416 - LightControllerV3 - INFO - 🎯 active=1, passive=2, mode=engaged
2026-02-03 17:50:41,450 - LightControllerV3 - INFO - 🎯 active=1, passive=2, mode=engaged
2026-02-03 17:50:41,484 - LightControllerV3 - INFO - 🎯 active=1, passive=2, mode=engaged
2026-02-03 17:50:41,518 - LightControllerV3 - INFO - 🎯 active=1, passive=2, mode=engaged
2026-02-03 17:50:41,553 - LightControllerV3 - INFO - 🎯 active=1, passive=2, mode=engaged
2026-02-03 17:50:41,586 - LightControllerV3 - INFO - 🎯 active=1, passive=2, mode=engaged
2026-02-03 17:50:41,621 - LightControllerV3 - INFO - 🎯 active=1, passive=2, mode=engaged
2026-02-03 17:50:41,654 - LightControllerV3 - INFO - 🎯 active=1, passive=2, mode=engaged
2026-02-03 17:50:41,688 - LightControllerV3 - INFO - 🎯 active=1, passive=2, mode=engaged
2026-02-03 17:50:41,723 - LightControllerV3 - INFO - 🎯 active=1, passive=2, mode=engaged
2026-02-03 17:50:41,756 - LightControllerV3 - INFO - 🎯 active=1, passive=2, mode=engaged
2026-02-03 17:50:41,791 - LightControllerV3 - INFO - 🎯 active=1, passive=2, mode=engaged
2026-02-03 17:50:41,823 - LightControllerV3 - INFO - 🎯 active=1, passive=2, mode=engaged
2026-02-03 17:50:41,857 - LightControllerV3 - INFO - 🎯 active=1, passive=2, mode=engaged
2026-02-03 17:50:41,891 - LightControllerV3 - INFO - 🎯 active=1, passive=2, mode=engaged
2026-02-03 17:50:41,925 - LightControllerV3 - INFO - 🎯 active=1, passive=2, mode=engaged
2026-02-03 17:50:41,958 - LightControllerV3 - INFO - 🎯 active=1, passive=2, mode=engaged
2026-02-03 17:50:41,993 - LightControllerV3 - INFO - 🎯 active=1, passive=2, mode=engaged
2026-02-03 17:50:42,027 - LightControllerV3 - INFO - 🎯 active=1, passive=2, mode=engaged
2026-02-03 17:50:42,062 - LightControllerV3 - INFO - 🎯 active=1, passive=2, mode=engaged
2026-02-03 17:50:42,095 - LightControllerV3 - INFO - 🎯 active=1, passive=2, mode=engaged
2026-02-03 17:50:42,129 - LightControllerV3 - INFO - 🎯 active=1, passive=2, mode=engaged
2026-02-03 17:50:42,163 - LightControllerV3 - INFO - 🎯 active=1, passive=2, mode=engaged
2026-02-03 17:50:42,197 - LightControllerV3 - INFO - 🎯 active=1, passive=2, mode=engaged
2026-02-03 17:50:42,230 - LightControllerV3 - INFO - 🎯 active=1, passive=2, mode=engaged
2026-02-03 17:50:42,266 - LightControllerV3 - INFO - 🎯 active=1, passive=2, mode=engaged
2026-02-03 17:50:42,300 - LightControllerV3 - INFO - 🎯 active=1, passive=2, mode=engaged
2026-02-03 17:50:42,333 - LightControllerV3 - INFO - 🎯 active=1, passive=2, mode=engaged
2026-02-03 17:50:42,368 - LightControllerV3 - INFO - 🎯 active=1, passive=2, mode=engaged
2026-02-03 17:50:42,402 - LightControllerV3 - INFO - 🎯 active=1, passive=2, mode=engaged
2026-02-03 17:50:42,436 - LightControllerV3 - INFO - 🎯 active=1, passive=2, mode=engaged
2026-02-03 17:50:42,470 - LightControllerV3 - INFO - 🎯 active=1, passive=2, mode=engaged
2026-02-03 17:50:42,502 - LightControllerV3 - INFO - 🎯 active=1, passive=2, mode=engaged
2026-02-03 17:50:42,538 - LightControllerV3 - INFO - 🎯 active=1, passive=2, mode=engaged
2026-02-03 17:50:42,572 - LightControllerV3 - INFO - 🎯 active=1, passive=2, mode=engaged
2026-02-03 17:50:42,606 - LightControllerV3 - INFO - 🎯 active=1, passive=2, mode=engaged
2026-02-03 17:50:42,639 - LightControllerV3 - INFO - 🎯 active=1, passive=2, mode=engaged
2026-02-03 17:50:42,673 - LightControllerV3 - INFO - 🎯 active=1, passive=2, mode=engaged
2026-02-03 17:50:42,706 - V3Dev.tracking.osc_handler - INFO - 📥 OSC: 192 msgs, person 16 at (-214, 182), active=1, passive=2
2026-02-03 17:50:42,707 - LightControllerV3 - INFO - 🎯 active=1, passive=2, mode=engaged
2026-02-03 17:50:42,741 - LightControllerV3 - INFO - 🎯 active=1, passive=1, mode=engaged
2026-02-03 17:50:42,775 - LightControllerV3 - INFO - 🎯 active=1, passive=2, mode=engaged
2026-02-03 17:50:42,810 - LightControllerV3 - INFO - 🎯 active=1, passive=2, mode=engaged
2026-02-03 17:50:42,843 - LightControllerV3 - INFO - 🎯 active=1, passive=2, mode=engaged
2026-02-03 17:50:42,877 - LightControllerV3 - INFO - 🎯 active=1, passive=2, mode=engaged
2026-02-03 17:50:42,912 - LightControllerV3 - INFO - 🎯 active=1, passive=2, mode=engaged
2026-02-03 17:50:42,945 - LightControllerV3 - INFO - 🎯 active=1, passive=2, mode=engaged
2026-02-03 17:50:42,979 - LightControllerV3 - INFO - 🎯 active=1, passive=2, mode=engaged
2026-02-03 17:50:43,013 - LightControllerV3 - INFO - 🎯 active=1, passive=2, mode=engaged
2026-02-03 17:50:43,047 - LightControllerV3 - INFO - 🎯 active=1, passive=2, mode=engaged
2026-02-03 17:50:43,081 - LightControllerV3 - INFO - 🎯 active=1, passive=2, mode=engaged
2026-02-03 17:50:43,114 - LightControllerV3 - INFO - 🎯 active=1, passive=2, mode=engaged
2026-02-03 17:50:43,149 - LightControllerV3 - INFO - 🎯 active=1, passive=2, mode=engaged
2026-02-03 17:50:43,184 - LightControllerV3 - INFO - 🎯 active=1, passive=2, mode=engaged
2026-02-03 17:50:43,218 - LightControllerV3 - INFO - 🎯 active=1, passive=2, mode=engaged
2026-02-03 17:50:43,251 - LightControllerV3 - INFO - 🎯 active=1, passive=2, mode=engaged
2026-02-03 17:50:43,285 - LightControllerV3 - INFO - 🎯 active=1, passive=2, mode=engaged
2026-02-03 17:50:43,319 - LightControllerV3 - INFO - 🎯 active=1, passive=2, mode=engaged
2026-02-03 17:50:43,353 - LightControllerV3 - INFO - 🎯 active=1, passive=2, mode=engaged
2026-02-03 17:50:43,386 - LightControllerV3 - INFO - 🎯 active=1, passive=2, mode=engaged
2026-02-03 17:50:43,421 - LightControllerV3 - INFO - 🎯 active=1, passive=2, mode=engaged
2026-02-03 17:50:43,456 - LightControllerV3 - INFO - 🎯 active=1, passive=2, mode=engaged
2026-02-03 17:50:43,489 - LightControllerV3 - INFO - 🎯 active=1, passive=2, mode=engaged
2026-02-03 17:50:43,524 - LightControllerV3 - INFO - 🎯 active=1, passive=2, mode=engaged
2026-02-03 17:50:43,557 - LightControllerV3 - INFO - 🎯 active=1, passive=2, mode=engaged
2026-02-03 17:50:43,592 - LightControllerV3 - INFO - 🎯 active=1, passive=2, mode=engaged
2026-02-03 17:50:43,625 - LightControllerV3 - INFO - 🎯 active=1, passive=2, mode=engaged
2026-02-03 17:50:43,660 - LightControllerV3 - INFO - 🎯 active=1, passive=2, mode=engaged
2026-02-03 17:50:43,694 - LightControllerV3 - INFO - 🎯 active=1, passive=2, mode=engaged
2026-02-03 17:50:43,727 - LightControllerV3 - INFO - 🎯 active=1, passive=2, mode=engaged
2026-02-03 17:50:43,761 - LightControllerV3 - INFO - 🎯 active=1, passive=2, mode=engaged
2026-02-03 17:50:43,795 - LightControllerV3 - INFO - 🎯 active=1, passive=1, mode=engaged
2026-02-03 17:50:43,828 - LightControllerV3 - INFO - 🎯 active=1, passive=1, mode=engaged
2026-02-03 17:50:43,862 - LightControllerV3 - INFO - 🎯 active=1, passive=1, mode=engaged
2026-02-03 17:50:43,896 - LightControllerV3 - INFO - 🎯 active=1, passive=1, mode=engaged
2026-02-03 17:50:43,931 - LightControllerV3 - INFO - 🎯 active=1, passive=1, mode=engaged
2026-02-03 17:50:43,965 - LightControllerV3 - INFO - 🎯 active=1, passive=1, mode=engaged
2026-02-03 17:50:43,999 - LightControllerV3 - INFO - 🎯 active=1, passive=1, mode=engaged
2026-02-03 17:50:44,031 - LightControllerV3 - INFO - 🎯 active=1, passive=1, mode=engaged
2026-02-03 17:50:44,066 - LightControllerV3 - INFO - 🎯 active=1, passive=1, mode=engaged
2026-02-03 17:50:44,100 - LightControllerV3 - INFO - 🎯 active=1, passive=1, mode=engaged
2026-02-03 17:50:44,134 - LightControllerV3 - INFO - 🎯 active=1, passive=1, mode=engaged
2026-02-03 17:50:44,168 - LightControllerV3 - INFO - 🎯 active=1, passive=1, mode=engaged
2026-02-03 17:50:44,202 - LightControllerV3 - INFO - 🎯 active=1, passive=1, mode=engaged
2026-02-03 17:50:44,236 - LightControllerV3 - INFO - 🎯 active=1, passive=1, mode=engaged
2026-02-03 17:50:44,270 - LightControllerV3 - INFO - 🎯 active=1, passive=1, mode=engaged
2026-02-03 17:50:44,304 - LightControllerV3 - INFO - 🎯 active=1, passive=1, mode=engaged
2026-02-03 17:50:44,337 - LightControllerV3 - INFO - 🎯 active=1, passive=1, mode=engaged
2026-02-03 17:50:44,371 - LightControllerV3 - INFO - 🎯 active=1, passive=1, mode=engaged
2026-02-03 17:50:44,405 - LightControllerV3 - INFO - 🎯 active=1, passive=1, mode=engaged
2026-02-03 17:50:44,439 - LightControllerV3 - INFO - 🎯 active=1, passive=1, mode=engaged
2026-02-03 17:50:44,474 - LightControllerV3 - INFO - 🎯 active=1, passive=1, mode=engaged
2026-02-03 17:50:44,508 - LightControllerV3 - INFO - 🎯 active=1, passive=1, mode=engaged
2026-02-03 17:50:44,542 - LightControllerV3 - INFO - 🎯 active=1, passive=1, mode=engaged
2026-02-03 17:50:44,575 - LightControllerV3 - INFO - 🎯 active=1, passive=1, mode=engaged
2026-02-03 17:50:44,608 - LightControllerV3 - INFO - 🎯 active=1, passive=1, mode=engaged
2026-02-03 17:50:44,642 - LightControllerV3 - INFO - 🎯 active=1, passive=1, mode=engaged
2026-02-03 17:50:44,675 - LightControllerV3 - INFO - 🎯 active=1, passive=1, mode=engaged
2026-02-03 17:50:44,709 - V3Dev.tracking.osc_handler - INFO - 📥 OSC: 161 msgs, person 16 at (-224, 236), active=1, passive=1
2026-02-03 17:50:44,711 - LightControllerV3 - INFO - 🎯 active=1, passive=1, mode=engaged
2026-02-03 17:50:44,743 - LightControllerV3 - INFO - 🎯 active=1, passive=2, mode=engaged
2026-02-03 17:50:44,776 - LightControllerV3 - INFO - 🎯 active=1, passive=2, mode=engaged
2026-02-03 17:50:44,810 - LightControllerV3 - INFO - 🎯 active=1, passive=2, mode=engaged
2026-02-03 17:50:44,844 - LightControllerV3 - INFO - 🎯 active=1, passive=2, mode=engaged
2026-02-03 17:50:44,878 - LightControllerV3 - INFO - 🎯 active=1, passive=2, mode=engaged
2026-02-03 17:50:44,912 - LightControllerV3 - INFO - 🎯 active=1, passive=2, mode=engaged
2026-02-03 17:50:44,947 - LightControllerV3 - INFO - 🎯 active=1, passive=2, mode=engaged
2026-02-03 17:50:44,981 - LightControllerV3 - INFO - 🎯 active=1, passive=2, mode=engaged
2026-02-03 17:50:45,014 - LightControllerV3 - INFO - 🎯 active=1, passive=2, mode=engaged
2026-02-03 17:50:45,049 - LightControllerV3 - INFO - 🎯 active=1, passive=2, mode=engaged
2026-02-03 17:50:45,083 - LightControllerV3 - INFO - 🎯 active=1, passive=2, mode=engaged
2026-02-03 17:50:45,118 - LightControllerV3 - INFO - 🎯 active=1, passive=2, mode=engaged
2026-02-03 17:50:45,152 - LightControllerV3 - INFO - 🎯 active=1, passive=2, mode=engaged
2026-02-03 17:50:45,185 - LightControllerV3 - INFO - 🎯 active=1, passive=2, mode=engaged
2026-02-03 17:50:45,219 - LightControllerV3 - INFO - 🎯 active=1, passive=2, mode=engaged
2026-02-03 17:50:45,254 - LightControllerV3 - INFO - 🎯 active=1, passive=2, mode=engaged
2026-02-03 17:50:45,287 - LightControllerV3 - INFO - 🎯 active=1, passive=2, mode=engaged
2026-02-03 17:50:45,321 - LightControllerV3 - INFO - 🎯 active=1, passive=2, mode=engaged
2026-02-03 17:50:45,353 - LightControllerV3 - INFO - 🎯 active=1, passive=2, mode=engaged
2026-02-03 17:50:45,388 - LightControllerV3 - INFO - 🎯 active=1, passive=2, mode=engaged
2026-02-03 17:50:45,422 - LightControllerV3 - INFO - 🎯 active=1, passive=2, mode=engaged
2026-02-03 17:50:45,456 - LightControllerV3 - INFO - 🎯 active=1, passive=2, mode=engaged
2026-02-03 17:50:45,490 - LightControllerV3 - INFO - 🎯 active=1, passive=2, mode=engaged
2026-02-03 17:50:45,524 - LightControllerV3 - INFO - 🎯 active=1, passive=2, mode=engaged
2026-02-03 17:50:45,557 - LightControllerV3 - INFO - 🎯 active=1, passive=2, mode=engaged
2026-02-03 17:50:45,591 - LightControllerV3 - INFO - 🎯 active=1, passive=2, mode=engaged
2026-02-03 17:50:45,625 - LightControllerV3 - INFO - 🎯 active=1, passive=2, mode=engaged
2026-02-03 17:50:45,658 - LightControllerV3 - INFO - 🎯 active=1, passive=2, mode=engaged
2026-02-03 17:50:45,692 - LightControllerV3 - INFO - 🎯 active=1, passive=2, mode=engaged
2026-02-03 17:50:45,725 - LightControllerV3 - INFO - 🎯 active=1, passive=2, mode=engaged
2026-02-03 17:50:45,759 - LightControllerV3 - INFO - 🎯 active=1, passive=2, mode=engaged
2026-02-03 17:50:45,793 - LightControllerV3 - INFO - 🎯 active=1, passive=2, mode=engaged
2026-02-03 17:50:45,827 - LightControllerV3 - INFO - 🎯 active=1, passive=1, mode=engaged
2026-02-03 17:50:45,861 - LightControllerV3 - INFO - 🎯 active=1, passive=1, mode=engaged
2026-02-03 17:50:45,895 - LightControllerV3 - INFO - 🎯 active=1, passive=1, mode=engaged
2026-02-03 17:50:45,929 - LightControllerV3 - INFO - 🎯 active=1, passive=1, mode=engaged
2026-02-03 17:50:45,961 - LightControllerV3 - INFO - 🎯 active=1, passive=1, mode=engaged
2026-02-03 17:50:45,995 - LightControllerV3 - INFO - 🎯 active=1, passive=1, mode=engaged
2026-02-03 17:50:46,029 - LightControllerV3 - INFO - 🎯 active=1, passive=1, mode=engaged
2026-02-03 17:50:46,064 - LightControllerV3 - INFO - 🎯 active=1, passive=1, mode=engaged
2026-02-03 17:50:46,097 - LightControllerV3 - INFO - 🎯 active=1, passive=1, mode=engaged
2026-02-03 17:50:46,131 - LightControllerV3 - INFO - 🎯 active=1, passive=1, mode=engaged
2026-02-03 17:50:46,165 - LightControllerV3 - INFO - 🎯 active=1, passive=1, mode=engaged
2026-02-03 17:50:46,199 - LightControllerV3 - INFO - 🎯 active=1, passive=1, mode=engaged
2026-02-03 17:50:46,233 - LightControllerV3 - INFO - 🎯 active=1, passive=1, mode=engaged
2026-02-03 17:50:46,267 - LightControllerV3 - INFO - 🎯 active=1, passive=1, mode=engaged
2026-02-03 17:50:46,301 - LightControllerV3 - INFO - 🎯 active=1, passive=1, mode=engaged
2026-02-03 17:50:46,335 - LightControllerV3 - INFO - 🎯 active=1, passive=1, mode=engaged
2026-02-03 17:50:46,369 - LightControllerV3 - INFO - 🎯 active=1, passive=1, mode=engaged
2026-02-03 17:50:46,402 - LightControllerV3 - INFO - 🎯 active=1, passive=1, mode=engaged
2026-02-03 17:50:46,437 - LightControllerV3 - INFO - 🎯 active=1, passive=1, mode=engaged
2026-02-03 17:50:46,471 - LightControllerV3 - INFO - 🎯 active=1, passive=1, mode=engaged
2026-02-03 17:50:46,505 - LightControllerV3 - INFO - 🎯 active=1, passive=1, mode=engaged
2026-02-03 17:50:46,539 - LightControllerV3 - INFO - 🎯 active=1, passive=1, mode=engaged
2026-02-03 17:50:46,573 - LightControllerV3 - INFO - 🎯 active=1, passive=1, mode=engaged
2026-02-03 17:50:46,608 - LightControllerV3 - INFO - 🎯 active=1, passive=2, mode=engaged
2026-02-03 17:50:46,641 - LightControllerV3 - INFO - 🎯 active=1, passive=2, mode=engaged
2026-02-03 17:50:46,675 - LightControllerV3 - INFO - 🎯 active=1, passive=2, mode=engaged
2026-02-03 17:50:46,708 - LightControllerV3 - INFO - 🎯 active=1, passive=2, mode=engaged
2026-02-03 17:50:46,742 - V3Dev.tracking.osc_handler - INFO - 📥 OSC: 152 msgs, person 16 at (-200, 274), active=1, passive=2
2026-02-03 17:50:46,743 - LightControllerV3 - INFO - 🎯 active=1, passive=2, mode=engaged
2026-02-03 17:50:46,776 - LightControllerV3 - INFO - 🎯 active=1, passive=2, mode=engaged
2026-02-03 17:50:46,810 - LightControllerV3 - INFO - 🎯 active=1, passive=2, mode=engaged
2026-02-03 17:50:46,844 - LightControllerV3 - INFO - 🎯 active=1, passive=2, mode=engaged
2026-02-03 17:50:46,878 - LightControllerV3 - INFO - 🎯 active=1, passive=2, mode=engaged
2026-02-03 17:50:48,742 - V3Dev.tracking.osc_handler - INFO - 📥 OSC: 139 msgs, person 16 at (22, 301), active=0, passive=2
2026-02-03 17:50:50,746 - V3Dev.tracking.osc_handler - INFO - 📥 OSC: 113 msgs, person 28 at (-181, 324), active=0, passive=1
2026-02-03 17:50:51,660 - LightControllerV3 - INFO - 🎯 active=0, passive=2, mode=engaged
2026-02-03 17:50:52,747 - V3Dev.tracking.osc_handler - INFO - 📥 OSC: 112 msgs, person 29 at (-203, 489), active=0, passive=1
2026-02-03 17:50:54,750 - V3Dev.tracking.osc_handler - INFO - 📥 OSC: 110 msgs, person 30 at (-149, 478), active=0, passive=2
2026-02-03 17:50:56,072 - LightControllerV3 - INFO - 🎯 active=1, passive=2, mode=engaged
2026-02-03 17:50:56,106 - LightControllerV3 - INFO - 🎯 active=1, passive=2, mode=engaged
2026-02-03 17:50:56,140 - LightControllerV3 - INFO - 🎯 active=1, passive=2, mode=engaged
2026-02-03 17:50:56,174 - LightControllerV3 - INFO - 🎯 active=1, passive=2, mode=engaged
2026-02-03 17:50:56,208 - LightControllerV3 - INFO - 🎯 active=1, passive=2, mode=engaged
2026-02-03 17:50:56,243 - LightControllerV3 - INFO - 🎯 active=1, passive=2, mode=engaged
2026-02-03 17:50:56,276 - LightControllerV3 - INFO - 🎯 active=1, passive=2, mode=engaged
2026-02-03 17:50:56,309 - LightControllerV3 - INFO - 🎯 active=1, passive=2, mode=engaged
2026-02-03 17:50:56,344 - LightControllerV3 - INFO - 🎯 active=1, passive=2, mode=engaged
2026-02-03 17:50:56,378 - LightControllerV3 - INFO - 🎯 active=1, passive=2, mode=engaged
2026-02-03 17:50:56,412 - LightControllerV3 - INFO - 🎯 active=1, passive=2, mode=engaged
2026-02-03 17:50:56,445 - LightControllerV3 - INFO - 🎯 active=1, passive=2, mode=engaged
2026-02-03 17:50:56,480 - LightControllerV3 - INFO - 🎯 active=1, passive=2, mode=engaged
2026-02-03 17:50:56,513 - LightControllerV3 - INFO - 🎯 active=1, passive=2, mode=engaged
2026-02-03 17:50:56,548 - LightControllerV3 - INFO - 🎯 active=1, passive=2, mode=engaged
2026-02-03 17:50:56,580 - LightControllerV3 - INFO - 🎯 active=1, passive=2, mode=engaged
2026-02-03 17:50:56,615 - LightControllerV3 - INFO - 🎯 active=1, passive=2, mode=engaged
2026-02-03 17:50:56,649 - LightControllerV3 - INFO - 🎯 active=1, passive=3, mode=engaged
2026-02-03 17:50:56,683 - LightControllerV3 - INFO - 🎯 active=1, passive=3, mode=engaged
2026-02-03 17:50:56,717 - LightControllerV3 - INFO - 🎯 active=1, passive=3, mode=engaged
2026-02-03 17:50:56,751 - V3Dev.tracking.osc_handler - INFO - 📥 OSC: 163 msgs, person 30 at (-346, 477), active=1, passive=3
2026-02-03 17:50:56,752 - LightControllerV3 - INFO - 🎯 active=1, passive=3, mode=engaged
2026-02-03 17:50:56,785 - LightControllerV3 - INFO - 🎯 active=1, passive=3, mode=engaged
2026-02-03 17:50:56,819 - LightControllerV3 - INFO - 🎯 active=1, passive=3, mode=engaged
2026-02-03 17:50:56,852 - LightControllerV3 - INFO - 🎯 active=1, passive=3, mode=engaged
2026-02-03 17:50:56,888 - LightControllerV3 - INFO - 🎯 active=1, passive=3, mode=engaged
2026-02-03 17:50:56,920 - LightControllerV3 - INFO - 🎯 active=1, passive=2, mode=engaged
2026-02-03 17:50:56,955 - LightControllerV3 - INFO - 🎯 active=1, passive=2, mode=engaged
2026-02-03 17:50:56,988 - LightControllerV3 - INFO - 🎯 active=1, passive=2, mode=engaged
2026-02-03 17:50:57,022 - LightControllerV3 - INFO - 🎯 active=1, passive=2, mode=engaged
2026-02-03 17:50:57,056 - LightControllerV3 - INFO - 🎯 active=1, passive=2, mode=engaged
2026-02-03 17:50:57,090 - LightControllerV3 - INFO - 🎯 active=1, passive=2, mode=engaged
2026-02-03 17:50:57,124 - LightControllerV3 - INFO - 🎯 active=1, passive=2, mode=engaged
2026-02-03 17:50:57,158 - LightControllerV3 - INFO - 🎯 active=1, passive=2, mode=engaged
2026-02-03 17:50:57,191 - LightControllerV3 - INFO - 🎯 active=1, passive=2, mode=engaged
2026-02-03 17:50:57,225 - LightControllerV3 - INFO - 🎯 active=1, passive=2, mode=engaged
2026-02-03 17:50:57,259 - LightControllerV3 - INFO - 🎯 active=1, passive=2, mode=engaged
2026-02-03 17:50:57,294 - LightControllerV3 - INFO - 🎯 active=1, passive=2, mode=engaged
2026-02-03 17:50:57,328 - LightControllerV3 - INFO - 🎯 active=1, passive=2, mode=engaged
2026-02-03 17:50:57,361 - LightControllerV3 - INFO - 🎯 active=1, passive=2, mode=engaged
2026-02-03 17:50:57,396 - LightControllerV3 - INFO - 🎯 active=1, passive=2, mode=engaged
2026-02-03 17:50:57,429 - LightControllerV3 - INFO - 🎯 active=1, passive=2, mode=engaged
2026-02-03 17:50:57,464 - LightControllerV3 - INFO - 🎯 active=1, passive=2, mode=engaged
2026-02-03 17:50:57,497 - LightControllerV3 - INFO - 🎯 active=1, passive=2, mode=engaged
2026-02-03 17:50:57,530 - LightControllerV3 - INFO - 🎯 active=1, passive=2, mode=engaged
2026-02-03 17:50:57,565 - LightControllerV3 - INFO - 🎯 active=1, passive=2, mode=engaged
2026-02-03 17:50:57,599 - LightControllerV3 - INFO - 🎯 active=1, passive=2, mode=engaged
2026-02-03 17:50:57,633 - LightControllerV3 - INFO - 🎯 active=1, passive=2, mode=engaged
2026-02-03 17:50:57,667 - LightControllerV3 - INFO - 🎯 active=1, passive=2, mode=engaged
2026-02-03 17:50:57,702 - LightControllerV3 - INFO - 🎯 active=1, passive=2, mode=engaged
2026-02-03 17:50:57,734 - LightControllerV3 - INFO - 🎯 active=1, passive=2, mode=engaged
2026-02-03 17:50:57,768 - LightControllerV3 - INFO - 🎯 active=1, passive=2, mode=engaged
2026-02-03 17:50:57,802 - LightControllerV3 - INFO - 🎯 active=1, passive=2, mode=engaged
2026-02-03 17:50:57,835 - LightControllerV3 - INFO - 🎯 active=1, passive=2, mode=engaged
2026-02-03 17:50:57,870 - LightControllerV3 - INFO - 🎯 active=1, passive=2, mode=engaged
2026-02-03 17:50:57,904 - LightControllerV3 - INFO - 🎯 active=1, passive=2, mode=engaged
2026-02-03 17:50:57,938 - LightControllerV3 - INFO - 🎯 active=1, passive=2, mode=engaged
2026-02-03 17:50:57,972 - LightControllerV3 - INFO - 🎯 active=1, passive=2, mode=engaged
2026-02-03 17:50:58,006 - LightControllerV3 - INFO - 🎯 active=1, passive=2, mode=engaged
2026-02-03 17:50:58,040 - LightControllerV3 - INFO - 🎯 active=1, passive=2, mode=engaged
2026-02-03 17:50:58,074 - LightControllerV3 - INFO - 🎯 active=1, passive=2, mode=engaged
2026-02-03 17:50:58,108 - LightControllerV3 - INFO - 🎯 active=1, passive=2, mode=engaged
2026-02-03 17:50:58,141 - LightControllerV3 - INFO - 🎯 active=1, passive=2, mode=engaged
2026-02-03 17:50:58,175 - LightControllerV3 - INFO - 🎯 active=1, passive=2, mode=engaged
2026-02-03 17:50:58,209 - LightControllerV3 - INFO - 🎯 active=1, passive=2, mode=engaged
2026-02-03 17:50:58,243 - LightControllerV3 - INFO - 🎯 active=1, passive=1, mode=engaged
2026-02-03 17:50:58,277 - LightControllerV3 - INFO - 🎯 active=1, passive=1, mode=engaged
2026-02-03 17:50:58,311 - LightControllerV3 - INFO - 🎯 active=1, passive=1, mode=engaged
2026-02-03 17:50:58,345 - LightControllerV3 - INFO - 🎯 active=1, passive=1, mode=engaged
2026-02-03 17:50:58,380 - LightControllerV3 - INFO - 🎯 active=1, passive=1, mode=engaged
2026-02-03 17:50:58,412 - LightControllerV3 - INFO - 🎯 active=1, passive=1, mode=engaged
2026-02-03 17:50:58,446 - LightControllerV3 - INFO - 🎯 active=1, passive=1, mode=engaged
2026-02-03 17:50:58,481 - LightControllerV3 - INFO - 🎯 active=1, passive=1, mode=engaged
2026-02-03 17:50:58,514 - LightControllerV3 - INFO - 🎯 active=1, passive=1, mode=engaged
2026-02-03 17:50:58,548 - LightControllerV3 - INFO - 🎯 active=1, passive=1, mode=engaged
2026-02-03 17:50:58,582 - LightControllerV3 - INFO - 🎯 active=1, passive=1, mode=engaged
2026-02-03 17:50:58,615 - LightControllerV3 - INFO - 🎯 active=1, passive=1, mode=engaged
2026-02-03 17:50:58,650 - LightControllerV3 - INFO - 🎯 active=1, passive=1, mode=engaged
2026-02-03 17:50:58,683 - LightControllerV3 - INFO - 🎯 active=1, passive=1, mode=engaged
2026-02-03 17:50:58,717 - LightControllerV3 - INFO - 🎯 active=1, passive=1, mode=engaged
2026-02-03 17:50:58,751 - LightControllerV3 - INFO - 🎯 active=1, passive=1, mode=engaged
2026-02-03 17:50:58,785 - V3Dev.tracking.osc_handler - INFO - 📥 OSC: 176 msgs, person 32 at (-96, 241), active=1, passive=1
2026-02-03 17:50:58,786 - LightControllerV3 - INFO - 🎯 active=1, passive=2, mode=engaged
2026-02-03 17:50:58,819 - LightControllerV3 - INFO - 🎯 active=1, passive=2, mode=engaged
2026-02-03 17:50:58,853 - LightControllerV3 - INFO - 🎯 active=1, passive=2, mode=engaged
2026-02-03 17:50:58,886 - LightControllerV3 - INFO - 🎯 active=1, passive=2, mode=engaged
2026-02-03 17:50:58,920 - LightControllerV3 - INFO - 🎯 active=1, passive=2, mode=engaged
2026-02-03 17:50:58,954 - LightControllerV3 - INFO - 🎯 active=1, passive=2, mode=engaged
2026-02-03 17:50:58,988 - LightControllerV3 - INFO - 🎯 active=1, passive=2, mode=engaged
2026-02-03 17:50:59,022 - LightControllerV3 - INFO - 🎯 active=1, passive=2, mode=engaged
2026-02-03 17:50:59,056 - LightControllerV3 - INFO - 🎯 active=1, passive=2, mode=engaged
2026-02-03 17:50:59,091 - LightControllerV3 - INFO - 🎯 active=1, passive=2, mode=engaged
2026-02-03 17:50:59,123 - LightControllerV3 - INFO - 🎯 active=1, passive=2, mode=engaged
2026-02-03 17:50:59,158 - LightControllerV3 - INFO - 🎯 active=1, passive=2, mode=engaged
2026-02-03 17:50:59,193 - LightControllerV3 - INFO - 🎯 active=1, passive=2, mode=engaged
2026-02-03 17:50:59,226 - LightControllerV3 - INFO - 🎯 active=1, passive=2, mode=engaged
2026-02-03 17:50:59,260 - LightControllerV3 - INFO - 🎯 active=1, passive=2, mode=engaged
2026-02-03 17:50:59,294 - LightControllerV3 - INFO - 🎯 active=1, passive=2, mode=engaged
2026-02-03 17:50:59,328 - LightControllerV3 - INFO - 🎯 active=1, passive=2, mode=engaged
2026-02-03 17:50:59,362 - LightControllerV3 - INFO - 🎯 active=1, passive=2, mode=engaged
2026-02-03 17:50:59,395 - LightControllerV3 - INFO - 🎯 active=1, passive=2, mode=engaged
2026-02-03 17:50:59,430 - LightControllerV3 - INFO - 🎯 active=1, passive=2, mode=engaged
2026-02-03 17:50:59,465 - LightControllerV3 - INFO - 🎯 active=1, passive=2, mode=engaged
2026-02-03 17:50:59,498 - LightControllerV3 - INFO - 🎯 active=1, passive=2, mode=engaged
2026-02-03 17:50:59,531 - LightControllerV3 - INFO - 🎯 active=1, passive=2, mode=engaged
2026-02-03 17:50:59,566 - LightControllerV3 - INFO - 🎯 active=1, passive=2, mode=engaged
2026-02-03 17:50:59,599 - LightControllerV3 - INFO - 🎯 active=1, passive=2, mode=engaged
2026-02-03 17:50:59,632 - LightControllerV3 - INFO - 🎯 active=1, passive=2, mode=engaged
2026-02-03 17:50:59,666 - LightControllerV3 - INFO - 🎯 active=1, passive=2, mode=engaged
2026-02-03 17:50:59,700 - LightControllerV3 - INFO - 🎯 active=1, passive=2, mode=engaged
2026-02-03 17:50:59,733 - LightControllerV3 - INFO - 🎯 active=1, passive=2, mode=engaged
2026-02-03 17:50:59,767 - LightControllerV3 - INFO - 🎯 active=1, passive=2, mode=engaged
2026-02-03 17:50:59,800 - LightControllerV3 - INFO - 🎯 active=1, passive=2, mode=engaged
2026-02-03 17:50:59,835 - LightControllerV3 - INFO - 🎯 active=1, passive=2, mode=engaged
2026-02-03 17:50:59,869 - LightControllerV3 - INFO - 🎯 active=1, passive=2, mode=engaged
2026-02-03 17:50:59,902 - LightControllerV3 - INFO - 🎯 active=1, passive=2, mode=engaged
2026-02-03 17:50:59,936 - LightControllerV3 - INFO - 🎯 active=1, passive=2, mode=engaged
2026-02-03 17:50:59,971 - LightControllerV3 - INFO - 🎯 active=1, passive=2, mode=engaged
2026-02-03 17:51:00,004 - LightControllerV3 - INFO - 🎯 active=1, passive=2, mode=engaged
2026-02-03 17:51:00,038 - LightControllerV3 - INFO - 🎯 active=1, passive=2, mode=engaged
2026-02-03 17:51:00,073 - LightControllerV3 - INFO - 🎯 active=1, passive=2, mode=engaged
2026-02-03 17:51:00,107 - LightControllerV3 - INFO - 🎯 active=1, passive=2, mode=engaged
2026-02-03 17:51:00,141 - LightControllerV3 - INFO - 🎯 active=1, passive=2, mode=engaged
2026-02-03 17:51:00,174 - LightControllerV3 - INFO - 🎯 active=1, passive=2, mode=engaged
2026-02-03 17:51:00,208 - LightControllerV3 - INFO - 🎯 active=1, passive=2, mode=engaged
2026-02-03 17:51:00,241 - LightControllerV3 - INFO - 🎯 active=1, passive=2, mode=engaged
2026-02-03 17:51:00,277 - LightControllerV3 - INFO - 🎯 active=1, passive=2, mode=engaged
2026-02-03 17:51:00,311 - LightControllerV3 - INFO - 🎯 active=1, passive=2, mode=engaged
2026-02-03 17:51:00,343 - LightControllerV3 - INFO - 🎯 active=1, passive=2, mode=engaged
2026-02-03 17:51:00,377 - LightControllerV3 - INFO - 🎯 active=1, passive=1, mode=engaged
2026-02-03 17:51:00,411 - LightControllerV3 - INFO - 🎯 active=1, passive=1, mode=engaged
2026-02-03 17:51:00,444 - LightControllerV3 - INFO - 🎯 active=1, passive=1, mode=engaged
2026-02-03 17:51:00,478 - LightControllerV3 - INFO - 🎯 active=1, passive=1, mode=engaged
2026-02-03 17:51:00,513 - LightControllerV3 - INFO - 🎯 active=1, passive=1, mode=engaged
2026-02-03 17:51:00,546 - LightControllerV3 - INFO - 🎯 active=1, passive=1, mode=engaged
2026-02-03 17:51:00,580 - LightControllerV3 - INFO - 🎯 active=1, passive=1, mode=engaged
2026-02-03 17:51:00,614 - LightControllerV3 - INFO - 🎯 active=1, passive=2, mode=engaged
2026-02-03 17:51:00,648 - LightControllerV3 - INFO - 🎯 active=1, passive=2, mode=engaged
2026-02-03 17:51:00,682 - LightControllerV3 - INFO - 🎯 active=1, passive=2, mode=engaged
2026-02-03 17:51:00,716 - LightControllerV3 - INFO - 🎯 active=1, passive=2, mode=engaged
2026-02-03 17:51:00,750 - LightControllerV3 - INFO - 🎯 active=1, passive=2, mode=engaged
2026-02-03 17:51:00,784 - LightControllerV3 - INFO - 🎯 active=1, passive=2, mode=engaged
2026-02-03 17:51:00,817 - LightControllerV3 - INFO - 🎯 active=1, passive=2, mode=engaged
2026-02-03 17:51:00,851 - V3Dev.tracking.osc_handler - INFO - 📥 OSC: 171 msgs, person 32 at (-87, 190), active=1, passive=2
2026-02-03 17:51:00,852 - LightControllerV3 - INFO - 🎯 active=1, passive=2, mode=engaged
2026-02-03 17:51:00,886 - LightControllerV3 - INFO - 🎯 active=1, passive=2, mode=engaged
2026-02-03 17:51:00,921 - LightControllerV3 - INFO - 🎯 active=1, passive=2, mode=engaged
2026-02-03 17:51:00,955 - LightControllerV3 - INFO - 🎯 active=1, passive=2, mode=engaged
2026-02-03 17:51:00,988 - LightControllerV3 - INFO - 🎯 active=1, passive=2, mode=engaged
2026-02-03 17:51:01,022 - LightControllerV3 - INFO - 🎯 active=1, passive=2, mode=engaged
2026-02-03 17:51:01,056 - LightControllerV3 - INFO - 🎯 active=1, passive=2, mode=engaged
2026-02-03 17:51:01,089 - LightControllerV3 - INFO - 🎯 active=1, passive=2, mode=engaged
2026-02-03 17:51:01,124 - LightControllerV3 - INFO - 🎯 active=1, passive=2, mode=engaged
2026-02-03 17:51:01,157 - LightControllerV3 - INFO - 🎯 active=1, passive=2, mode=engaged
2026-02-03 17:51:01,191 - LightControllerV3 - INFO - 🎯 active=1, passive=2, mode=engaged
2026-02-03 17:51:01,225 - LightControllerV3 - INFO - 🎯 active=1, passive=2, mode=engaged
2026-02-03 17:51:01,259 - LightControllerV3 - INFO - 🎯 active=1, passive=2, mode=engaged
2026-02-03 17:51:01,293 - LightControllerV3 - INFO - 🎯 active=1, passive=2, mode=engaged
2026-02-03 17:51:01,326 - LightControllerV3 - INFO - 🎯 active=1, passive=2, mode=engaged
2026-02-03 17:51:01,360 - LightControllerV3 - INFO - 🎯 active=1, passive=2, mode=engaged
2026-02-03 17:51:01,394 - LightControllerV3 - INFO - 🎯 active=1, passive=2, mode=engaged
2026-02-03 17:51:01,428 - LightControllerV3 - INFO - 🎯 active=1, passive=2, mode=engaged
2026-02-03 17:51:01,461 - LightControllerV3 - INFO - 🎯 active=1, passive=2, mode=engaged
2026-02-03 17:51:01,495 - LightControllerV3 - INFO - 🎯 active=1, passive=2, mode=engaged
2026-02-03 17:51:01,528 - LightControllerV3 - INFO - 🎯 active=1, passive=2, mode=engaged
2026-02-03 17:51:01,562 - LightControllerV3 - INFO - 🎯 active=1, passive=2, mode=engaged
2026-02-03 17:51:01,596 - LightControllerV3 - INFO - 🎯 active=1, passive=2, mode=engaged
2026-02-03 17:51:01,630 - LightControllerV3 - INFO - 🎯 active=1, passive=2, mode=engaged
2026-02-03 17:51:01,663 - LightControllerV3 - INFO - 🎯 active=1, passive=2, mode=engaged
2026-02-03 17:51:01,697 - LightControllerV3 - INFO - 🎯 active=1, passive=2, mode=engaged
2026-02-03 17:51:01,730 - LightControllerV3 - INFO - 🎯 active=1, passive=2, mode=engaged
2026-02-03 17:51:01,763 - LightControllerV3 - INFO - 🎯 active=1, passive=2, mode=engaged
2026-02-03 17:51:01,798 - LightControllerV3 - INFO - 🎯 active=1, passive=2, mode=engaged
2026-02-03 17:51:01,832 - LightControllerV3 - INFO - 🎯 active=1, passive=2, mode=engaged
2026-02-03 17:51:01,866 - LightControllerV3 - INFO - 🎯 active=1, passive=2, mode=engaged
2026-02-03 17:51:01,899 - LightControllerV3 - INFO - 🎯 active=1, passive=2, mode=engaged
2026-02-03 17:51:01,934 - LightControllerV3 - INFO - 🎯 active=1, passive=2, mode=engaged
2026-02-03 17:51:01,968 - LightControllerV3 - INFO - 🎯 active=1, passive=2, mode=engaged
2026-02-03 17:51:02,002 - LightControllerV3 - INFO - 🎯 active=1, passive=2, mode=engaged
2026-02-03 17:51:02,035 - LightControllerV3 - INFO - 🎯 active=1, passive=2, mode=engaged
2026-02-03 17:51:02,069 - LightControllerV3 - INFO - 🎯 active=1, passive=2, mode=engaged
2026-02-03 17:51:02,104 - LightControllerV3 - INFO - 🎯 active=1, passive=2, mode=engaged
2026-02-03 17:51:02,137 - LightControllerV3 - INFO - 🎯 active=1, passive=2, mode=engaged
2026-02-03 17:51:02,171 - LightControllerV3 - INFO - 🎯 active=1, passive=1, mode=engaged
2026-02-03 17:51:02,205 - LightControllerV3 - INFO - 🎯 active=1, passive=1, mode=engaged
2026-02-03 17:51:02,239 - LightControllerV3 - INFO - 🎯 active=1, passive=1, mode=engaged
2026-02-03 17:51:02,273 - LightControllerV3 - INFO - 🎯 active=1, passive=1, mode=engaged
2026-02-03 17:51:02,308 - LightControllerV3 - INFO - 🎯 active=1, passive=1, mode=engaged
2026-02-03 17:51:02,341 - LightControllerV3 - INFO - 🎯 active=1, passive=1, mode=engaged
2026-02-03 17:51:02,375 - LightControllerV3 - INFO - 🎯 active=1, passive=1, mode=engaged
2026-02-03 17:51:02,409 - LightControllerV3 - INFO - 🎯 active=1, passive=1, mode=engaged
2026-02-03 17:51:02,444 - LightControllerV3 - INFO - 🎯 active=1, passive=1, mode=engaged
2026-02-03 17:51:02,477 - LightControllerV3 - INFO - 🎯 active=1, passive=1, mode=engaged
2026-02-03 17:51:02,512 - LightControllerV3 - INFO - 🎯 active=1, passive=1, mode=engaged
2026-02-03 17:51:02,546 - LightControllerV3 - INFO - 🎯 active=1, passive=1, mode=engaged
2026-02-03 17:51:02,580 - LightControllerV3 - INFO - 🎯 active=1, passive=1, mode=engaged
2026-02-03 17:51:02,614 - LightControllerV3 - INFO - 🎯 active=1, passive=1, mode=engaged
2026-02-03 17:51:02,648 - LightControllerV3 - INFO - 🎯 active=1, passive=2, mode=engaged
2026-02-03 17:51:02,682 - LightControllerV3 - INFO - 🎯 active=1, passive=2, mode=engaged
2026-02-03 17:51:02,716 - LightControllerV3 - INFO - 🎯 active=1, passive=2, mode=engaged
2026-02-03 17:51:02,750 - LightControllerV3 - INFO - 🎯 active=1, passive=2, mode=engaged
2026-02-03 17:51:02,784 - LightControllerV3 - INFO - 🎯 active=1, passive=2, mode=engaged
2026-02-03 17:51:02,818 - LightControllerV3 - INFO - 🎯 active=1, passive=2, mode=engaged
2026-02-03 17:51:02,852 - V3Dev.tracking.osc_handler - INFO - 📥 OSC: 161 msgs, person 32 at (-86, 185), active=1, passive=2
2026-02-03 17:51:02,853 - LightControllerV3 - INFO - 🎯 active=1, passive=2, mode=engaged
2026-02-03 17:51:02,885 - LightControllerV3 - INFO - 🎯 active=1, passive=2, mode=engaged
2026-02-03 17:51:02,919 - LightControllerV3 - INFO - 🎯 active=1, passive=2, mode=engaged
2026-02-03 17:51:02,952 - LightControllerV3 - INFO - 🎯 active=1, passive=2, mode=engaged
2026-02-03 17:51:02,986 - LightControllerV3 - INFO - 🎯 active=1, passive=2, mode=engaged
2026-02-03 17:51:03,020 - LightControllerV3 - INFO - 🎯 active=1, passive=2, mode=engaged
2026-02-03 17:51:03,054 - LightControllerV3 - INFO - 🎯 active=1, passive=2, mode=engaged
2026-02-03 17:51:03,088 - LightControllerV3 - INFO - 🎯 active=1, passive=2, mode=engaged
2026-02-03 17:51:03,122 - LightControllerV3 - INFO - 🎯 active=1, passive=2, mode=engaged
2026-02-03 17:51:03,157 - LightControllerV3 - INFO - 🎯 active=1, passive=2, mode=engaged
2026-02-03 17:51:03,191 - LightControllerV3 - INFO - 🎯 active=1, passive=2, mode=engaged
2026-02-03 17:51:03,225 - LightControllerV3 - INFO - 🎯 active=1, passive=2, mode=engaged
2026-02-03 17:51:03,259 - LightControllerV3 - INFO - 🎯 active=1, passive=2, mode=engaged
2026-02-03 17:51:03,293 - LightControllerV3 - INFO - 🎯 active=1, passive=2, mode=engaged
2026-02-03 17:51:03,326 - LightControllerV3 - INFO - 🎯 active=1, passive=2, mode=engaged
2026-02-03 17:51:03,360 - LightControllerV3 - INFO - 🎯 active=1, passive=1, mode=engaged
2026-02-03 17:51:03,394 - LightControllerV3 - INFO - 🎯 active=1, passive=1, mode=engaged
2026-02-03 17:51:03,428 - LightControllerV3 - INFO - 🎯 active=1, passive=1, mode=engaged
2026-02-03 17:51:03,461 - LightControllerV3 - INFO - 🎯 active=1, passive=1, mode=engaged
2026-02-03 17:51:03,496 - LightControllerV3 - INFO - 🎯 active=1, passive=1, mode=engaged
2026-02-03 17:51:03,528 - LightControllerV3 - INFO - 🎯 active=1, passive=1, mode=engaged
2026-02-03 17:51:03,562 - LightControllerV3 - INFO - 🎯 active=1, passive=1, mode=engaged
2026-02-03 17:51:03,596 - LightControllerV3 - INFO - 🎯 active=1, passive=1, mode=engaged
2026-02-03 17:51:03,631 - LightControllerV3 - INFO - 🎯 active=1, passive=1, mode=engaged
2026-02-03 17:51:03,664 - LightControllerV3 - INFO - 🎯 active=1, passive=1, mode=engaged
2026-02-03 17:51:03,699 - LightControllerV3 - INFO - 🎯 active=1, passive=1, mode=engaged
2026-02-03 17:51:03,731 - LightControllerV3 - INFO - 🎯 active=1, passive=1, mode=engaged
2026-02-03 17:51:03,766 - LightControllerV3 - INFO - 🎯 active=1, passive=1, mode=engaged
2026-02-03 17:51:03,801 - LightControllerV3 - INFO - 🎯 active=1, passive=1, mode=engaged
2026-02-03 17:51:03,835 - LightControllerV3 - INFO - 🎯 active=1, passive=1, mode=engaged
2026-02-03 17:51:03,868 - LightControllerV3 - INFO - 🎯 active=1, passive=1, mode=engaged
2026-02-03 17:51:03,902 - LightControllerV3 - INFO - 🎯 active=1, passive=1, mode=engaged
2026-02-03 17:51:03,936 - LightControllerV3 - INFO - 🎯 active=1, passive=1, mode=engaged
2026-02-03 17:51:03,970 - LightControllerV3 - INFO - 🎯 active=1, passive=1, mode=engaged
2026-02-03 17:51:04,004 - LightControllerV3 - INFO - 🎯 active=1, passive=1, mode=engaged
2026-02-03 17:51:04,037 - LightControllerV3 - INFO - 🎯 active=1, passive=1, mode=engaged
2026-02-03 17:51:04,072 - LightControllerV3 - INFO - 🎯 active=1, passive=1, mode=engaged
2026-02-03 17:51:04,106 - LightControllerV3 - INFO - 🎯 active=1, passive=1, mode=engaged
2026-02-03 17:51:04,140 - LightControllerV3 - INFO - 🎯 active=1, passive=1, mode=engaged
2026-02-03 17:51:04,174 - LightControllerV3 - INFO - 🎯 active=1, passive=1, mode=engaged
2026-02-03 17:51:04,208 - LightControllerV3 - INFO - 🎯 active=1, passive=1, mode=engaged
2026-02-03 17:51:04,242 - LightControllerV3 - INFO - 🎯 active=1, passive=1, mode=engaged
2026-02-03 17:51:04,275 - LightControllerV3 - INFO - 🎯 active=1, passive=1, mode=engaged
2026-02-03 17:51:04,309 - LightControllerV3 - INFO - 🎯 active=1, passive=1, mode=engaged
2026-02-03 17:51:04,342 - LightControllerV3 - INFO - 🎯 active=1, passive=1, mode=engaged
2026-02-03 17:51:04,375 - LightControllerV3 - INFO - 🎯 active=1, passive=1, mode=engaged
2026-02-03 17:51:04,410 - LightControllerV3 - INFO - 🎯 active=1, passive=1, mode=engaged
2026-02-03 17:51:04,443 - LightControllerV3 - INFO - 🎯 active=1, passive=1, mode=engaged
2026-02-03 17:51:04,478 - LightControllerV3 - INFO - 🎯 active=1, passive=1, mode=engaged
2026-02-03 17:51:04,512 - LightControllerV3 - INFO - 🎯 active=1, passive=1, mode=engaged
2026-02-03 17:51:04,546 - LightControllerV3 - INFO - 🎯 active=1, passive=1, mode=engaged
2026-02-03 17:51:04,579 - LightControllerV3 - INFO - 🎯 active=1, passive=1, mode=engaged
2026-02-03 17:51:04,614 - LightControllerV3 - INFO - 🎯 active=1, passive=1, mode=engaged
2026-02-03 17:51:04,647 - LightControllerV3 - INFO - 🎯 active=1, passive=2, mode=engaged
2026-02-03 17:51:04,682 - LightControllerV3 - INFO - 🎯 active=1, passive=2, mode=engaged
2026-02-03 17:51:04,715 - LightControllerV3 - INFO - 🎯 active=1, passive=2, mode=engaged
2026-02-03 17:51:04,750 - LightControllerV3 - INFO - 🎯 active=1, passive=2, mode=engaged
2026-02-03 17:51:04,783 - LightControllerV3 - INFO - 🎯 active=1, passive=2, mode=engaged
2026-02-03 17:51:04,817 - LightControllerV3 - INFO - 🎯 active=1, passive=2, mode=engaged
2026-02-03 17:51:04,851 - LightControllerV3 - INFO - 🎯 active=1, passive=2, mode=engaged
2026-02-03 17:51:04,885 - V3Dev.tracking.osc_handler - INFO - 📥 OSC: 144 msgs, person 32 at (-118, 194), active=1, passive=2
2026-02-03 17:51:04,885 - LightControllerV3 - INFO - 🎯 active=1, passive=2, mode=engaged
2026-02-03 17:51:04,919 - LightControllerV3 - INFO - 🎯 active=1, passive=2, mode=engaged
2026-02-03 17:51:04,954 - LightControllerV3 - INFO - 🎯 active=1, passive=2, mode=engaged
2026-02-03 17:51:04,987 - LightControllerV3 - INFO - 🎯 active=1, passive=2, mode=engaged
2026-02-03 17:51:05,023 - LightControllerV3 - INFO - 🎯 active=1, passive=2, mode=engaged
2026-02-03 17:51:05,056 - LightControllerV3 - INFO - 🎯 active=1, passive=2, mode=engaged
2026-02-03 17:51:05,090 - LightControllerV3 - INFO - 🎯 active=1, passive=2, mode=engaged
2026-02-03 17:51:05,124 - LightControllerV3 - INFO - 🎯 active=1, passive=2, mode=engaged
2026-02-03 17:51:05,158 - LightControllerV3 - INFO - 🎯 active=1, passive=2, mode=engaged
2026-02-03 17:51:05,192 - LightControllerV3 - INFO - 🎯 active=1, passive=2, mode=engaged
2026-02-03 17:51:05,226 - LightControllerV3 - INFO - 🎯 active=1, passive=2, mode=engaged
2026-02-03 17:51:05,260 - LightControllerV3 - INFO - 🎯 active=1, passive=2, mode=engaged
2026-02-03 17:51:05,294 - LightControllerV3 - INFO - 🎯 active=1, passive=2, mode=engaged
2026-02-03 17:51:05,327 - LightControllerV3 - INFO - 🎯 active=1, passive=2, mode=engaged
2026-02-03 17:51:05,362 - LightControllerV3 - INFO - 🎯 active=1, passive=2, mode=engaged
2026-02-03 17:51:05,395 - LightControllerV3 - INFO - 🎯 active=1, passive=2, mode=engaged
2026-02-03 17:51:05,429 - LightControllerV3 - INFO - 🎯 active=1, passive=2, mode=engaged
2026-02-03 17:51:05,464 - LightControllerV3 - INFO - 🎯 active=1, passive=2, mode=engaged
2026-02-03 17:51:05,499 - LightControllerV3 - INFO - 🎯 active=1, passive=2, mode=engaged
2026-02-03 17:51:05,531 - LightControllerV3 - INFO - 🎯 active=1, passive=2, mode=engaged
2026-02-03 17:51:05,566 - LightControllerV3 - INFO - 🎯 active=1, passive=2, mode=engaged
2026-02-03 17:51:05,599 - LightControllerV3 - INFO - 🎯 active=1, passive=2, mode=engaged
2026-02-03 17:51:05,634 - LightControllerV3 - INFO - 🎯 active=1, passive=2, mode=engaged
2026-02-03 17:51:05,668 - LightControllerV3 - INFO - 🎯 active=1, passive=2, mode=engaged
2026-02-03 17:51:05,701 - LightControllerV3 - INFO - 🎯 active=1, passive=2, mode=engaged
2026-02-03 17:51:05,736 - LightControllerV3 - INFO - 🎯 active=1, passive=2, mode=engaged
2026-02-03 17:51:05,769 - LightControllerV3 - INFO - 🎯 active=1, passive=2, mode=engaged
2026-02-03 17:51:05,804 - LightControllerV3 - INFO - 🎯 active=1, passive=2, mode=engaged
2026-02-03 17:51:05,838 - LightControllerV3 - INFO - 🎯 active=1, passive=1, mode=engaged
2026-02-03 17:51:05,871 - LightControllerV3 - INFO - 🎯 active=1, passive=1, mode=engaged
2026-02-03 17:51:05,905 - LightControllerV3 - INFO - 🎯 active=1, passive=1, mode=engaged
2026-02-03 17:51:05,939 - LightControllerV3 - INFO - 🎯 active=1, passive=1, mode=engaged
2026-02-03 17:51:05,972 - LightControllerV3 - INFO - 🎯 active=1, passive=1, mode=engaged
2026-02-03 17:51:06,005 - LightControllerV3 - INFO - 🎯 active=1, passive=1, mode=engaged
2026-02-03 17:51:06,040 - LightControllerV3 - INFO - 🎯 active=1, passive=1, mode=engaged
2026-02-03 17:51:06,074 - LightControllerV3 - INFO - 🎯 active=1, passive=1, mode=engaged
2026-02-03 17:51:06,108 - LightControllerV3 - INFO - 🎯 active=1, passive=1, mode=engaged
2026-02-03 17:51:06,142 - LightControllerV3 - INFO - 🎯 active=1, passive=1, mode=engaged
2026-02-03 17:51:06,176 - LightControllerV3 - INFO - 🎯 active=1, passive=1, mode=engaged
2026-02-03 17:51:06,211 - LightControllerV3 - INFO - 🎯 active=1, passive=1, mode=engaged
2026-02-03 17:51:06,245 - LightControllerV3 - INFO - 🎯 active=1, passive=1, mode=engaged
2026-02-03 17:51:06,280 - LightControllerV3 - INFO - 🎯 active=1, passive=1, mode=engaged
2026-02-03 17:51:06,314 - LightControllerV3 - INFO - 🎯 active=1, passive=1, mode=engaged
2026-02-03 17:51:06,891 - V3Dev.tracking.osc_handler - INFO - 📥 OSC: 155 msgs, person 32 at (-41, 301), active=0, passive=3
2026-02-03 17:51:06,925 - LightControllerV3 - INFO - 🎯 active=0, passive=3, mode=engaged
2026-02-03 17:51:08,923 - V3Dev.tracking.osc_handler - INFO - 📥 OSC: 156 msgs, person 37 at (78, 381), active=0, passive=2
2026-02-03 17:51:10,955 - V3Dev.tracking.osc_handler - INFO - 📥 OSC: 129 msgs, person 38 at (-14, 485), active=0, passive=3
2026-02-03 17:51:12,006 - LightControllerV3 - INFO - 🎯 active=0, passive=1, mode=idle
2026-02-03 17:51:12,956 - V3Dev.tracking.osc_handler - INFO - 📥 OSC: 125 msgs, person 40 at (-26, 449), active=0, passive=2
2026-02-03 17:51:14,960 - V3Dev.tracking.osc_handler - INFO - 📥 OSC: 91 msgs, person 41 at (-232, 371), active=0, passive=2
2026-02-03 17:51:16,961 - V3Dev.tracking.osc_handler - INFO - 📥 OSC: 103 msgs, person 42 at (-186, 317), active=0, passive=2
2026-02-03 17:51:17,096 - LightControllerV3 - INFO - 🎯 active=0, passive=2, mode=idle
2026-02-03 17:51:19,022 - V3Dev.tracking.osc_handler - INFO - 📥 OSC: 122 msgs, person 42 at (-400, 317), active=0, passive=2
2026-02-03 17:51:21,024 - V3Dev.tracking.osc_handler - INFO - 📥 OSC: 124 msgs, person 43 at (32, 526), active=0, passive=3
2026-02-03 17:51:22,177 - LightControllerV3 - INFO - 🎯 active=0, passive=2, mode=idle
2026-02-03 17:51:23,058 - V3Dev.tracking.osc_handler - INFO - 📥 OSC: 141 msgs, person 44 at (-377, 371), active=0, passive=2
2026-02-03 17:51:25,090 - V3Dev.tracking.osc_handler - INFO - 📥 OSC: 147 msgs, person 45 at (28, 478), active=0, passive=4
2026-02-03 17:51:26,580 - LightControllerV3 - INFO - 🎯 active=1, passive=2, mode=engaged
2026-02-03 17:51:26,614 - LightControllerV3 - INFO - 🎯 active=1, passive=1, mode=engaged
2026-02-03 17:51:26,647 - LightControllerV3 - INFO - 🎯 active=1, passive=1, mode=engaged
2026-02-03 17:51:26,682 - LightControllerV3 - INFO - 🎯 active=1, passive=1, mode=engaged
2026-02-03 17:51:26,716 - LightControllerV3 - INFO - 🎯 active=1, passive=2, mode=engaged
2026-02-03 17:51:26,749 - LightControllerV3 - INFO - 🎯 active=1, passive=2, mode=engaged
2026-02-03 17:51:26,783 - LightControllerV3 - INFO - 🎯 active=1, passive=2, mode=engaged
2026-02-03 17:51:26,817 - LightControllerV3 - INFO - 🎯 active=1, passive=2, mode=engaged
2026-02-03 17:51:26,852 - LightControllerV3 - INFO - 🎯 active=1, passive=2, mode=engaged
2026-02-03 17:51:26,886 - LightControllerV3 - INFO - 🎯 active=1, passive=2, mode=engaged
2026-02-03 17:51:26,919 - LightControllerV3 - INFO - 🎯 active=1, passive=2, mode=engaged
2026-02-03 17:51:26,955 - LightControllerV3 - INFO - 🎯 active=1, passive=2, mode=engaged
2026-02-03 17:51:26,989 - LightControllerV3 - INFO - 🎯 active=1, passive=2, mode=engaged
2026-02-03 17:51:27,022 - LightControllerV3 - INFO - 🎯 active=1, passive=2, mode=engaged
2026-02-03 17:51:27,056 - LightControllerV3 - INFO - 🎯 active=1, passive=2, mode=engaged
2026-02-03 17:51:27,090 - LightControllerV3 - INFO - 🎯 active=1, passive=2, mode=engaged
2026-02-03 17:51:27,121 - V3Dev.tracking.osc_handler - INFO - 📥 OSC: 195 msgs, person 47 at (-256, 363), active=1, passive=2
2026-02-03 17:51:27,122 - LightControllerV3 - INFO - 🎯 active=1, passive=2, mode=engaged
2026-02-03 17:51:27,156 - LightControllerV3 - INFO - 🎯 active=1, passive=2, mode=engaged
2026-02-03 17:51:27,189 - LightControllerV3 - INFO - 🎯 active=1, passive=2, mode=engaged
2026-02-03 17:51:27,224 - LightControllerV3 - INFO - 🎯 active=1, passive=2, mode=engaged
2026-02-03 17:51:27,259 - LightControllerV3 - INFO - 🎯 active=1, passive=2, mode=engaged
2026-02-03 17:51:27,293 - LightControllerV3 - INFO - 🎯 active=1, passive=2, mode=engaged
2026-02-03 17:51:27,325 - LightControllerV3 - INFO - 🎯 active=1, passive=2, mode=engaged
2026-02-03 17:51:27,359 - LightControllerV3 - INFO - 🎯 active=1, passive=2, mode=engaged
2026-02-03 17:51:27,394 - LightControllerV3 - INFO - 🎯 active=1, passive=2, mode=engaged
2026-02-03 17:51:27,428 - LightControllerV3 - INFO - 🎯 active=1, passive=2, mode=engaged
2026-02-03 17:51:27,460 - LightControllerV3 - INFO - 🎯 active=1, passive=2, mode=engaged
2026-02-03 17:51:27,495 - LightControllerV3 - INFO - 🎯 active=1, passive=2, mode=engaged
2026-02-03 17:51:27,528 - LightControllerV3 - INFO - 🎯 active=1, passive=2, mode=engaged
2026-02-03 17:51:27,562 - LightControllerV3 - INFO - 🎯 active=1, passive=2, mode=engaged
2026-02-03 17:51:27,597 - LightControllerV3 - INFO - 🎯 active=1, passive=2, mode=engaged
2026-02-03 17:51:27,630 - LightControllerV3 - INFO - 🎯 active=1, passive=2, mode=engaged
2026-02-03 17:51:27,664 - LightControllerV3 - INFO - 🎯 active=1, passive=2, mode=engaged
2026-02-03 17:51:27,698 - LightControllerV3 - INFO - 🎯 active=1, passive=2, mode=engaged
2026-02-03 17:51:27,731 - LightControllerV3 - INFO - 🎯 active=1, passive=2, mode=engaged
2026-02-03 17:51:27,766 - LightControllerV3 - INFO - 🎯 active=1, passive=2, mode=engaged
2026-02-03 17:51:27,800 - LightControllerV3 - INFO - 🎯 active=1, passive=2, mode=engaged
2026-02-03 17:51:27,834 - LightControllerV3 - INFO - 🎯 active=1, passive=2, mode=engaged
2026-02-03 17:51:27,868 - LightControllerV3 - INFO - 🎯 active=1, passive=2, mode=engaged
2026-02-03 17:51:27,902 - LightControllerV3 - INFO - 🎯 active=1, passive=2, mode=engaged
2026-02-03 17:51:27,936 - LightControllerV3 - INFO - 🎯 active=1, passive=2, mode=engaged
2026-02-03 17:51:27,970 - LightControllerV3 - INFO - 🎯 active=1, passive=1, mode=engaged
2026-02-03 17:51:28,004 - LightControllerV3 - INFO - 🎯 active=1, passive=1, mode=engaged
2026-02-03 17:51:28,037 - LightControllerV3 - INFO - 🎯 active=1, passive=1, mode=engaged
2026-02-03 17:51:28,072 - LightControllerV3 - INFO - 🎯 active=1, passive=1, mode=engaged
2026-02-03 17:51:28,106 - LightControllerV3 - INFO - 🎯 active=1, passive=1, mode=engaged
2026-02-03 17:51:28,140 - LightControllerV3 - INFO - 🎯 active=1, passive=1, mode=engaged
2026-02-03 17:51:28,174 - LightControllerV3 - INFO - 🎯 active=1, passive=1, mode=engaged
2026-02-03 17:51:28,208 - LightControllerV3 - INFO - 🎯 active=1, passive=1, mode=engaged
2026-02-03 17:51:28,242 - LightControllerV3 - INFO - 🎯 active=1, passive=1, mode=engaged
2026-02-03 17:51:28,276 - LightControllerV3 - INFO - 🎯 active=1, passive=1, mode=engaged
2026-02-03 17:51:28,310 - LightControllerV3 - INFO - 🎯 active=1, passive=1, mode=engaged
2026-02-03 17:51:28,344 - LightControllerV3 - INFO - 🎯 active=1, passive=1, mode=engaged
2026-02-03 17:51:28,377 - LightControllerV3 - INFO - 🎯 active=1, passive=1, mode=engaged
2026-02-03 17:51:28,412 - LightControllerV3 - INFO - 🎯 active=1, passive=1, mode=engaged
2026-02-03 17:51:28,446 - LightControllerV3 - INFO - 🎯 active=1, passive=1, mode=engaged
2026-02-03 17:51:28,481 - LightControllerV3 - INFO - 🎯 active=1, passive=1, mode=engaged
2026-02-03 17:51:28,514 - LightControllerV3 - INFO - 🎯 active=1, passive=1, mode=engaged
2026-02-03 17:51:28,547 - LightControllerV3 - INFO - 🎯 active=1, passive=1, mode=engaged
2026-02-03 17:51:28,581 - LightControllerV3 - INFO - 🎯 active=1, passive=1, mode=engaged
2026-02-03 17:51:28,615 - LightControllerV3 - INFO - 🎯 active=1, passive=1, mode=engaged
2026-02-03 17:51:28,649 - LightControllerV3 - INFO - 🎯 active=1, passive=1, mode=engaged
2026-02-03 17:51:28,684 - LightControllerV3 - INFO - 🎯 active=1, passive=1, mode=engaged
2026-02-03 17:51:28,718 - LightControllerV3 - INFO - 🎯 active=1, passive=1, mode=engaged
2026-02-03 17:51:28,752 - LightControllerV3 - INFO - 🎯 active=1, passive=2, mode=engaged
2026-02-03 17:51:28,786 - LightControllerV3 - INFO - 🎯 active=1, passive=2, mode=engaged
2026-02-03 17:51:28,820 - LightControllerV3 - INFO - 🎯 active=1, passive=2, mode=engaged
2026-02-03 17:51:28,854 - LightControllerV3 - INFO - 🎯 active=1, passive=2, mode=engaged
2026-02-03 17:51:28,888 - LightControllerV3 - INFO - 🎯 active=1, passive=2, mode=engaged
2026-02-03 17:51:28,922 - LightControllerV3 - INFO - 🎯 active=1, passive=2, mode=engaged
2026-02-03 17:51:28,957 - LightControllerV3 - INFO - 🎯 active=1, passive=2, mode=engaged
2026-02-03 17:51:28,990 - LightControllerV3 - INFO - 🎯 active=1, passive=2, mode=engaged
2026-02-03 17:51:29,025 - LightControllerV3 - INFO - 🎯 active=1, passive=2, mode=engaged
2026-02-03 17:51:29,058 - LightControllerV3 - INFO - 🎯 active=1, passive=2, mode=engaged
2026-02-03 17:51:29,092 - LightControllerV3 - INFO - 🎯 active=1, passive=2, mode=engaged
2026-02-03 17:51:29,125 - V3Dev.tracking.osc_handler - INFO - 📥 OSC: 151 msgs, person 48 at (-162, 228), active=1, passive=2
2026-02-03 17:51:29,126 - LightControllerV3 - INFO - 🎯 active=1, passive=2, mode=engaged
2026-02-03 17:51:29,159 - LightControllerV3 - INFO - 🎯 active=1, passive=2, mode=engaged
2026-02-03 17:51:29,193 - LightControllerV3 - INFO - 🎯 active=1, passive=2, mode=engaged
2026-02-03 17:51:29,226 - LightControllerV3 - INFO - 🎯 active=1, passive=2, mode=engaged
2026-02-03 17:51:29,262 - LightControllerV3 - INFO - 🎯 active=1, passive=2, mode=engaged
2026-02-03 17:51:29,296 - LightControllerV3 - INFO - 🎯 active=1, passive=2, mode=engaged
2026-02-03 17:51:29,330 - LightControllerV3 - INFO - 🎯 active=1, passive=2, mode=engaged
2026-02-03 17:51:29,364 - LightControllerV3 - INFO - 🎯 active=1, passive=2, mode=engaged
2026-02-03 17:51:29,398 - LightControllerV3 - INFO - 🎯 active=1, passive=1, mode=engaged
2026-02-03 17:51:29,432 - LightControllerV3 - INFO - 🎯 active=1, passive=1, mode=engaged
2026-02-03 17:51:29,466 - LightControllerV3 - INFO - 🎯 active=1, passive=1, mode=engaged
2026-02-03 17:51:29,499 - LightControllerV3 - INFO - 🎯 active=1, passive=1, mode=engaged
2026-02-03 17:51:29,534 - LightControllerV3 - INFO - 🎯 active=1, passive=1, mode=engaged
2026-02-03 17:51:29,568 - LightControllerV3 - INFO - 🎯 active=1, passive=1, mode=engaged
2026-02-03 17:51:29,602 - LightControllerV3 - INFO - 🎯 active=1, passive=1, mode=engaged
2026-02-03 17:51:29,637 - LightControllerV3 - INFO - 🎯 active=1, passive=1, mode=engaged
2026-02-03 17:51:29,670 - LightControllerV3 - INFO - 🎯 active=1, passive=1, mode=engaged
2026-02-03 17:51:29,704 - LightControllerV3 - INFO - 🎯 active=1, passive=1, mode=engaged
2026-02-03 17:51:29,738 - LightControllerV3 - INFO - 🎯 active=1, passive=1, mode=engaged
2026-02-03 17:51:29,773 - LightControllerV3 - INFO - 🎯 active=1, passive=1, mode=engaged
2026-02-03 17:51:29,806 - LightControllerV3 - INFO - 🎯 active=1, passive=1, mode=engaged
2026-02-03 17:51:29,839 - LightControllerV3 - INFO - 🎯 active=1, passive=1, mode=engaged
2026-02-03 17:51:29,873 - LightControllerV3 - INFO - 🎯 active=1, passive=1, mode=engaged
2026-02-03 17:51:29,907 - LightControllerV3 - INFO - 🎯 active=1, passive=1, mode=engaged
2026-02-03 17:51:29,941 - LightControllerV3 - INFO - 🎯 active=1, passive=1, mode=engaged
2026-02-03 17:51:29,975 - LightControllerV3 - INFO - 🎯 active=1, passive=1, mode=engaged
2026-02-03 17:51:30,010 - LightControllerV3 - INFO - 🎯 active=1, passive=1, mode=engaged
2026-02-03 17:51:30,044 - LightControllerV3 - INFO - 🎯 active=1, passive=1, mode=engaged
2026-02-03 17:51:30,078 - LightControllerV3 - INFO - 🎯 active=1, passive=1, mode=engaged
2026-02-03 17:51:30,112 - LightControllerV3 - INFO - 🎯 active=1, passive=1, mode=engaged
2026-02-03 17:51:30,146 - LightControllerV3 - INFO - 🎯 active=1, passive=1, mode=engaged
2026-02-03 17:51:30,180 - LightControllerV3 - INFO - 🎯 active=1, passive=1, mode=engaged
2026-02-03 17:51:30,214 - LightControllerV3 - INFO - 🎯 active=1, passive=1, mode=engaged
2026-02-03 17:51:30,248 - LightControllerV3 - INFO - 🎯 active=1, passive=1, mode=engaged
2026-02-03 17:51:30,281 - LightControllerV3 - INFO - 🎯 active=1, passive=1, mode=engaged
2026-02-03 17:51:30,316 - LightControllerV3 - INFO - 🎯 active=1, passive=1, mode=engaged
2026-02-03 17:51:30,350 - LightControllerV3 - INFO - 🎯 active=1, passive=1, mode=engaged
2026-02-03 17:51:30,384 - LightControllerV3 - INFO - 🎯 active=1, passive=1, mode=engaged
2026-02-03 17:51:30,418 - LightControllerV3 - INFO - 🎯 active=1, passive=1, mode=engaged
2026-02-03 17:51:30,452 - LightControllerV3 - INFO - 🎯 active=1, passive=1, mode=engaged
2026-02-03 17:51:30,486 - LightControllerV3 - INFO - 🎯 active=1, passive=1, mode=engaged
2026-02-03 17:51:30,520 - LightControllerV3 - INFO - 🎯 active=1, passive=1, mode=engaged
2026-02-03 17:51:30,555 - LightControllerV3 - INFO - 🎯 active=1, passive=1, mode=engaged
2026-02-03 17:51:30,588 - LightControllerV3 - INFO - 🎯 active=1, passive=1, mode=engaged
2026-02-03 17:51:30,622 - LightControllerV3 - INFO - 🎯 active=1, passive=1, mode=engaged
2026-02-03 17:51:30,656 - LightControllerV3 - INFO - 🎯 active=1, passive=1, mode=engaged
2026-02-03 17:51:30,690 - LightControllerV3 - INFO - 🎯 active=1, passive=2, mode=engaged
2026-02-03 17:51:30,724 - LightControllerV3 - INFO - 🎯 active=1, passive=2, mode=engaged
2026-02-03 17:51:30,758 - LightControllerV3 - INFO - 🎯 active=1, passive=2, mode=engaged
2026-02-03 17:51:30,792 - LightControllerV3 - INFO - 🎯 active=1, passive=2, mode=engaged
2026-02-03 17:51:30,826 - LightControllerV3 - INFO - 🎯 active=1, passive=2, mode=engaged
2026-02-03 17:51:30,859 - LightControllerV3 - INFO - 🎯 active=1, passive=2, mode=engaged
2026-02-03 17:51:30,892 - LightControllerV3 - INFO - 🎯 active=1, passive=2, mode=engaged
2026-02-03 17:51:30,928 - LightControllerV3 - INFO - 🎯 active=1, passive=2, mode=engaged
2026-02-03 17:51:30,961 - LightControllerV3 - INFO - 🎯 active=1, passive=2, mode=engaged
2026-02-03 17:51:30,995 - LightControllerV3 - INFO - 🎯 active=1, passive=2, mode=engaged
2026-02-03 17:51:31,029 - LightControllerV3 - INFO - 🎯 active=1, passive=2, mode=engaged
2026-02-03 17:51:31,063 - LightControllerV3 - INFO - 🎯 active=1, passive=2, mode=engaged
2026-02-03 17:51:31,097 - LightControllerV3 - INFO - 🎯 active=1, passive=2, mode=engaged
2026-02-03 17:51:31,130 - V3Dev.tracking.osc_handler - INFO - 📥 OSC: 137 msgs, person 48 at (-145, 192), active=1, passive=2
2026-02-03 17:51:31,131 - LightControllerV3 - INFO - 🎯 active=1, passive=2, mode=engaged
2026-02-03 17:51:31,165 - LightControllerV3 - INFO - 🎯 active=1, passive=2, mode=engaged
2026-02-03 17:51:31,199 - LightControllerV3 - INFO - 🎯 active=1, passive=2, mode=engaged
2026-02-03 17:51:31,232 - LightControllerV3 - INFO - 🎯 active=1, passive=2, mode=engaged
2026-02-03 17:51:31,267 - LightControllerV3 - INFO - 🎯 active=1, passive=2, mode=engaged
2026-02-03 17:51:31,301 - LightControllerV3 - INFO - 🎯 active=1, passive=2, mode=engaged
2026-02-03 17:51:31,335 - LightControllerV3 - INFO - 🎯 active=1, passive=2, mode=engaged
2026-02-03 17:51:31,369 - LightControllerV3 - INFO - 🎯 active=1, passive=2, mode=engaged
2026-02-03 17:51:31,403 - LightControllerV3 - INFO - 🎯 active=1, passive=2, mode=engaged
2026-02-03 17:51:31,437 - LightControllerV3 - INFO - 🎯 active=1, passive=2, mode=engaged
2026-02-03 17:51:31,469 - LightControllerV3 - INFO - 🎯 active=1, passive=2, mode=engaged
2026-02-03 17:51:31,504 - LightControllerV3 - INFO - 🎯 active=1, passive=2, mode=engaged
2026-02-03 17:51:31,537 - LightControllerV3 - INFO - 🎯 active=1, passive=2, mode=engaged
2026-02-03 17:51:31,573 - LightControllerV3 - INFO - 🎯 active=1, passive=2, mode=engaged
2026-02-03 17:51:31,606 - LightControllerV3 - INFO - 🎯 active=1, passive=2, mode=engaged
2026-02-03 17:51:31,641 - LightControllerV3 - INFO - 🎯 active=1, passive=1, mode=engaged
2026-02-03 17:51:31,674 - LightControllerV3 - INFO - 🎯 active=1, passive=1, mode=engaged
2026-02-03 17:51:31,708 - LightControllerV3 - INFO - 🎯 active=1, passive=1, mode=engaged
2026-02-03 17:51:31,742 - LightControllerV3 - INFO - 🎯 active=1, passive=1, mode=engaged
2026-02-03 17:51:31,776 - LightControllerV3 - INFO - 🎯 active=1, passive=1, mode=engaged
2026-02-03 17:51:31,808 - LightControllerV3 - INFO - 🎯 active=1, passive=1, mode=engaged
2026-02-03 17:51:31,843 - LightControllerV3 - INFO - 🎯 active=1, passive=1, mode=engaged
2026-02-03 17:51:31,877 - LightControllerV3 - INFO - 🎯 active=1, passive=1, mode=engaged
2026-02-03 17:51:31,911 - LightControllerV3 - INFO - 🎯 active=1, passive=1, mode=engaged
2026-02-03 17:51:31,945 - LightControllerV3 - INFO - 🎯 active=1, passive=1, mode=engaged
2026-02-03 17:51:31,979 - LightControllerV3 - INFO - 🎯 active=1, passive=1, mode=engaged
2026-02-03 17:51:32,013 - LightControllerV3 - INFO - 🎯 active=1, passive=1, mode=engaged
2026-02-03 17:51:32,047 - LightControllerV3 - INFO - 🎯 active=1, passive=1, mode=engaged
2026-02-03 17:51:32,081 - LightControllerV3 - INFO - 🎯 active=1, passive=1, mode=engaged
2026-02-03 17:51:32,114 - LightControllerV3 - INFO - 🎯 active=1, passive=1, mode=engaged
2026-02-03 17:51:32,147 - LightControllerV3 - INFO - 🎯 active=1, passive=1, mode=engaged
2026-02-03 17:51:32,182 - LightControllerV3 - INFO - 🎯 active=1, passive=1, mode=engaged
2026-02-03 17:51:32,216 - LightControllerV3 - INFO - 🎯 active=1, passive=1, mode=engaged
2026-02-03 17:51:32,251 - LightControllerV3 - INFO - 🎯 active=1, passive=1, mode=engaged
2026-02-03 17:51:32,285 - LightControllerV3 - INFO - 🎯 active=1, passive=1, mode=engaged
2026-02-03 17:51:32,319 - LightControllerV3 - INFO - 🎯 active=1, passive=1, mode=engaged
2026-02-03 17:51:32,353 - LightControllerV3 - INFO - 🎯 active=1, passive=1, mode=engaged
2026-02-03 17:51:32,387 - LightControllerV3 - INFO - 🎯 active=1, passive=1, mode=engaged
2026-02-03 17:51:32,421 - LightControllerV3 - INFO - 🎯 active=1, passive=1, mode=engaged
2026-02-03 17:51:32,454 - LightControllerV3 - INFO - 🎯 active=1, passive=1, mode=engaged
2026-02-03 17:51:32,490 - LightControllerV3 - INFO - 🎯 active=1, passive=1, mode=engaged
2026-02-03 17:51:32,522 - LightControllerV3 - INFO - 🎯 active=1, passive=1, mode=engaged
2026-02-03 17:51:32,557 - LightControllerV3 - INFO - 🎯 active=1, passive=1, mode=engaged
2026-02-03 17:51:32,591 - LightControllerV3 - INFO - 🎯 active=1, passive=1, mode=engaged
2026-02-03 17:51:32,625 - LightControllerV3 - INFO - 🎯 active=1, passive=2, mode=engaged
2026-02-03 17:51:32,658 - LightControllerV3 - INFO - 🎯 active=1, passive=2, mode=engaged
2026-02-03 17:51:32,693 - LightControllerV3 - INFO - 🎯 active=1, passive=2, mode=engaged
2026-02-03 17:51:32,727 - LightControllerV3 - INFO - 🎯 active=1, passive=2, mode=engaged
2026-02-03 17:51:32,760 - LightControllerV3 - INFO - 🎯 active=1, passive=2, mode=engaged
2026-02-03 17:51:32,795 - LightControllerV3 - INFO - 🎯 active=1, passive=2, mode=engaged
2026-02-03 17:51:32,829 - LightControllerV3 - INFO - 🎯 active=1, passive=2, mode=engaged
2026-02-03 17:51:32,862 - LightControllerV3 - INFO - 🎯 active=1, passive=2, mode=engaged
2026-02-03 17:51:32,897 - LightControllerV3 - INFO - 🎯 active=1, passive=2, mode=engaged
2026-02-03 17:51:32,931 - LightControllerV3 - INFO - 🎯 active=1, passive=2, mode=engaged
2026-02-03 17:51:32,965 - LightControllerV3 - INFO - 🎯 active=1, passive=2, mode=engaged
2026-02-03 17:51:32,998 - LightControllerV3 - INFO - 🎯 active=1, passive=2, mode=engaged
2026-02-03 17:51:33,033 - LightControllerV3 - INFO - 🎯 active=1, passive=2, mode=engaged
2026-02-03 17:51:33,067 - LightControllerV3 - INFO - 🎯 active=1, passive=2, mode=engaged
2026-02-03 17:51:33,101 - LightControllerV3 - INFO - 🎯 active=1, passive=2, mode=engaged
2026-02-03 17:51:33,133 - LightControllerV3 - INFO - 🎯 active=1, passive=2, mode=engaged
2026-02-03 17:51:33,167 - V3Dev.tracking.osc_handler - INFO - 📥 OSC: 145 msgs, person 48 at (-198, 149), active=1, passive=2
2026-02-03 17:51:33,168 - LightControllerV3 - INFO - 🎯 active=1, passive=2, mode=engaged
2026-02-03 17:51:33,202 - LightControllerV3 - INFO - 🎯 active=1, passive=2, mode=engaged
2026-02-03 17:51:33,236 - LightControllerV3 - INFO - 🎯 active=1, passive=2, mode=engaged
2026-02-03 17:51:33,270 - LightControllerV3 - INFO - 🎯 active=1, passive=2, mode=engaged
2026-02-03 17:51:33,304 - LightControllerV3 - INFO - 🎯 active=1, passive=2, mode=engaged
2026-02-03 17:51:33,337 - LightControllerV3 - INFO - 🎯 active=1, passive=2, mode=engaged
2026-02-03 17:51:33,371 - LightControllerV3 - INFO - 🎯 active=1, passive=2, mode=engaged
2026-02-03 17:51:33,406 - LightControllerV3 - INFO - 🎯 active=1, passive=2, mode=engaged
2026-02-03 17:51:33,439 - LightControllerV3 - INFO - 🎯 active=1, passive=2, mode=engaged
2026-02-03 17:51:33,472 - LightControllerV3 - INFO - 🎯 active=1, passive=2, mode=engaged
2026-02-03 17:51:33,507 - LightControllerV3 - INFO - 🎯 active=1, passive=2, mode=engaged
2026-02-03 17:51:33,540 - LightControllerV3 - INFO - 🎯 active=1, passive=2, mode=engaged
2026-02-03 17:51:33,575 - LightControllerV3 - INFO - 🎯 active=1, passive=2, mode=engaged
2026-02-03 17:51:33,608 - LightControllerV3 - INFO - 🎯 active=1, passive=2, mode=engaged
2026-02-03 17:51:33,642 - LightControllerV3 - INFO - 🎯 active=1, passive=2, mode=engaged
2026-02-03 17:51:33,676 - LightControllerV3 - INFO - 🎯 active=1, passive=2, mode=engaged
2026-02-03 17:51:33,710 - LightControllerV3 - INFO - 🎯 active=1, passive=2, mode=engaged
2026-02-03 17:51:33,744 - LightControllerV3 - INFO - 🎯 active=1, passive=2, mode=engaged
2026-02-03 17:51:33,777 - LightControllerV3 - INFO - 🎯 active=1, passive=2, mode=engaged
2026-02-03 17:51:33,812 - LightControllerV3 - INFO - 🎯 active=1, passive=2, mode=engaged
2026-02-03 17:51:33,845 - LightControllerV3 - INFO - 🎯 active=1, passive=2, mode=engaged
2026-02-03 17:51:33,878 - LightControllerV3 - INFO - 🎯 active=1, passive=2, mode=engaged
2026-02-03 17:51:33,913 - LightControllerV3 - INFO - 🎯 active=1, passive=2, mode=engaged
2026-02-03 17:51:33,946 - LightControllerV3 - INFO - 🎯 active=1, passive=2, mode=engaged
2026-02-03 17:51:33,981 - LightControllerV3 - INFO - 🎯 active=1, passive=2, mode=engaged
2026-02-03 17:51:34,014 - LightControllerV3 - INFO - 🎯 active=1, passive=2, mode=engaged
2026-02-03 17:51:34,049 - LightControllerV3 - INFO - 🎯 active=1, passive=2, mode=engaged
2026-02-03 17:51:34,083 - LightControllerV3 - INFO - 🎯 active=1, passive=2, mode=engaged
2026-02-03 17:51:34,116 - LightControllerV3 - INFO - 🎯 active=1, passive=2, mode=engaged
2026-02-03 17:51:34,151 - LightControllerV3 - INFO - 🎯 active=1, passive=2, mode=engaged
2026-02-03 17:51:34,185 - LightControllerV3 - INFO - 🎯 active=1, passive=2, mode=engaged
2026-02-03 17:51:34,219 - LightControllerV3 - INFO - 🎯 active=1, passive=2, mode=engaged
2026-02-03 17:51:34,253 - LightControllerV3 - INFO - 🎯 active=1, passive=2, mode=engaged
2026-02-03 17:51:34,287 - LightControllerV3 - INFO - 🎯 active=1, passive=2, mode=engaged
2026-02-03 17:51:34,321 - LightControllerV3 - INFO - 🎯 active=1, passive=2, mode=engaged
2026-02-03 17:51:34,355 - LightControllerV3 - INFO - 🎯 active=1, passive=2, mode=engaged
2026-02-03 17:51:34,389 - LightControllerV3 - INFO - 🎯 active=1, passive=2, mode=engaged
2026-02-03 17:51:34,422 - LightControllerV3 - INFO - 🎯 active=1, passive=2, mode=engaged
2026-02-03 17:51:34,457 - LightControllerV3 - INFO - 🎯 active=1, passive=2, mode=engaged
2026-02-03 17:51:34,492 - LightControllerV3 - INFO - 🎯 active=1, passive=2, mode=engaged
2026-02-03 17:51:34,525 - LightControllerV3 - INFO - 🎯 active=1, passive=2, mode=engaged
2026-02-03 17:51:34,560 - LightControllerV3 - INFO - 🎯 active=1, passive=2, mode=engaged
2026-02-03 17:51:34,594 - LightControllerV3 - INFO - 🎯 active=1, passive=2, mode=engaged
2026-02-03 17:51:34,628 - LightControllerV3 - INFO - 🎯 active=1, passive=1, mode=engaged
2026-02-03 17:51:34,661 - LightControllerV3 - INFO - 🎯 active=1, passive=1, mode=engaged
2026-02-03 17:51:34,696 - LightControllerV3 - INFO - 🎯 active=1, passive=1, mode=engaged
2026-02-03 17:51:34,730 - LightControllerV3 - INFO - 🎯 active=1, passive=1, mode=engaged
2026-02-03 17:51:34,764 - LightControllerV3 - INFO - 🎯 active=1, passive=1, mode=engaged
2026-02-03 17:51:34,798 - LightControllerV3 - INFO - 🎯 active=1, passive=2, mode=engaged
2026-02-03 17:51:34,831 - LightControllerV3 - INFO - 🎯 active=1, passive=2, mode=engaged
2026-02-03 17:51:34,865 - LightControllerV3 - INFO - 🎯 active=1, passive=2, mode=engaged
2026-02-03 17:51:34,899 - LightControllerV3 - INFO - 🎯 active=1, passive=2, mode=engaged
2026-02-03 17:51:34,932 - LightControllerV3 - INFO - 🎯 active=1, passive=2, mode=engaged
2026-02-03 17:51:34,967 - LightControllerV3 - INFO - 🎯 active=1, passive=2, mode=engaged
2026-02-03 17:51:35,000 - LightControllerV3 - INFO - 🎯 active=1, passive=2, mode=engaged
2026-02-03 17:51:35,035 - LightControllerV3 - INFO - 🎯 active=1, passive=2, mode=engaged
2026-02-03 17:51:35,068 - LightControllerV3 - INFO - 🎯 active=1, passive=2, mode=engaged
2026-02-03 17:51:35,102 - LightControllerV3 - INFO - 🎯 active=1, passive=2, mode=engaged
2026-02-03 17:51:35,136 - LightControllerV3 - INFO - 🎯 active=1, passive=2, mode=engaged
2026-02-03 17:51:35,169 - V3Dev.tracking.osc_handler - INFO - 📥 OSC: 177 msgs, person 48 at (-198, 149), active=1, passive=2
2026-02-03 17:51:35,171 - LightControllerV3 - INFO - 🎯 active=1, passive=2, mode=engaged
2026-02-03 17:51:35,204 - LightControllerV3 - INFO - 🎯 active=1, passive=2, mode=engaged
2026-02-03 17:51:35,237 - LightControllerV3 - INFO - 🎯 active=1, passive=2, mode=engaged
2026-02-03 17:51:35,271 - LightControllerV3 - INFO - 🎯 active=1, passive=2, mode=engaged
2026-02-03 17:51:35,305 - LightControllerV3 - INFO - 🎯 active=1, passive=2, mode=engaged
2026-02-03 17:51:35,339 - LightControllerV3 - INFO - 🎯 active=1, passive=2, mode=engaged
2026-02-03 17:51:35,373 - LightControllerV3 - INFO - 🎯 active=1, passive=2, mode=engaged
2026-02-03 17:51:35,407 - LightControllerV3 - INFO - 🎯 active=1, passive=2, mode=engaged
2026-02-03 17:51:35,441 - LightControllerV3 - INFO - 🎯 active=1, passive=2, mode=engaged
2026-02-03 17:51:35,474 - LightControllerV3 - INFO - 🎯 active=1, passive=2, mode=engaged
2026-02-03 17:51:35,508 - LightControllerV3 - INFO - 🎯 active=1, passive=2, mode=engaged
2026-02-03 17:51:35,543 - LightControllerV3 - INFO - 🎯 active=1, passive=2, mode=engaged
2026-02-03 17:51:35,577 - LightControllerV3 - INFO - 🎯 active=1, passive=2, mode=engaged
2026-02-03 17:51:35,611 - LightControllerV3 - INFO - 🎯 active=1, passive=2, mode=engaged
2026-02-03 17:51:35,644 - LightControllerV3 - INFO - 🎯 active=1, passive=2, mode=engaged
2026-02-03 17:51:35,679 - LightControllerV3 - INFO - 🎯 active=1, passive=2, mode=engaged
2026-02-03 17:51:35,713 - LightControllerV3 - INFO - 🎯 active=1, passive=2, mode=engaged
2026-02-03 17:51:35,747 - LightControllerV3 - INFO - 🎯 active=1, passive=2, mode=engaged
2026-02-03 17:51:35,780 - LightControllerV3 - INFO - 🎯 active=1, passive=2, mode=engaged
2026-02-03 17:51:35,815 - LightControllerV3 - INFO - 🎯 active=1, passive=2, mode=engaged
2026-02-03 17:51:35,848 - LightControllerV3 - INFO - 🎯 active=1, passive=2, mode=engaged
2026-02-03 17:51:35,882 - LightControllerV3 - INFO - 🎯 active=1, passive=2, mode=engaged
2026-02-03 17:51:35,914 - LightControllerV3 - INFO - 🎯 active=1, passive=2, mode=engaged
2026-02-03 17:51:35,949 - LightControllerV3 - INFO - 🎯 active=1, passive=2, mode=engaged
2026-02-03 17:51:35,982 - LightControllerV3 - INFO - 🎯 active=1, passive=2, mode=engaged
2026-02-03 17:51:36,016 - LightControllerV3 - INFO - 🎯 active=1, passive=2, mode=engaged
2026-02-03 17:51:36,050 - LightControllerV3 - INFO - 🎯 active=1, passive=2, mode=engaged
2026-02-03 17:51:36,083 - LightControllerV3 - INFO - 🎯 active=1, passive=2, mode=engaged
2026-02-03 17:51:36,117 - LightControllerV3 - INFO - 🎯 active=1, passive=2, mode=engaged
2026-02-03 17:51:36,152 - LightControllerV3 - INFO - 🎯 active=1, passive=2, mode=engaged
2026-02-03 17:51:36,186 - LightControllerV3 - INFO - 🎯 active=1, passive=2, mode=engaged
2026-02-03 17:51:36,218 - LightControllerV3 - INFO - 🎯 active=1, passive=2, mode=engaged
2026-02-03 17:51:36,253 - LightControllerV3 - INFO - 🎯 active=1, passive=2, mode=engaged
2026-02-03 17:51:36,287 - LightControllerV3 - INFO - 🎯 active=1, passive=1, mode=engaged
2026-02-03 17:51:36,321 - LightControllerV3 - INFO - 🎯 active=1, passive=1, mode=engaged
2026-02-03 17:51:36,355 - LightControllerV3 - INFO - 🎯 active=1, passive=1, mode=engaged
2026-02-03 17:51:36,390 - LightControllerV3 - INFO - 🎯 active=1, passive=1, mode=engaged
2026-02-03 17:51:36,423 - LightControllerV3 - INFO - 🎯 active=1, passive=1, mode=engaged
2026-02-03 17:51:36,457 - LightControllerV3 - INFO - 🎯 active=1, passive=1, mode=engaged
2026-02-03 17:51:36,491 - LightControllerV3 - INFO - 🎯 active=1, passive=1, mode=engaged
2026-02-03 17:51:36,525 - LightControllerV3 - INFO - 🎯 active=1, passive=1, mode=engaged
2026-02-03 17:51:36,560 - LightControllerV3 - INFO - 🎯 active=1, passive=1, mode=engaged
2026-02-03 17:51:36,592 - LightControllerV3 - INFO - 🎯 active=1, passive=1, mode=engaged
2026-02-03 17:51:36,628 - LightControllerV3 - INFO - 🎯 active=1, passive=1, mode=engaged
2026-02-03 17:51:36,661 - LightControllerV3 - INFO - 🎯 active=1, passive=1, mode=engaged
2026-02-03 17:51:36,695 - LightControllerV3 - INFO - 🎯 active=1, passive=1, mode=engaged
2026-02-03 17:51:36,729 - LightControllerV3 - INFO - 🎯 active=1, passive=1, mode=engaged
2026-02-03 17:51:36,763 - LightControllerV3 - INFO - 🎯 active=1, passive=2, mode=engaged
2026-02-03 17:51:36,797 - LightControllerV3 - INFO - 🎯 active=1, passive=2, mode=engaged
2026-02-03 17:51:36,830 - LightControllerV3 - INFO - 🎯 active=1, passive=2, mode=engaged
2026-02-03 17:51:36,864 - LightControllerV3 - INFO - 🎯 active=1, passive=2, mode=engaged
2026-02-03 17:51:36,898 - LightControllerV3 - INFO - 🎯 active=1, passive=2, mode=engaged
2026-02-03 17:51:36,932 - LightControllerV3 - INFO - 🎯 active=1, passive=2, mode=engaged
2026-02-03 17:51:36,966 - LightControllerV3 - INFO - 🎯 active=1, passive=2, mode=engaged
2026-02-03 17:51:37,000 - LightControllerV3 - INFO - 🎯 active=1, passive=2, mode=engaged
2026-02-03 17:51:37,034 - LightControllerV3 - INFO - 🎯 active=1, passive=2, mode=engaged
2026-02-03 17:51:37,068 - LightControllerV3 - INFO - 🎯 active=1, passive=2, mode=engaged
2026-02-03 17:51:37,102 - LightControllerV3 - INFO - 🎯 active=1, passive=2, mode=engaged
2026-02-03 17:51:37,135 - LightControllerV3 - INFO - 🎯 active=1, passive=2, mode=engaged
2026-02-03 17:51:37,170 - V3Dev.tracking.osc_handler - INFO - 📥 OSC: 166 msgs, person 48 at (-154, 194), active=1, passive=2
2026-02-03 17:51:37,171 - LightControllerV3 - INFO - 🎯 active=1, passive=2, mode=engaged
2026-02-03 17:51:37,204 - LightControllerV3 - INFO - 🎯 active=1, passive=2, mode=engaged
2026-02-03 17:51:37,237 - LightControllerV3 - INFO - 🎯 active=1, passive=2, mode=engaged
2026-02-03 17:51:37,271 - LightControllerV3 - INFO - 🎯 active=1, passive=2, mode=engaged
2026-02-03 17:51:37,305 - LightControllerV3 - INFO - 🎯 active=1, passive=2, mode=engaged
2026-02-03 17:51:37,339 - LightControllerV3 - INFO - 🎯 active=1, passive=2, mode=engaged
2026-02-03 17:51:37,373 - LightControllerV3 - INFO - 🎯 active=1, passive=2, mode=engaged
2026-02-03 17:51:37,407 - LightControllerV3 - INFO - 🎯 active=1, passive=2, mode=engaged
2026-02-03 17:51:37,440 - LightControllerV3 - INFO - 🎯 active=1, passive=2, mode=engaged
2026-02-03 17:51:37,475 - LightControllerV3 - INFO - 🎯 active=1, passive=2, mode=engaged
2026-02-03 17:51:37,510 - LightControllerV3 - INFO - 🎯 active=1, passive=2, mode=engaged
2026-02-03 17:51:37,543 - LightControllerV3 - INFO - 🎯 active=1, passive=2, mode=engaged
2026-02-03 17:51:37,577 - LightControllerV3 - INFO - 🎯 active=1, passive=2, mode=engaged
2026-02-03 17:51:37,610 - LightControllerV3 - INFO - 🎯 active=1, passive=2, mode=engaged
2026-02-03 17:51:37,643 - LightControllerV3 - INFO - 🎯 active=1, passive=2, mode=engaged
2026-02-03 17:51:37,676 - LightControllerV3 - INFO - 🎯 active=1, passive=2, mode=engaged
2026-02-03 17:51:37,710 - LightControllerV3 - INFO - 🎯 active=1, passive=2, mode=engaged
2026-02-03 17:51:37,743 - LightControllerV3 - INFO - 🎯 active=1, passive=2, mode=engaged
2026-02-03 17:51:37,779 - LightControllerV3 - INFO - 🎯 active=1, passive=2, mode=engaged
2026-02-03 17:51:37,813 - LightControllerV3 - INFO - 🎯 active=1, passive=2, mode=engaged
2026-02-03 17:51:37,845 - LightControllerV3 - INFO - 🎯 active=1, passive=2, mode=engaged
2026-02-03 17:51:37,879 - LightControllerV3 - INFO - 🎯 active=1, passive=2, mode=engaged
2026-02-03 17:51:37,914 - LightControllerV3 - INFO - 🎯 active=1, passive=2, mode=engaged
2026-02-03 17:51:37,948 - LightControllerV3 - INFO - 🎯 active=1, passive=2, mode=engaged
2026-02-03 17:51:37,982 - LightControllerV3 - INFO - 🎯 active=1, passive=2, mode=engaged
2026-02-03 17:51:38,016 - LightControllerV3 - INFO - 🎯 active=1, passive=2, mode=engaged
2026-02-03 17:51:38,050 - LightControllerV3 - INFO - 🎯 active=1, passive=2, mode=engaged
2026-02-03 17:51:38,084 - LightControllerV3 - INFO - 🎯 active=1, passive=1, mode=engaged
2026-02-03 17:51:38,117 - LightControllerV3 - INFO - 🎯 active=1, passive=1, mode=engaged
2026-02-03 17:51:38,150 - LightControllerV3 - INFO - 🎯 active=1, passive=1, mode=engaged
2026-02-03 17:51:38,184 - LightControllerV3 - INFO - 🎯 active=1, passive=1, mode=engaged
2026-02-03 17:51:38,218 - LightControllerV3 - INFO - 🎯 active=1, passive=1, mode=engaged
2026-02-03 17:51:38,252 - LightControllerV3 - INFO - 🎯 active=1, passive=1, mode=engaged
2026-02-03 17:51:38,285 - LightControllerV3 - INFO - 🎯 active=1, passive=1, mode=engaged
2026-02-03 17:51:38,320 - LightControllerV3 - INFO - 🎯 active=1, passive=1, mode=engaged
2026-02-03 17:51:38,354 - LightControllerV3 - INFO - 🎯 active=1, passive=1, mode=engaged
2026-02-03 17:51:38,388 - LightControllerV3 - INFO - 🎯 active=1, passive=1, mode=engaged
2026-02-03 17:51:38,421 - LightControllerV3 - INFO - 🎯 active=1, passive=1, mode=engaged
2026-02-03 17:51:38,456 - LightControllerV3 - INFO - 🎯 active=1, passive=1, mode=engaged
2026-02-03 17:51:38,489 - LightControllerV3 - INFO - 🎯 active=1, passive=1, mode=engaged
2026-02-03 17:51:38,523 - LightControllerV3 - INFO - 🎯 active=1, passive=1, mode=engaged
2026-02-03 17:51:38,556 - LightControllerV3 - INFO - 🎯 active=1, passive=1, mode=engaged
2026-02-03 17:51:38,590 - LightControllerV3 - INFO - 🎯 active=1, passive=1, mode=engaged
2026-02-03 17:51:38,624 - LightControllerV3 - INFO - 🎯 active=1, passive=1, mode=engaged
2026-02-03 17:51:38,658 - LightControllerV3 - INFO - 🎯 active=1, passive=1, mode=engaged
2026-02-03 17:51:38,693 - LightControllerV3 - INFO - 🎯 active=1, passive=1, mode=engaged
2026-02-03 17:51:38,727 - LightControllerV3 - INFO - 🎯 active=1, passive=2, mode=engaged
2026-02-03 17:51:38,760 - LightControllerV3 - INFO - 🎯 active=1, passive=2, mode=engaged
2026-02-03 17:51:38,794 - LightControllerV3 - INFO - 🎯 active=1, passive=2, mode=engaged
2026-02-03 17:51:38,827 - LightControllerV3 - INFO - 🎯 active=1, passive=2, mode=engaged
2026-02-03 17:51:38,862 - LightControllerV3 - INFO - 🎯 active=1, passive=2, mode=engaged
2026-02-03 17:51:38,896 - LightControllerV3 - INFO - 🎯 active=1, passive=2, mode=engaged
2026-02-03 17:51:38,930 - LightControllerV3 - INFO - 🎯 active=1, passive=2, mode=engaged
2026-02-03 17:51:38,964 - LightControllerV3 - INFO - 🎯 active=1, passive=2, mode=engaged
2026-02-03 17:51:38,998 - LightControllerV3 - INFO - 🎯 active=1, passive=2, mode=engaged
2026-02-03 17:51:39,032 - LightControllerV3 - INFO - 🎯 active=1, passive=2, mode=engaged
2026-02-03 17:51:39,066 - LightControllerV3 - INFO - 🎯 active=1, passive=2, mode=engaged
2026-02-03 17:51:39,099 - LightControllerV3 - INFO - 🎯 active=1, passive=2, mode=engaged
2026-02-03 17:51:39,134 - LightControllerV3 - INFO - 🎯 active=1, passive=2, mode=engaged
2026-02-03 17:51:39,168 - LightControllerV3 - INFO - 🎯 active=1, passive=2, mode=engaged
2026-02-03 17:51:39,201 - V3Dev.tracking.osc_handler - INFO - 📥 OSC: 160 msgs, person 48 at (-127, 223), active=1, passive=2
2026-02-03 17:51:39,203 - LightControllerV3 - INFO - 🎯 active=1, passive=2, mode=engaged
2026-02-03 17:51:39,236 - LightControllerV3 - INFO - 🎯 active=1, passive=2, mode=engaged
2026-02-03 17:51:39,270 - LightControllerV3 - INFO - 🎯 active=1, passive=2, mode=engaged
2026-02-03 17:51:39,304 - LightControllerV3 - INFO - 🎯 active=1, passive=2, mode=engaged
2026-02-03 17:51:39,338 - LightControllerV3 - INFO - 🎯 active=1, passive=2, mode=engaged
2026-02-03 17:51:39,372 - LightControllerV3 - INFO - 🎯 active=1, passive=2, mode=engaged
2026-02-03 17:51:39,406 - LightControllerV3 - INFO - 🎯 active=1, passive=2, mode=engaged
2026-02-03 17:51:39,440 - LightControllerV3 - INFO - 🎯 active=1, passive=2, mode=engaged
2026-02-03 17:51:39,474 - LightControllerV3 - INFO - 🎯 active=1, passive=2, mode=engaged
2026-02-03 17:51:39,507 - LightControllerV3 - INFO - 🎯 active=1, passive=2, mode=engaged
2026-02-03 17:51:39,540 - LightControllerV3 - INFO - 🎯 active=1, passive=2, mode=engaged
2026-02-03 17:51:39,575 - LightControllerV3 - INFO - 🎯 active=1, passive=2, mode=engaged
2026-02-03 17:51:39,609 - LightControllerV3 - INFO - 🎯 active=1, passive=2, mode=engaged
2026-02-03 17:51:39,643 - LightControllerV3 - INFO - 🎯 active=1, passive=1, mode=engaged
2026-02-03 17:51:39,676 - LightControllerV3 - INFO - 🎯 active=1, passive=1, mode=engaged
2026-02-03 17:51:39,711 - LightControllerV3 - INFO - 🎯 active=1, passive=1, mode=engaged
2026-02-03 17:51:39,745 - LightControllerV3 - INFO - 🎯 active=1, passive=1, mode=engaged
2026-02-03 17:51:39,778 - LightControllerV3 - INFO - 🎯 active=1, passive=1, mode=engaged
2026-02-03 17:51:39,812 - LightControllerV3 - INFO - 🎯 active=1, passive=1, mode=engaged
2026-02-03 17:51:39,846 - LightControllerV3 - INFO - 🎯 active=1, passive=1, mode=engaged
2026-02-03 17:51:39,880 - LightControllerV3 - INFO - 🎯 active=1, passive=1, mode=engaged
2026-02-03 17:51:39,914 - LightControllerV3 - INFO - 🎯 active=1, passive=1, mode=engaged
2026-02-03 17:51:39,948 - LightControllerV3 - INFO - 🎯 active=1, passive=1, mode=engaged
2026-02-03 17:51:39,982 - LightControllerV3 - INFO - 🎯 active=1, passive=1, mode=engaged
2026-02-03 17:51:40,016 - LightControllerV3 - INFO - 🎯 active=1, passive=1, mode=engaged
2026-02-03 17:51:40,051 - LightControllerV3 - INFO - 🎯 active=1, passive=1, mode=engaged
2026-02-03 17:51:40,085 - LightControllerV3 - INFO - 🎯 active=1, passive=1, mode=engaged
2026-02-03 17:51:40,119 - LightControllerV3 - INFO - 🎯 active=1, passive=1, mode=engaged
2026-02-03 17:51:40,152 - LightControllerV3 - INFO - 🎯 active=1, passive=1, mode=engaged
2026-02-03 17:51:40,186 - LightControllerV3 - INFO - 🎯 active=1, passive=1, mode=engaged
2026-02-03 17:51:40,220 - LightControllerV3 - INFO - 🎯 active=1, passive=1, mode=engaged
2026-02-03 17:51:40,255 - LightControllerV3 - INFO - 🎯 active=1, passive=1, mode=engaged
2026-02-03 17:51:40,289 - LightControllerV3 - INFO - 🎯 active=1, passive=1, mode=engaged
2026-02-03 17:51:40,323 - LightControllerV3 - INFO - 🎯 active=1, passive=1, mode=engaged
2026-02-03 17:51:40,357 - LightControllerV3 - INFO - 🎯 active=1, passive=1, mode=engaged
2026-02-03 17:51:40,391 - LightControllerV3 - INFO - 🎯 active=1, passive=1, mode=engaged
2026-02-03 17:51:40,425 - LightControllerV3 - INFO - 🎯 active=1, passive=1, mode=engaged
2026-02-03 17:51:40,459 - LightControllerV3 - INFO - 🎯 active=1, passive=1, mode=engaged
2026-02-03 17:51:40,492 - LightControllerV3 - INFO - 🎯 active=1, passive=1, mode=engaged
2026-02-03 17:51:40,527 - LightControllerV3 - INFO - 🎯 active=1, passive=1, mode=engaged
2026-02-03 17:51:40,562 - LightControllerV3 - INFO - 🎯 active=1, passive=1, mode=engaged
2026-02-03 17:51:40,595 - LightControllerV3 - INFO - 🎯 active=1, passive=2, mode=engaged
2026-02-03 17:51:40,629 - LightControllerV3 - INFO - 🎯 active=1, passive=2, mode=engaged
2026-02-03 17:51:40,663 - LightControllerV3 - INFO - 🎯 active=1, passive=2, mode=engaged
2026-02-03 17:51:40,696 - LightControllerV3 - INFO - 🎯 active=1, passive=2, mode=engaged
2026-02-03 17:51:40,731 - LightControllerV3 - INFO - 🎯 active=1, passive=2, mode=engaged
2026-02-03 17:51:40,765 - LightControllerV3 - INFO - 🎯 active=1, passive=2, mode=engaged
2026-02-03 17:51:40,799 - LightControllerV3 - INFO - 🎯 active=1, passive=2, mode=engaged
2026-02-03 17:51:40,833 - LightControllerV3 - INFO - 🎯 active=1, passive=2, mode=engaged
2026-02-03 17:51:40,866 - LightControllerV3 - INFO - 🎯 active=1, passive=2, mode=engaged
2026-02-03 17:51:40,901 - LightControllerV3 - INFO - 🎯 active=1, passive=2, mode=engaged
2026-02-03 17:51:40,935 - LightControllerV3 - INFO - 🎯 active=1, passive=2, mode=engaged
2026-02-03 17:51:40,969 - LightControllerV3 - INFO - 🎯 active=1, passive=2, mode=engaged
2026-02-03 17:51:41,003 - LightControllerV3 - INFO - 🎯 active=1, passive=2, mode=engaged
2026-02-03 17:51:41,037 - LightControllerV3 - INFO - 🎯 active=1, passive=2, mode=engaged
2026-02-03 17:51:41,070 - LightControllerV3 - INFO - 🎯 active=1, passive=2, mode=engaged
2026-02-03 17:51:41,104 - LightControllerV3 - INFO - 🎯 active=1, passive=2, mode=engaged
2026-02-03 17:51:41,139 - LightControllerV3 - INFO - 🎯 active=1, passive=2, mode=engaged
2026-02-03 17:51:41,173 - LightControllerV3 - INFO - 🎯 active=1, passive=2, mode=engaged
2026-02-03 17:51:41,206 - V3Dev.tracking.osc_handler - INFO - 📥 OSC: 144 msgs, person 48 at (-154, 191), active=1, passive=2
2026-02-03 17:51:41,208 - LightControllerV3 - INFO - 🎯 active=1, passive=2, mode=engaged
2026-02-03 17:51:41,241 - LightControllerV3 - INFO - 🎯 active=1, passive=2, mode=engaged
2026-02-03 17:51:41,275 - LightControllerV3 - INFO - 🎯 active=1, passive=2, mode=engaged
2026-02-03 17:51:41,309 - LightControllerV3 - INFO - 🎯 active=1, passive=2, mode=engaged
2026-02-03 17:51:41,341 - LightControllerV3 - INFO - 🎯 active=1, passive=2, mode=engaged
2026-02-03 17:51:41,376 - LightControllerV3 - INFO - 🎯 active=1, passive=2, mode=engaged
2026-02-03 17:51:41,409 - LightControllerV3 - INFO - 🎯 active=1, passive=2, mode=engaged
2026-02-03 17:51:41,444 - LightControllerV3 - INFO - 🎯 active=1, passive=2, mode=engaged
2026-02-03 17:51:41,478 - LightControllerV3 - INFO - 🎯 active=1, passive=2, mode=engaged
2026-02-03 17:51:41,512 - LightControllerV3 - INFO - 🎯 active=1, passive=2, mode=engaged
2026-02-03 17:51:41,545 - LightControllerV3 - INFO - 🎯 active=1, passive=2, mode=engaged
2026-02-03 17:51:41,580 - LightControllerV3 - INFO - 🎯 active=1, passive=2, mode=engaged
2026-02-03 17:51:41,613 - LightControllerV3 - INFO - 🎯 active=1, passive=2, mode=engaged
2026-02-03 17:51:41,648 - LightControllerV3 - INFO - 🎯 active=1, passive=1, mode=engaged
2026-02-03 17:51:41,682 - LightControllerV3 - INFO - 🎯 active=1, passive=1, mode=engaged
2026-02-03 17:51:41,716 - LightControllerV3 - INFO - 🎯 active=1, passive=1, mode=engaged
2026-02-03 17:51:41,749 - LightControllerV3 - INFO - 🎯 active=1, passive=1, mode=engaged
2026-02-03 17:51:41,783 - LightControllerV3 - INFO - 🎯 active=1, passive=1, mode=engaged
2026-02-03 17:51:41,817 - LightControllerV3 - INFO - 🎯 active=1, passive=1, mode=engaged
2026-02-03 17:51:41,852 - LightControllerV3 - INFO - 🎯 active=1, passive=1, mode=engaged
2026-02-03 17:51:41,885 - LightControllerV3 - INFO - 🎯 active=1, passive=1, mode=engaged
2026-02-03 17:51:41,920 - LightControllerV3 - INFO - 🎯 active=1, passive=1, mode=engaged
2026-02-03 17:51:41,954 - LightControllerV3 - INFO - 🎯 active=1, passive=1, mode=engaged
2026-02-03 17:51:41,987 - LightControllerV3 - INFO - 🎯 active=1, passive=1, mode=engaged
2026-02-03 17:51:42,021 - LightControllerV3 - INFO - 🎯 active=1, passive=1, mode=engaged
2026-02-03 17:51:42,054 - LightControllerV3 - INFO - 🎯 active=1, passive=1, mode=engaged
2026-02-03 17:51:42,088 - LightControllerV3 - INFO - 🎯 active=1, passive=1, mode=engaged
2026-02-03 17:51:42,123 - LightControllerV3 - INFO - 🎯 active=1, passive=1, mode=engaged
2026-02-03 17:51:42,157 - LightControllerV3 - INFO - 🎯 active=1, passive=1, mode=engaged
2026-02-03 17:51:42,191 - LightControllerV3 - INFO - 🎯 active=1, passive=1, mode=engaged
2026-02-03 17:51:42,224 - LightControllerV3 - INFO - 🎯 active=1, passive=1, mode=engaged
2026-02-03 17:51:42,257 - LightControllerV3 - INFO - 🎯 active=1, passive=1, mode=engaged
2026-02-03 17:51:42,292 - LightControllerV3 - INFO - 🎯 active=1, passive=1, mode=engaged
2026-02-03 17:51:42,326 - LightControllerV3 - INFO - 🎯 active=1, passive=1, mode=engaged
2026-02-03 17:51:42,360 - LightControllerV3 - INFO - 🎯 active=1, passive=1, mode=engaged
2026-02-03 17:51:42,394 - LightControllerV3 - INFO - 🎯 active=1, passive=1, mode=engaged
2026-02-03 17:51:42,428 - LightControllerV3 - INFO - 🎯 active=1, passive=1, mode=engaged
2026-02-03 17:51:42,463 - LightControllerV3 - INFO - 🎯 active=1, passive=1, mode=engaged
2026-02-03 17:51:42,498 - LightControllerV3 - INFO - 🎯 active=1, passive=1, mode=engaged
2026-02-03 17:51:42,530 - LightControllerV3 - INFO - 🎯 active=1, passive=1, mode=engaged
2026-02-03 17:51:42,564 - LightControllerV3 - INFO - 🎯 active=1, passive=1, mode=engaged
2026-02-03 17:51:42,598 - LightControllerV3 - INFO - 🎯 active=1, passive=1, mode=engaged
2026-02-03 17:51:42,631 - LightControllerV3 - INFO - 🎯 active=1, passive=1, mode=engaged
2026-02-03 17:51:42,664 - LightControllerV3 - INFO - 🎯 active=1, passive=1, mode=engaged
2026-02-03 17:51:42,699 - LightControllerV3 - INFO - 🎯 active=1, passive=1, mode=engaged
2026-02-03 17:51:42,733 - LightControllerV3 - INFO - 🎯 active=1, passive=2, mode=engaged
2026-02-03 17:51:42,766 - LightControllerV3 - INFO - 🎯 active=1, passive=2, mode=engaged
2026-02-03 17:51:42,800 - LightControllerV3 - INFO - 🎯 active=1, passive=2, mode=engaged
2026-02-03 17:51:42,834 - LightControllerV3 - INFO - 🎯 active=1, passive=2, mode=engaged
2026-02-03 17:51:42,868 - LightControllerV3 - INFO - 🎯 active=1, passive=2, mode=engaged
2026-02-03 17:51:42,902 - LightControllerV3 - INFO - 🎯 active=1, passive=2, mode=engaged
2026-02-03 17:51:42,936 - LightControllerV3 - INFO - 🎯 active=1, passive=2, mode=engaged
2026-02-03 17:51:42,970 - LightControllerV3 - INFO - 🎯 active=1, passive=2, mode=engaged
2026-02-03 17:51:43,004 - LightControllerV3 - INFO - 🎯 active=1, passive=2, mode=engaged
2026-02-03 17:51:43,039 - LightControllerV3 - INFO - 🎯 active=1, passive=2, mode=engaged
2026-02-03 17:51:43,072 - LightControllerV3 - INFO - 🎯 active=1, passive=2, mode=engaged
2026-02-03 17:51:43,105 - LightControllerV3 - INFO - 🎯 active=1, passive=2, mode=engaged
2026-02-03 17:51:43,140 - LightControllerV3 - INFO - 🎯 active=1, passive=2, mode=engaged
2026-02-03 17:51:43,174 - LightControllerV3 - INFO - 🎯 active=1, passive=2, mode=engaged
2026-02-03 17:51:43,208 - V3Dev.tracking.osc_handler - INFO - 📥 OSC: 145 msgs, person 48 at (-203, 132), active=1, passive=2
2026-02-03 17:51:43,209 - LightControllerV3 - INFO - 🎯 active=1, passive=2, mode=engaged
2026-02-03 17:51:43,242 - LightControllerV3 - INFO - 🎯 active=1, passive=2, mode=engaged
2026-02-03 17:51:43,276 - LightControllerV3 - INFO - 🎯 active=1, passive=2, mode=engaged
2026-02-03 17:51:43,309 - LightControllerV3 - INFO - 🎯 active=1, passive=2, mode=engaged
2026-02-03 17:51:43,343 - LightControllerV3 - INFO - 🎯 active=1, passive=2, mode=engaged
2026-02-03 17:51:43,378 - LightControllerV3 - INFO - 🎯 active=1, passive=2, mode=engaged
2026-02-03 17:51:43,411 - LightControllerV3 - INFO - 🎯 active=1, passive=2, mode=engaged
2026-02-03 17:51:43,446 - LightControllerV3 - INFO - 🎯 active=1, passive=1, mode=engaged
2026-02-03 17:51:43,480 - LightControllerV3 - INFO - 🎯 active=1, passive=1, mode=engaged
2026-02-03 17:51:43,513 - LightControllerV3 - INFO - 🎯 active=1, passive=1, mode=engaged
2026-02-03 17:51:43,546 - LightControllerV3 - INFO - 🎯 active=1, passive=1, mode=engaged
2026-02-03 17:51:43,580 - LightControllerV3 - INFO - 🎯 active=1, passive=1, mode=engaged
2026-02-03 17:51:43,614 - LightControllerV3 - INFO - 🎯 active=1, passive=1, mode=engaged
2026-02-03 17:51:43,649 - LightControllerV3 - INFO - 🎯 active=1, passive=1, mode=engaged
2026-02-03 17:51:43,683 - LightControllerV3 - INFO - 🎯 active=1, passive=1, mode=engaged
2026-02-03 17:51:43,715 - LightControllerV3 - INFO - 🎯 active=1, passive=1, mode=engaged
2026-02-03 17:51:43,751 - LightControllerV3 - INFO - 🎯 active=1, passive=1, mode=engaged
2026-02-03 17:51:43,785 - LightControllerV3 - INFO - 🎯 active=1, passive=1, mode=engaged
2026-02-03 17:51:43,818 - LightControllerV3 - INFO - 🎯 active=1, passive=1, mode=engaged
2026-02-03 17:51:43,852 - LightControllerV3 - INFO - 🎯 active=1, passive=1, mode=engaged
2026-02-03 17:51:43,886 - LightControllerV3 - INFO - 🎯 active=1, passive=1, mode=engaged
2026-02-03 17:51:43,920 - LightControllerV3 - INFO - 🎯 active=1, passive=1, mode=engaged
2026-02-03 17:51:43,954 - LightControllerV3 - INFO - 🎯 active=1, passive=1, mode=engaged
2026-02-03 17:51:43,988 - LightControllerV3 - INFO - 🎯 active=1, passive=1, mode=engaged
2026-02-03 17:51:44,022 - LightControllerV3 - INFO - 🎯 active=1, passive=1, mode=engaged
2026-02-03 17:51:44,055 - LightControllerV3 - INFO - 🎯 active=1, passive=1, mode=engaged
2026-02-03 17:51:44,089 - LightControllerV3 - INFO - 🎯 active=1, passive=1, mode=engaged
2026-02-03 17:51:44,124 - LightControllerV3 - INFO - 🎯 active=1, passive=1, mode=engaged
2026-02-03 17:51:44,159 - LightControllerV3 - INFO - 🎯 active=1, passive=1, mode=engaged
2026-02-03 17:51:44,193 - LightControllerV3 - INFO - 🎯 active=1, passive=1, mode=engaged
2026-02-03 17:51:44,227 - LightControllerV3 - INFO - 🎯 active=1, passive=1, mode=engaged
2026-02-03 17:51:44,261 - LightControllerV3 - INFO - 🎯 active=1, passive=1, mode=engaged
2026-02-03 17:51:44,294 - LightControllerV3 - INFO - 🎯 active=1, passive=1, mode=engaged
2026-02-03 17:51:44,329 - LightControllerV3 - INFO - 🎯 active=1, passive=1, mode=engaged
2026-02-03 17:51:44,362 - LightControllerV3 - INFO - 🎯 active=1, passive=1, mode=engaged
2026-02-03 17:51:44,396 - LightControllerV3 - INFO - 🎯 active=1, passive=1, mode=engaged
2026-02-03 17:51:44,432 - LightControllerV3 - INFO - 🎯 active=1, passive=1, mode=engaged
2026-02-03 17:51:44,465 - LightControllerV3 - INFO - 🎯 active=1, passive=1, mode=engaged
2026-02-03 17:51:44,500 - LightControllerV3 - INFO - 🎯 active=1, passive=1, mode=engaged
2026-02-03 17:51:44,533 - LightControllerV3 - INFO - 🎯 active=1, passive=1, mode=engaged
2026-02-03 17:51:44,568 - LightControllerV3 - INFO - 🎯 active=1, passive=1, mode=engaged
2026-02-03 17:51:44,601 - LightControllerV3 - INFO - 🎯 active=1, passive=2, mode=engaged
2026-02-03 17:51:44,634 - LightControllerV3 - INFO - 🎯 active=1, passive=2, mode=engaged
2026-02-03 17:51:44,668 - LightControllerV3 - INFO - 🎯 active=1, passive=2, mode=engaged
2026-02-03 17:51:44,700 - LightControllerV3 - INFO - 🎯 active=1, passive=2, mode=engaged
2026-02-03 17:51:44,735 - LightControllerV3 - INFO - 🎯 active=1, passive=2, mode=engaged
2026-02-03 17:51:44,769 - LightControllerV3 - INFO - 🎯 active=1, passive=2, mode=engaged
2026-02-03 17:51:44,802 - LightControllerV3 - INFO - 🎯 active=1, passive=2, mode=engaged
2026-02-03 17:51:44,836 - LightControllerV3 - INFO - 🎯 active=1, passive=2, mode=engaged
2026-02-03 17:51:44,870 - LightControllerV3 - INFO - 🎯 active=1, passive=2, mode=engaged
2026-02-03 17:51:44,904 - LightControllerV3 - INFO - 🎯 active=1, passive=2, mode=engaged
2026-02-03 17:51:44,938 - LightControllerV3 - INFO - 🎯 active=1, passive=2, mode=engaged
2026-02-03 17:51:44,972 - LightControllerV3 - INFO - 🎯 active=1, passive=2, mode=engaged
2026-02-03 17:51:45,006 - LightControllerV3 - INFO - 🎯 active=1, passive=2, mode=engaged
2026-02-03 17:51:45,041 - LightControllerV3 - INFO - 🎯 active=1, passive=2, mode=engaged
2026-02-03 17:51:45,075 - LightControllerV3 - INFO - 🎯 active=1, passive=2, mode=engaged
2026-02-03 17:51:45,109 - LightControllerV3 - INFO - 🎯 active=1, passive=2, mode=engaged
2026-02-03 17:51:45,144 - LightControllerV3 - INFO - 🎯 active=1, passive=2, mode=engaged
2026-02-03 17:51:45,179 - LightControllerV3 - INFO - 🎯 active=1, passive=2, mode=engaged
2026-02-03 17:51:45,211 - V3Dev.tracking.osc_handler - INFO - 📥 OSC: 142 msgs, person 48 at (-197, 131), active=1, passive=2
2026-02-03 17:51:45,212 - LightControllerV3 - INFO - 🎯 active=1, passive=2, mode=engaged
2026-02-03 17:51:45,246 - LightControllerV3 - INFO - 🎯 active=1, passive=2, mode=engaged
2026-02-03 17:51:45,280 - LightControllerV3 - INFO - 🎯 active=1, passive=2, mode=engaged
2026-02-03 17:51:45,314 - LightControllerV3 - INFO - 🎯 active=1, passive=2, mode=engaged
2026-02-03 17:51:45,347 - LightControllerV3 - INFO - 🎯 active=1, passive=2, mode=engaged
2026-02-03 17:51:45,382 - LightControllerV3 - INFO - 🎯 active=1, passive=2, mode=engaged
2026-02-03 17:51:45,415 - LightControllerV3 - INFO - 🎯 active=1, passive=2, mode=engaged
2026-02-03 17:51:45,450 - LightControllerV3 - INFO - 🎯 active=1, passive=2, mode=engaged
2026-02-03 17:51:45,483 - LightControllerV3 - INFO - 🎯 active=1, passive=2, mode=engaged
2026-02-03 17:51:45,517 - LightControllerV3 - INFO - 🎯 active=1, passive=2, mode=engaged
2026-02-03 17:51:45,552 - LightControllerV3 - INFO - 🎯 active=1, passive=2, mode=engaged
2026-02-03 17:51:45,585 - LightControllerV3 - INFO - 🎯 active=1, passive=2, mode=engaged
2026-02-03 17:51:45,619 - LightControllerV3 - INFO - 🎯 active=1, passive=2, mode=engaged
2026-02-03 17:51:45,653 - LightControllerV3 - INFO - 🎯 active=1, passive=2, mode=engaged
2026-02-03 17:51:45,687 - LightControllerV3 - INFO - 🎯 active=1, passive=2, mode=engaged
2026-02-03 17:51:45,721 - LightControllerV3 - INFO - 🎯 active=1, passive=2, mode=engaged
2026-02-03 17:51:45,755 - LightControllerV3 - INFO - 🎯 active=1, passive=2, mode=engaged
2026-02-03 17:51:45,789 - LightControllerV3 - INFO - 🎯 active=1, passive=1, mode=engaged
2026-02-03 17:51:45,823 - LightControllerV3 - INFO - 🎯 active=1, passive=1, mode=engaged
2026-02-03 17:51:45,856 - LightControllerV3 - INFO - 🎯 active=1, passive=1, mode=engaged
2026-02-03 17:51:45,891 - LightControllerV3 - INFO - 🎯 active=1, passive=1, mode=engaged
2026-02-03 17:51:45,926 - LightControllerV3 - INFO - 🎯 active=1, passive=1, mode=engaged
2026-02-03 17:51:45,959 - LightControllerV3 - INFO - 🎯 active=1, passive=1, mode=engaged
2026-02-03 17:51:45,993 - LightControllerV3 - INFO - 🎯 active=1, passive=1, mode=engaged
2026-02-03 17:51:46,027 - LightControllerV3 - INFO - 🎯 active=1, passive=1, mode=engaged
2026-02-03 17:51:46,060 - LightControllerV3 - INFO - 🎯 active=1, passive=1, mode=engaged
2026-02-03 17:51:46,095 - LightControllerV3 - INFO - 🎯 active=1, passive=1, mode=engaged
2026-02-03 17:51:46,129 - LightControllerV3 - INFO - 🎯 active=1, passive=1, mode=engaged
2026-02-03 17:51:46,162 - LightControllerV3 - INFO - 🎯 active=1, passive=1, mode=engaged
2026-02-03 17:51:46,197 - LightControllerV3 - INFO - 🎯 active=1, passive=1, mode=engaged
2026-02-03 17:51:46,231 - LightControllerV3 - INFO - 🎯 active=1, passive=1, mode=engaged
2026-02-03 17:51:46,265 - LightControllerV3 - INFO - 🎯 active=1, passive=1, mode=engaged
2026-02-03 17:51:46,299 - LightControllerV3 - INFO - 🎯 active=1, passive=1, mode=engaged
2026-02-03 17:51:46,333 - LightControllerV3 - INFO - 🎯 active=1, passive=1, mode=engaged
2026-02-03 17:51:46,367 - LightControllerV3 - INFO - 🎯 active=1, passive=1, mode=engaged
2026-02-03 17:51:46,401 - LightControllerV3 - INFO - 🎯 active=1, passive=1, mode=engaged
2026-02-03 17:51:46,434 - LightControllerV3 - INFO - 🎯 active=1, passive=1, mode=engaged
2026-02-03 17:51:46,469 - LightControllerV3 - INFO - 🎯 active=1, passive=1, mode=engaged
2026-02-03 17:51:46,503 - LightControllerV3 - INFO - 🎯 active=1, passive=1, mode=engaged
2026-02-03 17:51:46,537 - LightControllerV3 - INFO - 🎯 active=1, passive=1, mode=engaged
2026-02-03 17:51:46,571 - LightControllerV3 - INFO - 🎯 active=1, passive=1, mode=engaged
2026-02-03 17:51:46,606 - LightControllerV3 - INFO - 🎯 active=1, passive=1, mode=engaged
2026-02-03 17:51:46,640 - LightControllerV3 - INFO - 🎯 active=1, passive=2, mode=engaged
2026-02-03 17:51:46,673 - LightControllerV3 - INFO - 🎯 active=1, passive=2, mode=engaged
2026-02-03 17:51:46,707 - LightControllerV3 - INFO - 🎯 active=1, passive=2, mode=engaged
2026-02-03 17:51:46,740 - LightControllerV3 - INFO - 🎯 active=1, passive=2, mode=engaged
2026-02-03 17:51:46,775 - LightControllerV3 - INFO - 🎯 active=1, passive=2, mode=engaged
2026-02-03 17:51:46,809 - LightControllerV3 - INFO - 🎯 active=1, passive=2, mode=engaged
2026-02-03 17:51:46,843 - LightControllerV3 - INFO - 🎯 active=1, passive=2, mode=engaged
2026-02-03 17:51:46,877 - LightControllerV3 - INFO - 🎯 active=1, passive=2, mode=engaged
2026-02-03 17:51:46,911 - LightControllerV3 - INFO - 🎯 active=1, passive=2, mode=engaged
2026-02-03 17:51:46,944 - LightControllerV3 - INFO - 🎯 active=1, passive=2, mode=engaged
2026-02-03 17:51:46,979 - LightControllerV3 - INFO - 🎯 active=1, passive=2, mode=engaged
2026-02-03 17:51:47,013 - LightControllerV3 - INFO - 🎯 active=1, passive=2, mode=engaged
2026-02-03 17:51:47,045 - LightControllerV3 - INFO - 🎯 active=1, passive=2, mode=engaged
2026-02-03 17:51:47,080 - LightControllerV3 - INFO - 🎯 active=1, passive=2, mode=engaged
2026-02-03 17:51:47,113 - LightControllerV3 - INFO - 🎯 active=1, passive=2, mode=engaged
2026-02-03 17:51:47,148 - LightControllerV3 - INFO - 🎯 active=1, passive=2, mode=engaged
2026-02-03 17:51:47,181 - LightControllerV3 - INFO - 🎯 active=1, passive=2, mode=engaged
2026-02-03 17:51:47,215 - V3Dev.tracking.osc_handler - INFO - 📥 OSC: 146 msgs, person 48 at (-111, 122), active=1, passive=2
2026-02-03 17:51:47,216 - LightControllerV3 - INFO - 🎯 active=1, passive=2, mode=engaged
2026-02-03 17:51:47,249 - LightControllerV3 - INFO - 🎯 active=1, passive=2, mode=engaged
2026-02-03 17:51:47,283 - LightControllerV3 - INFO - 🎯 active=1, passive=2, mode=engaged
2026-02-03 17:51:47,317 - LightControllerV3 - INFO - 🎯 active=1, passive=2, mode=engaged
2026-02-03 17:51:47,351 - LightControllerV3 - INFO - 🎯 active=1, passive=1, mode=engaged
2026-02-03 17:51:47,386 - LightControllerV3 - INFO - 🎯 active=1, passive=1, mode=engaged
2026-02-03 17:51:47,420 - LightControllerV3 - INFO - 🎯 active=1, passive=1, mode=engaged
2026-02-03 17:51:47,453 - LightControllerV3 - INFO - 🎯 active=1, passive=1, mode=engaged
2026-02-03 17:51:47,487 - LightControllerV3 - INFO - 🎯 active=1, passive=1, mode=engaged
2026-02-03 17:51:47,521 - LightControllerV3 - INFO - 🎯 active=1, passive=1, mode=engaged
2026-02-03 17:51:47,554 - LightControllerV3 - INFO - 🎯 active=1, passive=1, mode=engaged
2026-02-03 17:51:47,589 - LightControllerV3 - INFO - 🎯 active=1, passive=1, mode=engaged
2026-02-03 17:51:47,624 - LightControllerV3 - INFO - 🎯 active=1, passive=1, mode=engaged
2026-02-03 17:51:47,657 - LightControllerV3 - INFO - 🎯 active=1, passive=1, mode=engaged
2026-02-03 17:51:47,690 - LightControllerV3 - INFO - 🎯 active=1, passive=1, mode=engaged
2026-02-03 17:51:47,724 - LightControllerV3 - INFO - 🎯 active=1, passive=1, mode=engaged
2026-02-03 17:51:47,757 - LightControllerV3 - INFO - 🎯 active=1, passive=1, mode=engaged
2026-02-03 17:51:47,792 - LightControllerV3 - INFO - 🎯 active=1, passive=1, mode=engaged
2026-02-03 17:51:47,825 - LightControllerV3 - INFO - 🎯 active=1, passive=1, mode=engaged
2026-02-03 17:51:47,860 - LightControllerV3 - INFO - 🎯 active=1, passive=1, mode=engaged
2026-02-03 17:51:47,894 - LightControllerV3 - INFO - 🎯 active=1, passive=1, mode=engaged
2026-02-03 17:51:47,928 - LightControllerV3 - INFO - 🎯 active=1, passive=1, mode=engaged
2026-02-03 17:51:47,962 - LightControllerV3 - INFO - 🎯 active=1, passive=1, mode=engaged
2026-02-03 17:51:47,996 - LightControllerV3 - INFO - 🎯 active=1, passive=1, mode=engaged
2026-02-03 17:51:48,030 - LightControllerV3 - INFO - 🎯 active=1, passive=1, mode=engaged
2026-02-03 17:51:48,064 - LightControllerV3 - INFO - 🎯 active=1, passive=1, mode=engaged
2026-02-03 17:51:48,097 - LightControllerV3 - INFO - 🎯 active=1, passive=1, mode=engaged
2026-02-03 17:51:48,131 - LightControllerV3 - INFO - 🎯 active=1, passive=1, mode=engaged
2026-02-03 17:51:48,166 - LightControllerV3 - INFO - 🎯 active=1, passive=1, mode=engaged
2026-02-03 17:51:48,200 - LightControllerV3 - INFO - 🎯 active=1, passive=1, mode=engaged
2026-02-03 17:51:48,234 - LightControllerV3 - INFO - 🎯 active=1, passive=1, mode=engaged
2026-02-03 17:51:48,268 - LightControllerV3 - INFO - 🎯 active=1, passive=1, mode=engaged
2026-02-03 17:51:48,302 - LightControllerV3 - INFO - 🎯 active=1, passive=1, mode=engaged
2026-02-03 17:51:48,336 - LightControllerV3 - INFO - 🎯 active=1, passive=1, mode=engaged
2026-02-03 17:51:48,370 - LightControllerV3 - INFO - 🎯 active=1, passive=1, mode=engaged
2026-02-03 17:51:48,403 - LightControllerV3 - INFO - 🎯 active=1, passive=1, mode=engaged
2026-02-03 17:51:48,438 - LightControllerV3 - INFO - 🎯 active=1, passive=1, mode=engaged
2026-02-03 17:51:48,472 - LightControllerV3 - INFO - 🎯 active=1, passive=1, mode=engaged
2026-02-03 17:51:48,505 - LightControllerV3 - INFO - 🎯 active=1, passive=1, mode=engaged
2026-02-03 17:51:48,540 - LightControllerV3 - INFO - 🎯 active=1, passive=1, mode=engaged
2026-02-03 17:51:48,573 - LightControllerV3 - INFO - 🎯 active=1, passive=1, mode=engaged
2026-02-03 17:51:48,607 - LightControllerV3 - INFO - 🎯 active=1, passive=1, mode=engaged
2026-02-03 17:51:48,641 - LightControllerV3 - INFO - 🎯 active=1, passive=1, mode=engaged
2026-02-03 17:51:48,676 - LightControllerV3 - INFO - 🎯 active=1, passive=1, mode=engaged
2026-02-03 17:51:48,710 - LightControllerV3 - INFO - 🎯 active=1, passive=1, mode=engaged
2026-02-03 17:51:48,743 - LightControllerV3 - INFO - 🎯 active=1, passive=2, mode=engaged
2026-02-03 17:51:48,778 - LightControllerV3 - INFO - 🎯 active=1, passive=2, mode=engaged
2026-02-03 17:51:48,811 - LightControllerV3 - INFO - 🎯 active=1, passive=2, mode=engaged
2026-02-03 17:51:48,847 - LightControllerV3 - INFO - 🎯 active=1, passive=2, mode=engaged
2026-02-03 17:51:48,880 - LightControllerV3 - INFO - 🎯 active=1, passive=2, mode=engaged
2026-02-03 17:51:48,914 - LightControllerV3 - INFO - 🎯 active=1, passive=2, mode=engaged
2026-02-03 17:51:48,947 - LightControllerV3 - INFO - 🎯 active=1, passive=2, mode=engaged
2026-02-03 17:51:48,981 - LightControllerV3 - INFO - 🎯 active=1, passive=2, mode=engaged
2026-02-03 17:51:49,015 - LightControllerV3 - INFO - 🎯 active=1, passive=2, mode=engaged
2026-02-03 17:51:49,049 - LightControllerV3 - INFO - 🎯 active=1, passive=2, mode=engaged
2026-02-03 17:51:49,083 - LightControllerV3 - INFO - 🎯 active=1, passive=2, mode=engaged
2026-02-03 17:51:49,116 - LightControllerV3 - INFO - 🎯 active=1, passive=2, mode=engaged
2026-02-03 17:51:49,150 - LightControllerV3 - INFO - 🎯 active=1, passive=2, mode=engaged
2026-02-03 17:51:49,184 - LightControllerV3 - INFO - 🎯 active=1, passive=2, mode=engaged
2026-02-03 17:51:49,218 - V3Dev.tracking.osc_handler - INFO - 📥 OSC: 136 msgs, person 48 at (-111, 122), active=1, passive=2
2026-02-03 17:51:49,219 - LightControllerV3 - INFO - 🎯 active=1, passive=2, mode=engaged
2026-02-03 17:51:49,252 - LightControllerV3 - INFO - 🎯 active=1, passive=2, mode=engaged
2026-02-03 17:51:49,286 - LightControllerV3 - INFO - 🎯 active=1, passive=2, mode=engaged
2026-02-03 17:51:49,319 - LightControllerV3 - INFO - 🎯 active=1, passive=2, mode=engaged
2026-02-03 17:51:49,354 - LightControllerV3 - INFO - 🎯 active=1, passive=2, mode=engaged
2026-02-03 17:51:49,387 - LightControllerV3 - INFO - 🎯 active=1, passive=2, mode=engaged
2026-02-03 17:51:49,422 - LightControllerV3 - INFO - 🎯 active=1, passive=2, mode=engaged
2026-02-03 17:51:49,455 - LightControllerV3 - INFO - 🎯 active=1, passive=2, mode=engaged
2026-02-03 17:51:49,490 - LightControllerV3 - INFO - 🎯 active=1, passive=2, mode=engaged
2026-02-03 17:51:49,523 - LightControllerV3 - INFO - 🎯 active=1, passive=2, mode=engaged
2026-02-03 17:51:49,557 - LightControllerV3 - INFO - 🎯 active=1, passive=2, mode=engaged
2026-02-03 17:51:49,592 - LightControllerV3 - INFO - 🎯 active=1, passive=2, mode=engaged
2026-02-03 17:51:49,625 - LightControllerV3 - INFO - 🎯 active=1, passive=2, mode=engaged
2026-02-03 17:51:49,659 - LightControllerV3 - INFO - 🎯 active=1, passive=2, mode=engaged
2026-02-03 17:51:49,693 - LightControllerV3 - INFO - 🎯 active=1, passive=2, mode=engaged
2026-02-03 17:51:49,727 - LightControllerV3 - INFO - 🎯 active=1, passive=2, mode=engaged
2026-02-03 17:51:49,760 - LightControllerV3 - INFO - 🎯 active=1, passive=2, mode=engaged
2026-02-03 17:51:49,794 - LightControllerV3 - INFO - 🎯 active=1, passive=2, mode=engaged
2026-02-03 17:51:49,828 - LightControllerV3 - INFO - 🎯 active=1, passive=2, mode=engaged
2026-02-03 17:51:49,861 - LightControllerV3 - INFO - 🎯 active=1, passive=2, mode=engaged
2026-02-03 17:51:49,894 - LightControllerV3 - INFO - 🎯 active=1, passive=1, mode=engaged
2026-02-03 17:51:49,928 - LightControllerV3 - INFO - 🎯 active=1, passive=1, mode=engaged
2026-02-03 17:51:49,963 - LightControllerV3 - INFO - 🎯 active=1, passive=1, mode=engaged
2026-02-03 17:51:49,997 - LightControllerV3 - INFO - 🎯 active=1, passive=1, mode=engaged
2026-02-03 17:51:50,031 - LightControllerV3 - INFO - 🎯 active=1, passive=1, mode=engaged
2026-02-03 17:51:50,065 - LightControllerV3 - INFO - 🎯 active=1, passive=1, mode=engaged
2026-02-03 17:51:50,098 - LightControllerV3 - INFO - 🎯 active=1, passive=1, mode=engaged
2026-02-03 17:51:50,132 - LightControllerV3 - INFO - 🎯 active=1, passive=1, mode=engaged
2026-02-03 17:51:50,165 - LightControllerV3 - INFO - 🎯 active=1, passive=1, mode=engaged
2026-02-03 17:51:50,200 - LightControllerV3 - INFO - 🎯 active=1, passive=1, mode=engaged
2026-02-03 17:51:50,233 - LightControllerV3 - INFO - 🎯 active=1, passive=1, mode=engaged
2026-02-03 17:51:50,268 - LightControllerV3 - INFO - 🎯 active=1, passive=1, mode=engaged
2026-02-03 17:51:50,302 - LightControllerV3 - INFO - 🎯 active=1, passive=1, mode=engaged
2026-02-03 17:51:50,336 - LightControllerV3 - INFO - 🎯 active=1, passive=1, mode=engaged
2026-02-03 17:51:50,370 - LightControllerV3 - INFO - 🎯 active=1, passive=1, mode=engaged
2026-02-03 17:51:50,403 - LightControllerV3 - INFO - 🎯 active=1, passive=1, mode=engaged
2026-02-03 17:51:50,438 - LightControllerV3 - INFO - 🎯 active=1, passive=1, mode=engaged
2026-02-03 17:51:50,471 - LightControllerV3 - INFO - 🎯 active=1, passive=1, mode=engaged
2026-02-03 17:51:50,506 - LightControllerV3 - INFO - 🎯 active=1, passive=1, mode=engaged
2026-02-03 17:51:50,541 - LightControllerV3 - INFO - 🎯 active=1, passive=1, mode=engaged
2026-02-03 17:51:50,574 - LightControllerV3 - INFO - 🎯 active=1, passive=1, mode=engaged
2026-02-03 17:51:50,608 - LightControllerV3 - INFO - 🎯 active=1, passive=1, mode=engaged
2026-02-03 17:51:50,642 - LightControllerV3 - INFO - 🎯 active=1, passive=1, mode=engaged
2026-02-03 17:51:50,677 - LightControllerV3 - INFO - 🎯 active=1, passive=1, mode=engaged
2026-02-03 17:51:50,710 - LightControllerV3 - INFO - 🎯 active=1, passive=1, mode=engaged
2026-02-03 17:51:50,745 - LightControllerV3 - INFO - 🎯 active=1, passive=1, mode=engaged
2026-02-03 17:51:50,779 - LightControllerV3 - INFO - 🎯 active=1, passive=1, mode=engaged
2026-02-03 17:51:50,813 - LightControllerV3 - INFO - 🎯 active=1, passive=1, mode=engaged
2026-02-03 17:51:50,846 - LightControllerV3 - INFO - 🎯 active=1, passive=1, mode=engaged
2026-02-03 17:51:50,880 - LightControllerV3 - INFO - 🎯 active=1, passive=2, mode=engaged
2026-02-03 17:51:50,914 - LightControllerV3 - INFO - 🎯 active=1, passive=2, mode=engaged
2026-02-03 17:51:50,947 - LightControllerV3 - INFO - 🎯 active=1, passive=2, mode=engaged
2026-02-03 17:51:50,982 - LightControllerV3 - INFO - 🎯 active=1, passive=2, mode=engaged
2026-02-03 17:51:51,016 - LightControllerV3 - INFO - 🎯 active=1, passive=2, mode=engaged
2026-02-03 17:51:51,050 - LightControllerV3 - INFO - 🎯 active=1, passive=2, mode=engaged
2026-02-03 17:51:51,084 - LightControllerV3 - INFO - 🎯 active=1, passive=2, mode=engaged
2026-02-03 17:51:51,117 - LightControllerV3 - INFO - 🎯 active=1, passive=2, mode=engaged
2026-02-03 17:51:51,151 - LightControllerV3 - INFO - 🎯 active=1, passive=2, mode=engaged
2026-02-03 17:51:51,185 - LightControllerV3 - INFO - 🎯 active=1, passive=2, mode=engaged
2026-02-03 17:51:51,218 - V3Dev.tracking.osc_handler - INFO - 📥 OSC: 158 msgs, person 61 at (1, 314), active=1, passive=2
2026-02-03 17:51:51,218 - LightControllerV3 - INFO - 🎯 active=1, passive=2, mode=engaged
2026-02-03 17:51:51,252 - LightControllerV3 - INFO - 🎯 active=1, passive=2, mode=engaged
2026-02-03 17:51:51,286 - LightControllerV3 - INFO - 🎯 active=1, passive=2, mode=engaged
2026-02-03 17:51:51,320 - LightControllerV3 - INFO - 🎯 active=1, passive=2, mode=engaged
2026-02-03 17:51:51,354 - LightControllerV3 - INFO - 🎯 active=1, passive=2, mode=engaged
2026-02-03 17:51:51,387 - LightControllerV3 - INFO - 🎯 active=1, passive=2, mode=engaged
2026-02-03 17:51:51,422 - LightControllerV3 - INFO - 🎯 active=1, passive=2, mode=engaged
2026-02-03 17:51:51,456 - LightControllerV3 - INFO - 🎯 active=1, passive=1, mode=engaged
2026-02-03 17:51:51,490 - LightControllerV3 - INFO - 🎯 active=1, passive=1, mode=engaged
2026-02-03 17:51:51,524 - LightControllerV3 - INFO - 🎯 active=1, passive=1, mode=engaged
2026-02-03 17:51:51,558 - LightControllerV3 - INFO - 🎯 active=1, passive=1, mode=engaged
2026-02-03 17:51:51,592 - LightControllerV3 - INFO - 🎯 active=1, passive=1, mode=engaged
2026-02-03 17:51:51,625 - LightControllerV3 - INFO - 🎯 active=1, passive=1, mode=engaged
2026-02-03 17:51:51,659 - LightControllerV3 - INFO - 🎯 active=1, passive=1, mode=engaged
2026-02-03 17:51:51,694 - LightControllerV3 - INFO - 🎯 active=1, passive=1, mode=engaged
2026-02-03 17:51:51,728 - LightControllerV3 - INFO - 🎯 active=1, passive=1, mode=engaged
2026-02-03 17:51:51,761 - LightControllerV3 - INFO - 🎯 active=1, passive=1, mode=engaged
2026-02-03 17:51:51,796 - LightControllerV3 - INFO - 🎯 active=1, passive=1, mode=engaged
2026-02-03 17:51:51,828 - LightControllerV3 - INFO - 🎯 active=1, passive=1, mode=engaged
2026-02-03 17:51:51,863 - LightControllerV3 - INFO - 🎯 active=1, passive=1, mode=engaged
2026-02-03 17:51:51,897 - LightControllerV3 - INFO - 🎯 active=1, passive=1, mode=engaged
2026-02-03 17:51:51,929 - LightControllerV3 - INFO - 🎯 active=1, passive=1, mode=engaged
2026-02-03 17:51:51,964 - LightControllerV3 - INFO - 🎯 active=1, passive=1, mode=engaged
2026-02-03 17:51:51,997 - LightControllerV3 - INFO - 🎯 active=1, passive=1, mode=engaged
2026-02-03 17:51:52,032 - LightControllerV3 - INFO - 🎯 active=1, passive=1, mode=engaged
2026-02-03 17:51:52,067 - LightControllerV3 - INFO - 🎯 active=1, passive=1, mode=engaged
2026-02-03 17:51:52,099 - LightControllerV3 - INFO - 🎯 active=1, passive=1, mode=engaged
2026-02-03 17:51:52,133 - LightControllerV3 - INFO - 🎯 active=1, passive=1, mode=engaged
2026-02-03 17:51:52,167 - LightControllerV3 - INFO - 🎯 active=1, passive=1, mode=engaged
2026-02-03 17:51:52,201 - LightControllerV3 - INFO - 🎯 active=1, passive=1, mode=engaged
2026-02-03 17:51:52,234 - LightControllerV3 - INFO - 🎯 active=1, passive=1, mode=engaged
2026-02-03 17:51:52,269 - LightControllerV3 - INFO - 🎯 active=1, passive=1, mode=engaged
2026-02-03 17:51:52,303 - LightControllerV3 - INFO - 🎯 active=1, passive=1, mode=engaged
2026-02-03 17:51:52,336 - LightControllerV3 - INFO - 🎯 active=1, passive=1, mode=engaged
2026-02-03 17:51:52,370 - LightControllerV3 - INFO - 🎯 active=1, passive=1, mode=engaged
2026-02-03 17:51:52,403 - LightControllerV3 - INFO - 🎯 active=1, passive=1, mode=engaged
2026-02-03 17:51:52,437 - LightControllerV3 - INFO - 🎯 active=1, passive=1, mode=engaged
2026-02-03 17:51:52,707 - LightControllerV3 - INFO - 🎯 active=0, passive=3, mode=engaged
2026-02-03 17:51:53,249 - V3Dev.tracking.osc_handler - INFO - 📥 OSC: 137 msgs, person 48 at (-217, 299), active=0, passive=3
2026-02-03 17:51:55,154 - LightControllerV3 - INFO - 🎯 active=1, passive=3, mode=engaged
2026-02-03 17:51:55,188 - LightControllerV3 - INFO - 🎯 active=1, passive=3, mode=engaged
2026-02-03 17:51:55,223 - LightControllerV3 - INFO - 🎯 active=1, passive=3, mode=engaged
2026-02-03 17:51:55,258 - LightControllerV3 - INFO - 🎯 active=1, passive=3, mode=engaged
2026-02-03 17:51:55,293 - V3Dev.tracking.osc_handler - INFO - 📥 OSC: 203 msgs, person 62 at (-53, 506), active=1, passive=3
2026-02-03 17:51:55,294 - LightControllerV3 - INFO - 🎯 active=1, passive=3, mode=engaged
2026-02-03 17:51:55,328 - LightControllerV3 - INFO - 🎯 active=1, passive=3, mode=engaged
2026-02-03 17:51:55,364 - LightControllerV3 - INFO - 🎯 active=1, passive=3, mode=engaged
2026-02-03 17:51:55,398 - LightControllerV3 - INFO - 🎯 active=1, passive=3, mode=engaged
2026-02-03 17:51:55,432 - LightControllerV3 - INFO - 🎯 active=1, passive=3, mode=engaged
2026-02-03 17:51:55,468 - LightControllerV3 - INFO - 🎯 active=1, passive=3, mode=engaged
2026-02-03 17:51:55,504 - LightControllerV3 - INFO - 🎯 active=1, passive=3, mode=engaged
2026-02-03 17:51:55,537 - LightControllerV3 - INFO - 🎯 active=1, passive=3, mode=engaged
2026-02-03 17:51:55,572 - LightControllerV3 - INFO - 🎯 active=1, passive=3, mode=engaged
2026-02-03 17:51:55,607 - LightControllerV3 - INFO - 🎯 active=1, passive=3, mode=engaged
2026-02-03 17:51:55,641 - LightControllerV3 - INFO - 🎯 active=1, passive=3, mode=engaged
2026-02-03 17:51:55,677 - LightControllerV3 - INFO - 🎯 active=1, passive=3, mode=engaged
2026-02-03 17:51:55,712 - LightControllerV3 - INFO - 🎯 active=1, passive=3, mode=engaged
2026-02-03 17:51:55,747 - LightControllerV3 - INFO - 🎯 active=1, passive=3, mode=engaged
2026-02-03 17:51:55,783 - LightControllerV3 - INFO - 🎯 active=2, passive=2, mode=engaged
2026-02-03 17:51:55,816 - LightControllerV3 - INFO - 🎯 active=2, passive=2, mode=engaged
2026-02-03 17:51:55,852 - LightControllerV3 - INFO - 🎯 active=2, passive=2, mode=engaged
2026-02-03 17:51:55,886 - LightControllerV3 - INFO - 🎯 active=2, passive=2, mode=engaged
2026-02-03 17:51:55,921 - LightControllerV3 - INFO - 🎯 active=2, passive=2, mode=engaged
2026-02-03 17:51:55,957 - LightControllerV3 - INFO - 🎯 active=2, passive=2, mode=engaged
2026-02-03 17:51:55,991 - LightControllerV3 - INFO - 🎯 active=2, passive=2, mode=engaged
2026-02-03 17:51:56,027 - LightControllerV3 - INFO - 🎯 active=2, passive=2, mode=engaged
2026-02-03 17:51:56,061 - LightControllerV3 - INFO - 🎯 active=2, passive=1, mode=engaged
2026-02-03 17:51:56,095 - LightControllerV3 - INFO - 🎯 active=2, passive=1, mode=engaged
2026-02-03 17:51:56,131 - LightControllerV3 - INFO - 🎯 active=2, passive=1, mode=engaged
2026-02-03 17:51:56,165 - LightControllerV3 - INFO - 🎯 active=2, passive=1, mode=engaged
2026-02-03 17:51:56,200 - LightControllerV3 - INFO - 🎯 active=2, passive=1, mode=engaged
2026-02-03 17:51:56,235 - LightControllerV3 - INFO - 🎯 active=2, passive=1, mode=engaged
2026-02-03 17:51:56,268 - LightControllerV3 - INFO - 🎯 active=2, passive=1, mode=engaged
2026-02-03 17:51:56,304 - LightControllerV3 - INFO - 🎯 active=2, passive=1, mode=engaged
2026-02-03 17:51:56,339 - LightControllerV3 - INFO - 🎯 active=2, passive=1, mode=engaged
2026-02-03 17:51:56,374 - LightControllerV3 - INFO - 🎯 active=2, passive=1, mode=engaged
2026-02-03 17:51:56,409 - LightControllerV3 - INFO - 🎯 active=2, passive=1, mode=engaged
2026-02-03 17:51:56,445 - LightControllerV3 - INFO - 🎯 active=2, passive=1, mode=engaged
2026-02-03 17:51:56,478 - LightControllerV3 - INFO - 🎯 active=2, passive=1, mode=engaged
2026-02-03 17:51:56,514 - LightControllerV3 - INFO - 🎯 active=2, passive=1, mode=engaged
2026-02-03 17:51:56,548 - LightControllerV3 - INFO - 🎯 active=2, passive=1, mode=engaged
2026-02-03 17:51:56,583 - LightControllerV3 - INFO - 🎯 active=2, passive=1, mode=engaged
2026-02-03 17:51:56,617 - LightControllerV3 - INFO - 🎯 active=2, passive=1, mode=engaged
2026-02-03 17:51:56,650 - LightControllerV3 - INFO - 🎯 active=2, passive=1, mode=engaged
2026-02-03 17:51:56,685 - LightControllerV3 - INFO - 🎯 active=2, passive=1, mode=engaged
2026-02-03 17:51:56,720 - LightControllerV3 - INFO - 🎯 active=2, passive=1, mode=engaged
2026-02-03 17:51:56,754 - LightControllerV3 - INFO - 🎯 active=2, passive=1, mode=engaged
2026-02-03 17:51:56,789 - LightControllerV3 - INFO - 🎯 active=2, passive=1, mode=engaged
2026-02-03 17:51:56,824 - LightControllerV3 - INFO - 🎯 active=2, passive=1, mode=engaged
2026-02-03 17:51:56,859 - LightControllerV3 - INFO - 🎯 active=2, passive=1, mode=engaged
2026-02-03 17:51:56,892 - LightControllerV3 - INFO - 🎯 active=2, passive=1, mode=engaged
2026-02-03 17:51:56,926 - LightControllerV3 - INFO - 🎯 active=2, passive=1, mode=engaged
2026-02-03 17:51:56,961 - LightControllerV3 - INFO - 🎯 active=2, passive=2, mode=engaged
2026-02-03 17:51:56,995 - LightControllerV3 - INFO - 🎯 active=2, passive=2, mode=engaged
2026-02-03 17:51:57,029 - LightControllerV3 - INFO - 🎯 active=2, passive=2, mode=engaged
2026-02-03 17:51:57,063 - LightControllerV3 - INFO - 🎯 active=2, passive=2, mode=engaged
2026-02-03 17:51:57,098 - LightControllerV3 - INFO - 🎯 active=2, passive=2, mode=engaged
2026-02-03 17:51:57,133 - LightControllerV3 - INFO - 🎯 active=2, passive=2, mode=engaged
2026-02-03 17:51:57,168 - LightControllerV3 - INFO - 🎯 active=2, passive=2, mode=engaged
2026-02-03 17:51:57,203 - LightControllerV3 - INFO - 🎯 active=2, passive=2, mode=engaged
2026-02-03 17:51:57,238 - LightControllerV3 - INFO - 🎯 active=2, passive=2, mode=engaged
2026-02-03 17:51:57,274 - LightControllerV3 - INFO - 🎯 active=2, passive=2, mode=engaged
2026-02-03 17:51:57,308 - V3Dev.tracking.osc_handler - INFO - 📥 OSC: 199 msgs, person 63 at (-144, 339), active=2, passive=2
2026-02-03 17:51:57,309 - LightControllerV3 - INFO - 🎯 active=2, passive=2, mode=engaged
2026-02-03 17:51:57,343 - LightControllerV3 - INFO - 🎯 active=2, passive=2, mode=engaged
2026-02-03 17:51:57,378 - LightControllerV3 - INFO - 🎯 active=2, passive=2, mode=engaged
2026-02-03 17:51:57,413 - LightControllerV3 - INFO - 🎯 active=2, passive=2, mode=engaged
2026-02-03 17:51:57,447 - LightControllerV3 - INFO - 🎯 active=2, passive=2, mode=engaged
2026-02-03 17:51:57,483 - LightControllerV3 - INFO - 🎯 active=2, passive=2, mode=engaged
2026-02-03 17:51:57,516 - LightControllerV3 - INFO - 🎯 active=2, passive=2, mode=engaged
2026-02-03 17:51:57,552 - LightControllerV3 - INFO - 🎯 active=2, passive=2, mode=engaged
2026-02-03 17:51:57,587 - LightControllerV3 - INFO - 🎯 active=2, passive=2, mode=engaged
2026-02-03 17:51:57,620 - LightControllerV3 - INFO - 🎯 active=2, passive=2, mode=engaged
2026-02-03 17:51:57,654 - LightControllerV3 - INFO - 🎯 active=2, passive=2, mode=engaged
2026-02-03 17:51:57,689 - LightControllerV3 - INFO - 🎯 active=2, passive=2, mode=engaged
2026-02-03 17:51:57,724 - LightControllerV3 - INFO - 🎯 active=2, passive=2, mode=engaged
2026-02-03 17:51:57,760 - LightControllerV3 - INFO - 🎯 active=2, passive=2, mode=engaged
2026-02-03 17:51:57,795 - LightControllerV3 - INFO - 🎯 active=2, passive=2, mode=engaged
2026-02-03 17:51:57,829 - LightControllerV3 - INFO - 🎯 active=2, passive=2, mode=engaged
2026-02-03 17:51:57,863 - LightControllerV3 - INFO - 🎯 active=2, passive=2, mode=engaged
2026-02-03 17:51:57,897 - LightControllerV3 - INFO - 🎯 active=2, passive=2, mode=engaged
2026-02-03 17:51:57,932 - LightControllerV3 - INFO - 🎯 active=2, passive=2, mode=engaged
2026-02-03 17:51:57,964 - LightControllerV3 - INFO - 🎯 active=2, passive=2, mode=engaged
2026-02-03 17:51:57,999 - LightControllerV3 - INFO - 🎯 active=2, passive=2, mode=engaged
2026-02-03 17:51:58,034 - LightControllerV3 - INFO - 🎯 active=2, passive=2, mode=engaged
2026-02-03 17:51:58,068 - LightControllerV3 - INFO - 🎯 active=2, passive=2, mode=engaged
2026-02-03 17:51:58,104 - LightControllerV3 - INFO - 🎯 active=2, passive=2, mode=engaged
2026-02-03 17:51:58,139 - LightControllerV3 - INFO - 🎯 active=2, passive=2, mode=engaged
2026-02-03 17:51:58,173 - LightControllerV3 - INFO - 🎯 active=2, passive=2, mode=engaged
2026-02-03 17:51:58,209 - LightControllerV3 - INFO - 🎯 active=2, passive=2, mode=engaged
2026-02-03 17:51:58,243 - LightControllerV3 - INFO - 🎯 active=2, passive=2, mode=engaged
2026-02-03 17:51:58,278 - LightControllerV3 - INFO - 🎯 active=2, passive=2, mode=engaged
2026-02-03 17:51:58,315 - LightControllerV3 - INFO - 🎯 active=2, passive=2, mode=engaged
2026-02-03 17:51:58,349 - LightControllerV3 - INFO - 🎯 active=2, passive=2, mode=engaged
2026-02-03 17:51:58,385 - LightControllerV3 - INFO - 🎯 active=2, passive=2, mode=engaged
2026-02-03 17:51:58,419 - LightControllerV3 - INFO - 🎯 active=2, passive=2, mode=engaged
2026-02-03 17:51:58,454 - LightControllerV3 - INFO - 🎯 active=2, passive=2, mode=engaged
2026-02-03 17:51:58,488 - LightControllerV3 - INFO - 🎯 active=2, passive=2, mode=engaged
2026-02-03 17:51:58,522 - LightControllerV3 - INFO - 🎯 active=2, passive=2, mode=engaged
2026-02-03 17:51:58,557 - LightControllerV3 - INFO - 🎯 active=2, passive=2, mode=engaged
2026-02-03 17:51:58,591 - LightControllerV3 - INFO - 🎯 active=2, passive=2, mode=engaged
2026-02-03 17:51:58,626 - LightControllerV3 - INFO - 🎯 active=2, passive=2, mode=engaged
2026-02-03 17:51:58,659 - LightControllerV3 - INFO - 🎯 active=2, passive=2, mode=engaged
2026-02-03 17:51:58,694 - LightControllerV3 - INFO - 🎯 active=2, passive=2, mode=engaged
2026-02-03 17:51:58,730 - LightControllerV3 - INFO - 🎯 active=2, passive=3, mode=engaged
2026-02-03 17:51:58,765 - LightControllerV3 - INFO - 🎯 active=2, passive=3, mode=engaged
2026-02-03 17:51:58,799 - LightControllerV3 - INFO - 🎯 active=2, passive=3, mode=engaged
2026-02-03 17:51:58,833 - LightControllerV3 - INFO - 🎯 active=2, passive=3, mode=engaged
2026-02-03 17:51:58,867 - LightControllerV3 - INFO - 🎯 active=2, passive=3, mode=engaged
2026-02-03 17:51:58,901 - LightControllerV3 - INFO - 🎯 active=2, passive=3, mode=engaged
2026-02-03 17:51:58,937 - LightControllerV3 - INFO - 🎯 active=2, passive=3, mode=engaged
2026-02-03 17:51:58,971 - LightControllerV3 - INFO - 🎯 active=2, passive=3, mode=engaged
2026-02-03 17:51:59,004 - LightControllerV3 - INFO - 🎯 active=2, passive=3, mode=engaged
2026-02-03 17:51:59,040 - LightControllerV3 - INFO - 🎯 active=2, passive=3, mode=engaged
2026-02-03 17:51:59,074 - LightControllerV3 - INFO - 🎯 active=2, passive=3, mode=engaged
2026-02-03 17:51:59,109 - LightControllerV3 - INFO - 🎯 active=2, passive=3, mode=engaged
2026-02-03 17:51:59,144 - LightControllerV3 - INFO - 🎯 active=2, passive=3, mode=engaged
2026-02-03 17:51:59,178 - LightControllerV3 - INFO - 🎯 active=2, passive=3, mode=engaged
2026-02-03 17:51:59,211 - LightControllerV3 - INFO - 🎯 active=2, passive=3, mode=engaged
2026-02-03 17:51:59,245 - LightControllerV3 - INFO - 🎯 active=2, passive=3, mode=engaged
2026-02-03 17:51:59,280 - LightControllerV3 - INFO - 🎯 active=2, passive=3, mode=engaged
2026-02-03 17:51:59,316 - V3Dev.tracking.osc_handler - INFO - 📥 OSC: 211 msgs, person 63 at (21, 339), active=2, passive=3
2026-02-03 17:51:59,317 - LightControllerV3 - INFO - 🎯 active=2, passive=3, mode=engaged
2026-02-03 17:51:59,350 - LightControllerV3 - INFO - 🎯 active=2, passive=3, mode=engaged
2026-02-03 17:51:59,386 - LightControllerV3 - INFO - 🎯 active=2, passive=3, mode=engaged
2026-02-03 17:51:59,421 - LightControllerV3 - INFO - 🎯 active=2, passive=3, mode=engaged
2026-02-03 17:51:59,453 - LightControllerV3 - INFO - 🎯 active=2, passive=3, mode=engaged
2026-02-03 17:51:59,487 - LightControllerV3 - INFO - 🎯 active=2, passive=3, mode=engaged
2026-02-03 17:51:59,519 - LightControllerV3 - INFO - 🎯 active=2, passive=3, mode=engaged
2026-02-03 17:51:59,555 - LightControllerV3 - INFO - 🎯 active=2, passive=2, mode=engaged
2026-02-03 17:51:59,590 - LightControllerV3 - INFO - 🎯 active=2, passive=2, mode=engaged
2026-02-03 17:51:59,624 - LightControllerV3 - INFO - 🎯 active=2, passive=2, mode=engaged
2026-02-03 17:51:59,659 - LightControllerV3 - INFO - 🎯 active=2, passive=2, mode=engaged
2026-02-03 17:51:59,693 - LightControllerV3 - INFO - 🎯 active=2, passive=2, mode=engaged
2026-02-03 17:51:59,728 - LightControllerV3 - INFO - 🎯 active=2, passive=2, mode=engaged
2026-02-03 17:51:59,763 - LightControllerV3 - INFO - 🎯 active=2, passive=2, mode=engaged
2026-02-03 17:51:59,795 - LightControllerV3 - INFO - 🎯 active=2, passive=2, mode=engaged
2026-02-03 17:51:59,829 - LightControllerV3 - INFO - 🎯 active=2, passive=2, mode=engaged
2026-02-03 17:51:59,864 - LightControllerV3 - INFO - 🎯 active=2, passive=2, mode=engaged
2026-02-03 17:51:59,899 - LightControllerV3 - INFO - 🎯 active=2, passive=2, mode=engaged
2026-02-03 17:51:59,934 - LightControllerV3 - INFO - 🎯 active=2, passive=2, mode=engaged
2026-02-03 17:51:59,970 - LightControllerV3 - INFO - 🎯 active=2, passive=2, mode=engaged
2026-02-03 17:52:00,005 - LightControllerV3 - INFO - 🎯 active=2, passive=2, mode=engaged
2026-02-03 17:52:00,039 - LightControllerV3 - INFO - 🎯 active=2, passive=2, mode=engaged
2026-02-03 17:52:00,073 - LightControllerV3 - INFO - 🎯 active=2, passive=2, mode=engaged
2026-02-03 17:52:00,108 - LightControllerV3 - INFO - 🎯 active=2, passive=2, mode=engaged
2026-02-03 17:52:00,143 - LightControllerV3 - INFO - 🎯 active=2, passive=2, mode=engaged
2026-02-03 17:52:00,178 - LightControllerV3 - INFO - 🎯 active=2, passive=2, mode=engaged
2026-02-03 17:52:00,213 - LightControllerV3 - INFO - 🎯 active=2, passive=2, mode=engaged
2026-02-03 17:52:00,249 - LightControllerV3 - INFO - 🎯 active=2, passive=2, mode=engaged
2026-02-03 17:52:00,283 - LightControllerV3 - INFO - 🎯 active=2, passive=2, mode=engaged
2026-02-03 17:52:00,318 - LightControllerV3 - INFO - 🎯 active=2, passive=2, mode=engaged
2026-02-03 17:52:00,352 - LightControllerV3 - INFO - 🎯 active=2, passive=2, mode=engaged
2026-02-03 17:52:00,385 - LightControllerV3 - INFO - 🎯 active=2, passive=2, mode=engaged
2026-02-03 17:52:00,421 - LightControllerV3 - INFO - 🎯 active=2, passive=2, mode=engaged
2026-02-03 17:52:00,455 - LightControllerV3 - INFO - 🎯 active=2, passive=2, mode=engaged
2026-02-03 17:52:00,491 - LightControllerV3 - INFO - 🎯 active=2, passive=2, mode=engaged
2026-02-03 17:52:00,524 - LightControllerV3 - INFO - 🎯 active=2, passive=2, mode=engaged
2026-02-03 17:52:00,559 - LightControllerV3 - INFO - 🎯 active=2, passive=2, mode=engaged
2026-02-03 17:52:00,594 - LightControllerV3 - INFO - 🎯 active=2, passive=3, mode=engaged
2026-02-03 17:52:00,626 - LightControllerV3 - INFO - 🎯 active=2, passive=3, mode=engaged
2026-02-03 17:52:00,661 - LightControllerV3 - INFO - 🎯 active=2, passive=3, mode=engaged
2026-02-03 17:52:00,697 - LightControllerV3 - INFO - 🎯 active=2, passive=3, mode=engaged
2026-02-03 17:52:00,732 - LightControllerV3 - INFO - 🎯 active=2, passive=3, mode=engaged
2026-02-03 17:52:00,767 - LightControllerV3 - INFO - 🎯 active=2, passive=3, mode=engaged
2026-02-03 17:52:00,802 - LightControllerV3 - INFO - 🎯 active=2, passive=3, mode=engaged
2026-02-03 17:52:00,836 - LightControllerV3 - INFO - 🎯 active=2, passive=3, mode=engaged
2026-02-03 17:52:00,872 - LightControllerV3 - INFO - 🎯 active=2, passive=3, mode=engaged
2026-02-03 17:52:00,906 - LightControllerV3 - INFO - 🎯 active=2, passive=3, mode=engaged
2026-02-03 17:52:00,941 - LightControllerV3 - INFO - 🎯 active=2, passive=3, mode=engaged
2026-02-03 17:52:00,976 - LightControllerV3 - INFO - 🎯 active=2, passive=3, mode=engaged
2026-02-03 17:52:01,010 - LightControllerV3 - INFO - 🎯 active=2, passive=3, mode=engaged
2026-02-03 17:52:01,046 - LightControllerV3 - INFO - 🎯 active=2, passive=3, mode=engaged
2026-02-03 17:52:01,081 - LightControllerV3 - INFO - 🎯 active=2, passive=3, mode=engaged
2026-02-03 17:52:01,116 - LightControllerV3 - INFO - 🎯 active=2, passive=3, mode=engaged
2026-02-03 17:52:01,151 - LightControllerV3 - INFO - 🎯 active=2, passive=3, mode=engaged
2026-02-03 17:52:01,186 - LightControllerV3 - INFO - 🎯 active=2, passive=3, mode=engaged
2026-02-03 17:52:01,220 - LightControllerV3 - INFO - 🎯 active=2, passive=3, mode=engaged
2026-02-03 17:52:01,254 - LightControllerV3 - INFO - 🎯 active=2, passive=3, mode=engaged
2026-02-03 17:52:01,289 - LightControllerV3 - INFO - 🎯 active=2, passive=3, mode=engaged
2026-02-03 17:52:01,324 - V3Dev.tracking.osc_handler - INFO - 📥 OSC: 240 msgs, person 64 at (-131, 165), active=2, passive=3
2026-02-03 17:52:01,325 - LightControllerV3 - INFO - 🎯 active=2, passive=3, mode=engaged
2026-02-03 17:52:01,360 - LightControllerV3 - INFO - 🎯 active=2, passive=3, mode=engaged
2026-02-03 17:52:01,393 - LightControllerV3 - INFO - 🎯 active=2, passive=3, mode=engaged
2026-02-03 17:52:01,429 - LightControllerV3 - INFO - 🎯 active=2, passive=3, mode=engaged
2026-02-03 17:52:01,464 - LightControllerV3 - INFO - 🎯 active=2, passive=3, mode=engaged
2026-02-03 17:52:01,498 - LightControllerV3 - INFO - 🎯 active=2, passive=3, mode=engaged
2026-02-03 17:52:01,533 - LightControllerV3 - INFO - 🎯 active=2, passive=3, mode=engaged
2026-02-03 17:52:01,568 - LightControllerV3 - INFO - 🎯 active=2, passive=2, mode=engaged
2026-02-03 17:52:01,603 - LightControllerV3 - INFO - 🎯 active=2, passive=2, mode=engaged
2026-02-03 17:52:01,638 - LightControllerV3 - INFO - 🎯 active=2, passive=2, mode=engaged
2026-02-03 17:52:01,673 - LightControllerV3 - INFO - 🎯 active=2, passive=2, mode=engaged
2026-02-03 17:52:01,706 - LightControllerV3 - INFO - 🎯 active=2, passive=2, mode=engaged
2026-02-03 17:52:01,742 - LightControllerV3 - INFO - 🎯 active=2, passive=2, mode=engaged
2026-02-03 17:52:01,776 - LightControllerV3 - INFO - 🎯 active=2, passive=2, mode=engaged
2026-02-03 17:52:01,811 - LightControllerV3 - INFO - 🎯 active=2, passive=2, mode=engaged
2026-02-03 17:52:01,846 - LightControllerV3 - INFO - 🎯 active=2, passive=2, mode=engaged
2026-02-03 17:52:01,880 - LightControllerV3 - INFO - 🎯 active=2, passive=2, mode=engaged
2026-02-03 17:52:01,915 - LightControllerV3 - INFO - 🎯 active=2, passive=2, mode=engaged
2026-02-03 17:52:01,951 - LightControllerV3 - INFO - 🎯 active=2, passive=2, mode=engaged
2026-02-03 17:52:01,985 - LightControllerV3 - INFO - 🎯 active=2, passive=2, mode=engaged
2026-02-03 17:52:02,020 - LightControllerV3 - INFO - 🎯 active=2, passive=2, mode=engaged
2026-02-03 17:52:02,055 - LightControllerV3 - INFO - 🎯 active=2, passive=2, mode=engaged
2026-02-03 17:52:02,089 - LightControllerV3 - INFO - 🎯 active=2, passive=2, mode=engaged
2026-02-03 17:52:02,124 - LightControllerV3 - INFO - 🎯 active=2, passive=2, mode=engaged
2026-02-03 17:52:02,158 - LightControllerV3 - INFO - 🎯 active=2, passive=2, mode=engaged
2026-02-03 17:52:02,193 - LightControllerV3 - INFO - 🎯 active=2, passive=2, mode=engaged
2026-02-03 17:52:02,227 - LightControllerV3 - INFO - 🎯 active=2, passive=2, mode=engaged
2026-02-03 17:52:02,261 - LightControllerV3 - INFO - 🎯 active=2, passive=2, mode=engaged
2026-02-03 17:52:02,296 - LightControllerV3 - INFO - 🎯 active=2, passive=2, mode=engaged
2026-02-03 17:52:02,331 - LightControllerV3 - INFO - 🎯 active=2, passive=2, mode=engaged
2026-02-03 17:52:02,365 - LightControllerV3 - INFO - 🎯 active=2, passive=2, mode=engaged
2026-02-03 17:52:02,401 - LightControllerV3 - INFO - 🎯 active=2, passive=2, mode=engaged
2026-02-03 17:52:02,435 - LightControllerV3 - INFO - 🎯 active=2, passive=2, mode=engaged
2026-02-03 17:52:02,471 - LightControllerV3 - INFO - 🎯 active=2, passive=2, mode=engaged
2026-02-03 17:52:02,505 - LightControllerV3 - INFO - 🎯 active=2, passive=2, mode=engaged
2026-02-03 17:52:02,540 - LightControllerV3 - INFO - 🎯 active=2, passive=2, mode=engaged
2026-02-03 17:52:02,574 - LightControllerV3 - INFO - 🎯 active=2, passive=2, mode=engaged
2026-02-03 17:52:02,609 - LightControllerV3 - INFO - 🎯 active=2, passive=3, mode=engaged
2026-02-03 17:52:02,643 - LightControllerV3 - INFO - 🎯 active=2, passive=3, mode=engaged
2026-02-03 17:52:02,678 - LightControllerV3 - INFO - 🎯 active=2, passive=3, mode=engaged
2026-02-03 17:52:02,712 - LightControllerV3 - INFO - 🎯 active=2, passive=3, mode=engaged
2026-02-03 17:52:02,746 - LightControllerV3 - INFO - 🎯 active=2, passive=3, mode=engaged
2026-02-03 17:52:02,779 - LightControllerV3 - INFO - 🎯 active=2, passive=3, mode=engaged
2026-02-03 17:52:02,814 - LightControllerV3 - INFO - 🎯 active=2, passive=3, mode=engaged
2026-02-03 17:52:02,848 - LightControllerV3 - INFO - 🎯 active=2, passive=3, mode=engaged
2026-02-03 17:52:02,884 - LightControllerV3 - INFO - 🎯 active=2, passive=3, mode=engaged
2026-02-03 17:52:02,919 - LightControllerV3 - INFO - 🎯 active=2, passive=3, mode=engaged
2026-02-03 17:52:02,953 - LightControllerV3 - INFO - 🎯 active=2, passive=3, mode=engaged
2026-02-03 17:52:02,989 - LightControllerV3 - INFO - 🎯 active=2, passive=3, mode=engaged
2026-02-03 17:52:03,024 - LightControllerV3 - INFO - 🎯 active=2, passive=3, mode=engaged
2026-02-03 17:52:03,058 - LightControllerV3 - INFO - 🎯 active=2, passive=3, mode=engaged
2026-02-03 17:52:03,091 - LightControllerV3 - INFO - 🎯 active=2, passive=2, mode=engaged
2026-02-03 17:52:03,126 - LightControllerV3 - INFO - 🎯 active=2, passive=2, mode=engaged
2026-02-03 17:52:03,161 - LightControllerV3 - INFO - 🎯 active=2, passive=2, mode=engaged
2026-02-03 17:52:03,195 - LightControllerV3 - INFO - 🎯 active=2, passive=2, mode=engaged
2026-02-03 17:52:03,230 - LightControllerV3 - INFO - 🎯 active=2, passive=2, mode=engaged
2026-02-03 17:52:03,264 - LightControllerV3 - INFO - 🎯 active=2, passive=2, mode=engaged
2026-02-03 17:52:03,300 - LightControllerV3 - INFO - 🎯 active=2, passive=2, mode=engaged
2026-02-03 17:52:03,334 - V3Dev.tracking.osc_handler - INFO - 📥 OSC: 235 msgs, person 64 at (-119, 215), active=2, passive=2
2026-02-03 17:52:03,336 - LightControllerV3 - INFO - 🎯 active=2, passive=2, mode=engaged
2026-02-03 17:52:03,369 - LightControllerV3 - INFO - 🎯 active=2, passive=2, mode=engaged
2026-02-03 17:52:03,403 - LightControllerV3 - INFO - 🎯 active=2, passive=2, mode=engaged
2026-02-03 17:52:03,440 - LightControllerV3 - INFO - 🎯 active=2, passive=2, mode=engaged
2026-02-03 17:52:03,474 - LightControllerV3 - INFO - 🎯 active=2, passive=2, mode=engaged
2026-02-03 17:52:03,509 - LightControllerV3 - INFO - 🎯 active=2, passive=2, mode=engaged
2026-02-03 17:52:03,542 - LightControllerV3 - INFO - 🎯 active=2, passive=2, mode=engaged
2026-02-03 17:52:03,577 - LightControllerV3 - INFO - 🎯 active=2, passive=2, mode=engaged
2026-02-03 17:52:03,612 - LightControllerV3 - INFO - 🎯 active=2, passive=2, mode=engaged
2026-02-03 17:52:03,647 - LightControllerV3 - INFO - 🎯 active=2, passive=1, mode=engaged
2026-02-03 17:52:03,682 - LightControllerV3 - INFO - 🎯 active=2, passive=1, mode=engaged
2026-02-03 17:52:03,718 - LightControllerV3 - INFO - 🎯 active=2, passive=1, mode=engaged
2026-02-03 17:52:03,753 - LightControllerV3 - INFO - 🎯 active=2, passive=1, mode=engaged
2026-02-03 17:52:03,786 - LightControllerV3 - INFO - 🎯 active=2, passive=1, mode=engaged
2026-02-03 17:52:03,821 - LightControllerV3 - INFO - 🎯 active=2, passive=1, mode=engaged
2026-02-03 17:52:03,857 - LightControllerV3 - INFO - 🎯 active=2, passive=1, mode=engaged
2026-02-03 17:52:03,891 - LightControllerV3 - INFO - 🎯 active=2, passive=1, mode=engaged
2026-02-03 17:52:03,926 - LightControllerV3 - INFO - 🎯 active=2, passive=1, mode=engaged
2026-02-03 17:52:03,960 - LightControllerV3 - INFO - 🎯 active=2, passive=1, mode=engaged
2026-02-03 17:52:03,995 - LightControllerV3 - INFO - 🎯 active=2, passive=1, mode=engaged
2026-02-03 17:52:04,030 - LightControllerV3 - INFO - 🎯 active=2, passive=1, mode=engaged
2026-02-03 17:52:04,065 - LightControllerV3 - INFO - 🎯 active=2, passive=1, mode=engaged
2026-02-03 17:52:04,100 - LightControllerV3 - INFO - 🎯 active=2, passive=1, mode=engaged
2026-02-03 17:52:04,135 - LightControllerV3 - INFO - 🎯 active=2, passive=1, mode=engaged
2026-02-03 17:52:04,170 - LightControllerV3 - INFO - 🎯 active=2, passive=1, mode=engaged
2026-02-03 17:52:04,203 - LightControllerV3 - INFO - 🎯 active=2, passive=1, mode=engaged
2026-02-03 17:52:04,238 - LightControllerV3 - INFO - 🎯 active=2, passive=1, mode=engaged
2026-02-03 17:52:04,272 - LightControllerV3 - INFO - 🎯 active=2, passive=1, mode=engaged
2026-02-03 17:52:04,307 - LightControllerV3 - INFO - 🎯 active=2, passive=1, mode=engaged
2026-02-03 17:52:04,342 - LightControllerV3 - INFO - 🎯 active=2, passive=1, mode=engaged
2026-02-03 17:52:04,376 - LightControllerV3 - INFO - 🎯 active=2, passive=1, mode=engaged
2026-02-03 17:52:04,410 - LightControllerV3 - INFO - 🎯 active=2, passive=1, mode=engaged
2026-02-03 17:52:04,446 - LightControllerV3 - INFO - 🎯 active=2, passive=1, mode=engaged
2026-02-03 17:52:04,481 - LightControllerV3 - INFO - 🎯 active=2, passive=1, mode=engaged
2026-02-03 17:52:04,516 - LightControllerV3 - INFO - 🎯 active=2, passive=1, mode=engaged
2026-02-03 17:52:04,551 - LightControllerV3 - INFO - 🎯 active=2, passive=1, mode=engaged
2026-02-03 17:52:04,586 - LightControllerV3 - INFO - 🎯 active=2, passive=1, mode=engaged
2026-02-03 17:52:04,621 - LightControllerV3 - INFO - 🎯 active=2, passive=1, mode=engaged
2026-02-03 17:52:04,656 - LightControllerV3 - INFO - 🎯 active=2, passive=1, mode=engaged
2026-02-03 17:52:04,691 - LightControllerV3 - INFO - 🎯 active=2, passive=1, mode=engaged
2026-02-03 17:52:04,725 - LightControllerV3 - INFO - 🎯 active=2, passive=1, mode=engaged
2026-02-03 17:52:04,760 - LightControllerV3 - INFO - 🎯 active=2, passive=2, mode=engaged
2026-02-03 17:52:04,794 - LightControllerV3 - INFO - 🎯 active=2, passive=2, mode=engaged
2026-02-03 17:52:04,829 - LightControllerV3 - INFO - 🎯 active=2, passive=2, mode=engaged
2026-02-03 17:52:04,864 - LightControllerV3 - INFO - 🎯 active=2, passive=2, mode=engaged
2026-02-03 17:52:04,899 - LightControllerV3 - INFO - 🎯 active=2, passive=2, mode=engaged
2026-02-03 17:52:04,934 - LightControllerV3 - INFO - 🎯 active=2, passive=2, mode=engaged
2026-02-03 17:52:04,969 - LightControllerV3 - INFO - 🎯 active=2, passive=2, mode=engaged
2026-02-03 17:52:05,005 - LightControllerV3 - INFO - 🎯 active=2, passive=2, mode=engaged
2026-02-03 17:52:05,039 - LightControllerV3 - INFO - 🎯 active=2, passive=2, mode=engaged
2026-02-03 17:52:05,074 - LightControllerV3 - INFO - 🎯 active=2, passive=2, mode=engaged
2026-02-03 17:52:05,109 - LightControllerV3 - INFO - 🎯 active=2, passive=2, mode=engaged
2026-02-03 17:52:05,144 - LightControllerV3 - INFO - 🎯 active=2, passive=2, mode=engaged
2026-02-03 17:52:05,179 - LightControllerV3 - INFO - 🎯 active=2, passive=2, mode=engaged
2026-02-03 17:52:05,214 - LightControllerV3 - INFO - 🎯 active=2, passive=2, mode=engaged
2026-02-03 17:52:05,249 - LightControllerV3 - INFO - 🎯 active=2, passive=2, mode=engaged
2026-02-03 17:52:05,283 - LightControllerV3 - INFO - 🎯 active=2, passive=2, mode=engaged
2026-02-03 17:52:05,319 - LightControllerV3 - INFO - 🎯 active=2, passive=2, mode=engaged
2026-02-03 17:52:05,352 - V3Dev.tracking.osc_handler - INFO - 📥 OSC: 192 msgs, person 64 at (-118, 219), active=2, passive=2
2026-02-03 17:52:05,352 - LightControllerV3 - INFO - 🎯 active=2, passive=2, mode=engaged
2026-02-03 17:52:05,385 - LightControllerV3 - INFO - 🎯 active=2, passive=2, mode=engaged
2026-02-03 17:52:05,420 - LightControllerV3 - INFO - 🎯 active=2, passive=2, mode=engaged
2026-02-03 17:52:05,455 - LightControllerV3 - INFO - 🎯 active=2, passive=2, mode=engaged
2026-02-03 17:52:05,489 - LightControllerV3 - INFO - 🎯 active=2, passive=2, mode=engaged
2026-02-03 17:52:05,525 - LightControllerV3 - INFO - 🎯 active=2, passive=2, mode=engaged
2026-02-03 17:52:05,560 - LightControllerV3 - INFO - 🎯 active=2, passive=2, mode=engaged
2026-02-03 17:52:05,594 - LightControllerV3 - INFO - 🎯 active=2, passive=2, mode=engaged
2026-02-03 17:52:05,629 - LightControllerV3 - INFO - 🎯 active=2, passive=2, mode=engaged
2026-02-03 17:52:05,663 - LightControllerV3 - INFO - 🎯 active=2, passive=2, mode=engaged
2026-02-03 17:52:05,698 - LightControllerV3 - INFO - 🎯 active=2, passive=2, mode=engaged
2026-02-03 17:52:05,731 - LightControllerV3 - INFO - 🎯 active=2, passive=2, mode=engaged
2026-02-03 17:52:05,766 - LightControllerV3 - INFO - 🎯 active=2, passive=2, mode=engaged
2026-02-03 17:52:05,802 - LightControllerV3 - INFO - 🎯 active=2, passive=1, mode=engaged
2026-02-03 17:52:05,836 - LightControllerV3 - INFO - 🎯 active=2, passive=1, mode=engaged
2026-02-03 17:52:05,872 - LightControllerV3 - INFO - 🎯 active=2, passive=1, mode=engaged
2026-02-03 17:52:05,906 - LightControllerV3 - INFO - 🎯 active=2, passive=1, mode=engaged
2026-02-03 17:52:05,941 - LightControllerV3 - INFO - 🎯 active=2, passive=1, mode=engaged
2026-02-03 17:52:05,975 - LightControllerV3 - INFO - 🎯 active=2, passive=1, mode=engaged
2026-02-03 17:52:06,011 - LightControllerV3 - INFO - 🎯 active=2, passive=1, mode=engaged
2026-02-03 17:52:06,046 - LightControllerV3 - INFO - 🎯 active=2, passive=1, mode=engaged
2026-02-03 17:52:06,080 - LightControllerV3 - INFO - 🎯 active=2, passive=1, mode=engaged
2026-02-03 17:52:06,116 - LightControllerV3 - INFO - 🎯 active=2, passive=1, mode=engaged
2026-02-03 17:52:06,151 - LightControllerV3 - INFO - 🎯 active=2, passive=1, mode=engaged
2026-02-03 17:52:06,185 - LightControllerV3 - INFO - 🎯 active=2, passive=1, mode=engaged
2026-02-03 17:52:06,220 - LightControllerV3 - INFO - 🎯 active=2, passive=1, mode=engaged
2026-02-03 17:52:06,256 - LightControllerV3 - INFO - 🎯 active=2, passive=1, mode=engaged
2026-02-03 17:52:06,291 - LightControllerV3 - INFO - 🎯 active=2, passive=1, mode=engaged
2026-02-03 17:52:06,326 - LightControllerV3 - INFO - 🎯 active=2, passive=1, mode=engaged
2026-02-03 17:52:06,361 - LightControllerV3 - INFO - 🎯 active=2, passive=1, mode=engaged
2026-02-03 17:52:06,396 - LightControllerV3 - INFO - 🎯 active=2, passive=1, mode=engaged
2026-02-03 17:52:06,433 - LightControllerV3 - INFO - 🎯 active=2, passive=1, mode=engaged
2026-02-03 17:52:06,467 - LightControllerV3 - INFO - 🎯 active=2, passive=1, mode=engaged
2026-02-03 17:52:06,503 - LightControllerV3 - INFO - 🎯 active=2, passive=1, mode=engaged
2026-02-03 17:52:06,537 - LightControllerV3 - INFO - 🎯 active=2, passive=1, mode=engaged
2026-02-03 17:52:06,573 - LightControllerV3 - INFO - 🎯 active=2, passive=1, mode=engaged
2026-02-03 17:52:06,608 - LightControllerV3 - INFO - 🎯 active=2, passive=1, mode=engaged
2026-02-03 17:52:06,640 - LightControllerV3 - INFO - 🎯 active=2, passive=1, mode=engaged
2026-02-03 17:52:06,676 - LightControllerV3 - INFO - 🎯 active=2, passive=1, mode=engaged
2026-02-03 17:52:06,711 - LightControllerV3 - INFO - 🎯 active=2, passive=1, mode=engaged
2026-02-03 17:52:06,747 - LightControllerV3 - INFO - 🎯 active=2, passive=1, mode=engaged
2026-02-03 17:52:06,781 - LightControllerV3 - INFO - 🎯 active=2, passive=1, mode=engaged
2026-02-03 17:52:06,816 - LightControllerV3 - INFO - 🎯 active=2, passive=1, mode=engaged
2026-02-03 17:52:06,851 - LightControllerV3 - INFO - 🎯 active=2, passive=2, mode=engaged
2026-02-03 17:52:06,884 - LightControllerV3 - INFO - 🎯 active=2, passive=2, mode=engaged
2026-02-03 17:52:06,921 - LightControllerV3 - INFO - 🎯 active=2, passive=2, mode=engaged
2026-02-03 17:52:06,954 - LightControllerV3 - INFO - 🎯 active=2, passive=2, mode=engaged
2026-02-03 17:52:06,989 - LightControllerV3 - INFO - 🎯 active=2, passive=2, mode=engaged
2026-02-03 17:52:07,025 - LightControllerV3 - INFO - 🎯 active=2, passive=2, mode=engaged
2026-02-03 17:52:07,057 - LightControllerV3 - INFO - 🎯 active=2, passive=2, mode=engaged
2026-02-03 17:52:07,091 - LightControllerV3 - INFO - 🎯 active=2, passive=2, mode=engaged
2026-02-03 17:52:07,124 - LightControllerV3 - INFO - 🎯 active=2, passive=2, mode=engaged
2026-02-03 17:52:07,159 - LightControllerV3 - INFO - 🎯 active=2, passive=2, mode=engaged
2026-02-03 17:52:07,194 - LightControllerV3 - INFO - 🎯 active=2, passive=2, mode=engaged
2026-02-03 17:52:07,229 - LightControllerV3 - INFO - 🎯 active=2, passive=2, mode=engaged
2026-02-03 17:52:07,263 - LightControllerV3 - INFO - 🎯 active=2, passive=2, mode=engaged
2026-02-03 17:52:07,299 - LightControllerV3 - INFO - 🎯 active=2, passive=2, mode=engaged
2026-02-03 17:52:07,333 - LightControllerV3 - INFO - 🎯 active=2, passive=2, mode=engaged
2026-02-03 17:52:07,367 - V3Dev.tracking.osc_handler - INFO - 📥 OSC: 191 msgs, person 64 at (-130, 179), active=2, passive=2
2026-02-03 17:52:07,368 - LightControllerV3 - INFO - 🎯 active=2, passive=2, mode=engaged
2026-02-03 17:52:07,402 - LightControllerV3 - INFO - 🎯 active=2, passive=2, mode=engaged
2026-02-03 17:52:07,436 - LightControllerV3 - INFO - 🎯 active=2, passive=2, mode=engaged
2026-02-03 17:52:07,470 - LightControllerV3 - INFO - 🎯 active=2, passive=2, mode=engaged
2026-02-03 17:52:07,506 - LightControllerV3 - INFO - 🎯 active=2, passive=2, mode=engaged
2026-02-03 17:52:07,540 - LightControllerV3 - INFO - 🎯 active=2, passive=2, mode=engaged
2026-02-03 17:52:07,575 - LightControllerV3 - INFO - 🎯 active=2, passive=2, mode=engaged
2026-02-03 17:52:07,610 - LightControllerV3 - INFO - 🎯 active=2, passive=2, mode=engaged
2026-02-03 17:52:07,645 - LightControllerV3 - INFO - 🎯 active=2, passive=2, mode=engaged
2026-02-03 17:52:07,680 - LightControllerV3 - INFO - 🎯 active=2, passive=2, mode=engaged
2026-02-03 17:52:07,714 - LightControllerV3 - INFO - 🎯 active=2, passive=2, mode=engaged
2026-02-03 17:52:07,749 - LightControllerV3 - INFO - 🎯 active=2, passive=2, mode=engaged
2026-02-03 17:52:07,783 - LightControllerV3 - INFO - 🎯 active=2, passive=2, mode=engaged
2026-02-03 17:52:07,818 - LightControllerV3 - INFO - 🎯 active=2, passive=2, mode=engaged
2026-02-03 17:52:07,853 - LightControllerV3 - INFO - 🎯 active=2, passive=2, mode=engaged
2026-02-03 17:52:07,886 - LightControllerV3 - INFO - 🎯 active=2, passive=2, mode=engaged
2026-02-03 17:52:07,921 - LightControllerV3 - INFO - 🎯 active=2, passive=1, mode=engaged
2026-02-03 17:52:07,956 - LightControllerV3 - INFO - 🎯 active=2, passive=1, mode=engaged
2026-02-03 17:52:07,991 - LightControllerV3 - INFO - 🎯 active=2, passive=1, mode=engaged
2026-02-03 17:52:08,027 - LightControllerV3 - INFO - 🎯 active=2, passive=1, mode=engaged
2026-02-03 17:52:08,061 - LightControllerV3 - INFO - 🎯 active=2, passive=1, mode=engaged
2026-02-03 17:52:08,096 - LightControllerV3 - INFO - 🎯 active=2, passive=1, mode=engaged
2026-02-03 17:52:08,129 - LightControllerV3 - INFO - 🎯 active=2, passive=1, mode=engaged
2026-02-03 17:52:08,163 - LightControllerV3 - INFO - 🎯 active=2, passive=1, mode=engaged
2026-02-03 17:52:08,199 - LightControllerV3 - INFO - 🎯 active=2, passive=1, mode=engaged
2026-02-03 17:52:08,234 - LightControllerV3 - INFO - 🎯 active=2, passive=1, mode=engaged
2026-02-03 17:52:08,269 - LightControllerV3 - INFO - 🎯 active=2, passive=1, mode=engaged
2026-02-03 17:52:08,302 - LightControllerV3 - INFO - 🎯 active=2, passive=1, mode=engaged
2026-02-03 17:52:08,336 - LightControllerV3 - INFO - 🎯 active=2, passive=1, mode=engaged
2026-02-03 17:52:08,372 - LightControllerV3 - INFO - 🎯 active=2, passive=1, mode=engaged
2026-02-03 17:52:08,407 - LightControllerV3 - INFO - 🎯 active=2, passive=1, mode=engaged
2026-02-03 17:52:08,443 - LightControllerV3 - INFO - 🎯 active=2, passive=1, mode=engaged
2026-02-03 17:52:08,477 - LightControllerV3 - INFO - 🎯 active=2, passive=1, mode=engaged
2026-02-03 17:52:08,512 - LightControllerV3 - INFO - 🎯 active=2, passive=1, mode=engaged
2026-02-03 17:52:08,546 - LightControllerV3 - INFO - 🎯 active=2, passive=1, mode=engaged
2026-02-03 17:52:08,581 - LightControllerV3 - INFO - 🎯 active=2, passive=1, mode=engaged
2026-02-03 17:52:08,616 - LightControllerV3 - INFO - 🎯 active=2, passive=1, mode=engaged
2026-02-03 17:52:08,650 - LightControllerV3 - INFO - 🎯 active=2, passive=1, mode=engaged
2026-02-03 17:52:08,685 - LightControllerV3 - INFO - 🎯 active=2, passive=1, mode=engaged
2026-02-03 17:52:08,721 - LightControllerV3 - INFO - 🎯 active=2, passive=1, mode=engaged
2026-02-03 17:52:08,755 - LightControllerV3 - INFO - 🎯 active=2, passive=1, mode=engaged
2026-02-03 17:52:08,789 - LightControllerV3 - INFO - 🎯 active=2, passive=2, mode=engaged
2026-02-03 17:52:08,823 - LightControllerV3 - INFO - 🎯 active=2, passive=2, mode=engaged
2026-02-03 17:52:08,860 - LightControllerV3 - INFO - 🎯 active=2, passive=2, mode=engaged
2026-02-03 17:52:08,894 - LightControllerV3 - INFO - 🎯 active=2, passive=2, mode=engaged
2026-02-03 17:52:08,929 - LightControllerV3 - INFO - 🎯 active=2, passive=2, mode=engaged
2026-02-03 17:52:08,964 - LightControllerV3 - INFO - 🎯 active=2, passive=2, mode=engaged
2026-02-03 17:52:08,998 - LightControllerV3 - INFO - 🎯 active=2, passive=2, mode=engaged
2026-02-03 17:52:09,034 - LightControllerV3 - INFO - 🎯 active=2, passive=2, mode=engaged
2026-02-03 17:52:09,070 - LightControllerV3 - INFO - 🎯 active=2, passive=2, mode=engaged
2026-02-03 17:52:09,105 - LightControllerV3 - INFO - 🎯 active=2, passive=2, mode=engaged
2026-02-03 17:52:09,140 - LightControllerV3 - INFO - 🎯 active=2, passive=2, mode=engaged
2026-02-03 17:52:09,175 - LightControllerV3 - INFO - 🎯 active=2, passive=2, mode=engaged
2026-02-03 17:52:09,211 - LightControllerV3 - INFO - 🎯 active=2, passive=2, mode=engaged
2026-02-03 17:52:09,245 - LightControllerV3 - INFO - 🎯 active=2, passive=2, mode=engaged
2026-02-03 17:52:09,280 - LightControllerV3 - INFO - 🎯 active=2, passive=2, mode=engaged
2026-02-03 17:52:09,315 - LightControllerV3 - INFO - 🎯 active=2, passive=2, mode=engaged
2026-02-03 17:52:09,351 - LightControllerV3 - INFO - 🎯 active=2, passive=2, mode=engaged
2026-02-03 17:52:09,384 - V3Dev.tracking.osc_handler - INFO - 📥 OSC: 190 msgs, person 64 at (-130, 179), active=2, passive=2
2026-02-03 17:52:09,385 - LightControllerV3 - INFO - 🎯 active=2, passive=2, mode=engaged
2026-02-03 17:52:09,420 - LightControllerV3 - INFO - 🎯 active=2, passive=2, mode=engaged
2026-02-03 17:52:09,455 - LightControllerV3 - INFO - 🎯 active=2, passive=2, mode=engaged
2026-02-03 17:52:09,490 - LightControllerV3 - INFO - 🎯 active=2, passive=2, mode=engaged
2026-02-03 17:52:09,524 - LightControllerV3 - INFO - 🎯 active=2, passive=2, mode=engaged
2026-02-03 17:52:09,560 - LightControllerV3 - INFO - 🎯 active=2, passive=2, mode=engaged
2026-02-03 17:52:09,595 - LightControllerV3 - INFO - 🎯 active=2, passive=2, mode=engaged
2026-02-03 17:52:09,631 - LightControllerV3 - INFO - 🎯 active=2, passive=2, mode=engaged
2026-02-03 17:52:09,665 - LightControllerV3 - INFO - 🎯 active=2, passive=2, mode=engaged
2026-02-03 17:52:09,701 - LightControllerV3 - INFO - 🎯 active=2, passive=2, mode=engaged
2026-02-03 17:52:09,735 - LightControllerV3 - INFO - 🎯 active=2, passive=2, mode=engaged
2026-02-03 17:52:09,770 - LightControllerV3 - INFO - 🎯 active=2, passive=2, mode=engaged
2026-02-03 17:52:09,805 - LightControllerV3 - INFO - 🎯 active=2, passive=2, mode=engaged
2026-02-03 17:52:09,840 - LightControllerV3 - INFO - 🎯 active=2, passive=2, mode=engaged
2026-02-03 17:52:09,874 - LightControllerV3 - INFO - 🎯 active=2, passive=2, mode=engaged
2026-02-03 17:52:09,909 - LightControllerV3 - INFO - 🎯 active=2, passive=2, mode=engaged
2026-02-03 17:52:09,944 - LightControllerV3 - INFO - 🎯 active=2, passive=2, mode=engaged
2026-02-03 17:52:09,980 - LightControllerV3 - INFO - 🎯 active=2, passive=2, mode=engaged
2026-02-03 17:52:10,015 - LightControllerV3 - INFO - 🎯 active=2, passive=2, mode=engaged
2026-02-03 17:52:10,047 - LightControllerV3 - INFO - 🎯 active=2, passive=2, mode=engaged
2026-02-03 17:52:10,083 - LightControllerV3 - INFO - 🎯 active=2, passive=2, mode=engaged
2026-02-03 17:52:10,118 - LightControllerV3 - INFO - 🎯 active=2, passive=2, mode=engaged
2026-02-03 17:52:10,153 - LightControllerV3 - INFO - 🎯 active=2, passive=2, mode=engaged
2026-02-03 17:52:10,187 - LightControllerV3 - INFO - 🎯 active=2, passive=2, mode=engaged
2026-02-03 17:52:10,221 - LightControllerV3 - INFO - 🎯 active=2, passive=2, mode=engaged
2026-02-03 17:52:10,256 - LightControllerV3 - INFO - 🎯 active=2, passive=2, mode=engaged
2026-02-03 17:52:10,291 - LightControllerV3 - INFO - 🎯 active=2, passive=2, mode=engaged
2026-02-03 17:52:10,327 - LightControllerV3 - INFO - 🎯 active=2, passive=2, mode=engaged
2026-02-03 17:52:10,363 - LightControllerV3 - INFO - 🎯 active=2, passive=2, mode=engaged
2026-02-03 17:52:10,397 - LightControllerV3 - INFO - 🎯 active=2, passive=2, mode=engaged
2026-02-03 17:52:10,433 - LightControllerV3 - INFO - 🎯 active=2, passive=2, mode=engaged
2026-02-03 17:52:10,466 - LightControllerV3 - INFO - 🎯 active=2, passive=2, mode=engaged
2026-02-03 17:52:10,501 - LightControllerV3 - INFO - 🎯 active=2, passive=2, mode=engaged
2026-02-03 17:52:10,536 - LightControllerV3 - INFO - 🎯 active=2, passive=1, mode=engaged
2026-02-03 17:52:10,571 - LightControllerV3 - INFO - 🎯 active=2, passive=1, mode=engaged
2026-02-03 17:52:10,606 - LightControllerV3 - INFO - 🎯 active=2, passive=1, mode=engaged
2026-02-03 17:52:10,639 - LightControllerV3 - INFO - 🎯 active=2, passive=1, mode=engaged
2026-02-03 17:52:10,675 - LightControllerV3 - INFO - 🎯 active=2, passive=1, mode=engaged
2026-02-03 17:52:10,709 - LightControllerV3 - INFO - 🎯 active=2, passive=1, mode=engaged
2026-02-03 17:52:10,746 - LightControllerV3 - INFO - 🎯 active=2, passive=1, mode=engaged
2026-02-03 17:52:10,781 - LightControllerV3 - INFO - 🎯 active=2, passive=1, mode=engaged
2026-02-03 17:52:10,815 - LightControllerV3 - INFO - 🎯 active=2, passive=1, mode=engaged
2026-02-03 17:52:10,849 - LightControllerV3 - INFO - 🎯 active=2, passive=2, mode=engaged
2026-02-03 17:52:10,885 - LightControllerV3 - INFO - 🎯 active=2, passive=2, mode=engaged
2026-02-03 17:52:10,920 - LightControllerV3 - INFO - 🎯 active=2, passive=2, mode=engaged
2026-02-03 17:52:10,954 - LightControllerV3 - INFO - 🎯 active=2, passive=2, mode=engaged
2026-02-03 17:52:10,989 - LightControllerV3 - INFO - 🎯 active=2, passive=2, mode=engaged
2026-02-03 17:52:11,022 - LightControllerV3 - INFO - 🎯 active=2, passive=2, mode=engaged
2026-02-03 17:52:11,057 - LightControllerV3 - INFO - 🎯 active=2, passive=2, mode=engaged
2026-02-03 17:52:11,092 - LightControllerV3 - INFO - 🎯 active=2, passive=2, mode=engaged
2026-02-03 17:52:11,126 - LightControllerV3 - INFO - 🎯 active=2, passive=2, mode=engaged
2026-02-03 17:52:11,163 - LightControllerV3 - INFO - 🎯 active=2, passive=2, mode=engaged
2026-02-03 17:52:11,197 - LightControllerV3 - INFO - 🎯 active=2, passive=2, mode=engaged
2026-02-03 17:52:11,232 - LightControllerV3 - INFO - 🎯 active=2, passive=2, mode=engaged
2026-02-03 17:52:11,268 - LightControllerV3 - INFO - 🎯 active=2, passive=2, mode=engaged
2026-02-03 17:52:11,301 - LightControllerV3 - INFO - 🎯 active=2, passive=2, mode=engaged
2026-02-03 17:52:11,336 - LightControllerV3 - INFO - 🎯 active=2, passive=2, mode=engaged
2026-02-03 17:52:11,369 - LightControllerV3 - INFO - 🎯 active=2, passive=2, mode=engaged
2026-02-03 17:52:11,404 - V3Dev.tracking.osc_handler - INFO - 📥 OSC: 206 msgs, person 64 at (-121, 153), active=2, passive=2
2026-02-03 17:52:11,405 - LightControllerV3 - INFO - 🎯 active=2, passive=2, mode=engaged
2026-02-03 17:52:11,441 - LightControllerV3 - INFO - 🎯 active=2, passive=2, mode=engaged
2026-02-03 17:52:11,475 - LightControllerV3 - INFO - 🎯 active=2, passive=2, mode=engaged
2026-02-03 17:52:11,510 - LightControllerV3 - INFO - 🎯 active=2, passive=2, mode=engaged
2026-02-03 17:52:11,543 - LightControllerV3 - INFO - 🎯 active=2, passive=2, mode=engaged
2026-02-03 17:52:11,579 - LightControllerV3 - INFO - 🎯 active=2, passive=2, mode=engaged
2026-02-03 17:52:11,614 - LightControllerV3 - INFO - 🎯 active=2, passive=2, mode=engaged
2026-02-03 17:52:11,649 - LightControllerV3 - INFO - 🎯 active=2, passive=2, mode=engaged
2026-02-03 17:52:11,684 - LightControllerV3 - INFO - 🎯 active=2, passive=2, mode=engaged
2026-02-03 17:52:11,719 - LightControllerV3 - INFO - 🎯 active=2, passive=2, mode=engaged
2026-02-03 17:52:11,752 - LightControllerV3 - INFO - 🎯 active=2, passive=2, mode=engaged
2026-02-03 17:52:11,786 - LightControllerV3 - INFO - 🎯 active=2, passive=2, mode=engaged
2026-02-03 17:52:11,822 - LightControllerV3 - INFO - 🎯 active=2, passive=2, mode=engaged
2026-02-03 17:52:11,858 - LightControllerV3 - INFO - 🎯 active=2, passive=2, mode=engaged
2026-02-03 17:52:11,892 - LightControllerV3 - INFO - 🎯 active=2, passive=2, mode=engaged
2026-02-03 17:52:11,927 - LightControllerV3 - INFO - 🎯 active=2, passive=2, mode=engaged
2026-02-03 17:52:11,962 - LightControllerV3 - INFO - 🎯 active=2, passive=2, mode=engaged
2026-02-03 17:52:11,996 - LightControllerV3 - INFO - 🎯 active=2, passive=2, mode=engaged
2026-02-03 17:52:12,030 - LightControllerV3 - INFO - 🎯 active=2, passive=2, mode=engaged
2026-02-03 17:52:12,064 - LightControllerV3 - INFO - 🎯 active=2, passive=2, mode=engaged
2026-02-03 17:52:12,099 - LightControllerV3 - INFO - 🎯 active=2, passive=2, mode=engaged
2026-02-03 17:52:12,134 - LightControllerV3 - INFO - 🎯 active=2, passive=2, mode=engaged
2026-02-03 17:52:12,169 - LightControllerV3 - INFO - 🎯 active=2, passive=2, mode=engaged
2026-02-03 17:52:12,205 - LightControllerV3 - INFO - 🎯 active=2, passive=2, mode=engaged
2026-02-03 17:52:12,238 - LightControllerV3 - INFO - 🎯 active=2, passive=2, mode=engaged
2026-02-03 17:52:12,274 - LightControllerV3 - INFO - 🎯 active=2, passive=2, mode=engaged
2026-02-03 17:52:12,309 - LightControllerV3 - INFO - 🎯 active=2, passive=2, mode=engaged
2026-02-03 17:52:12,344 - LightControllerV3 - INFO - 🎯 active=2, passive=2, mode=engaged
2026-02-03 17:52:12,379 - LightControllerV3 - INFO - 🎯 active=2, passive=2, mode=engaged
2026-02-03 17:52:12,414 - LightControllerV3 - INFO - 🎯 active=2, passive=1, mode=engaged
2026-02-03 17:52:12,447 - LightControllerV3 - INFO - 🎯 active=2, passive=1, mode=engaged
2026-02-03 17:52:12,483 - LightControllerV3 - INFO - 🎯 active=2, passive=1, mode=engaged
2026-02-03 17:52:12,517 - LightControllerV3 - INFO - 🎯 active=2, passive=1, mode=engaged
2026-02-03 17:52:12,552 - LightControllerV3 - INFO - 🎯 active=2, passive=1, mode=engaged
2026-02-03 17:52:12,586 - LightControllerV3 - INFO - 🎯 active=2, passive=1, mode=engaged
2026-02-03 17:52:12,621 - LightControllerV3 - INFO - 🎯 active=2, passive=1, mode=engaged
2026-02-03 17:52:12,656 - LightControllerV3 - INFO - 🎯 active=2, passive=2, mode=engaged
2026-02-03 17:52:12,691 - LightControllerV3 - INFO - 🎯 active=2, passive=2, mode=engaged
2026-02-03 17:52:12,725 - LightControllerV3 - INFO - 🎯 active=2, passive=2, mode=engaged
2026-02-03 17:52:12,760 - LightControllerV3 - INFO - 🎯 active=2, passive=2, mode=engaged
2026-02-03 17:52:12,796 - LightControllerV3 - INFO - 🎯 active=2, passive=2, mode=engaged
2026-02-03 17:52:12,830 - LightControllerV3 - INFO - 🎯 active=2, passive=2, mode=engaged
2026-02-03 17:52:12,865 - LightControllerV3 - INFO - 🎯 active=2, passive=2, mode=engaged
2026-02-03 17:52:12,900 - LightControllerV3 - INFO - 🎯 active=2, passive=2, mode=engaged
2026-02-03 17:52:12,935 - LightControllerV3 - INFO - 🎯 active=2, passive=2, mode=engaged
2026-02-03 17:52:12,969 - LightControllerV3 - INFO - 🎯 active=2, passive=2, mode=engaged
2026-02-03 17:52:13,004 - LightControllerV3 - INFO - 🎯 active=2, passive=2, mode=engaged
2026-02-03 17:52:13,038 - LightControllerV3 - INFO - 🎯 active=2, passive=2, mode=engaged
2026-02-03 17:52:13,074 - LightControllerV3 - INFO - 🎯 active=2, passive=2, mode=engaged
2026-02-03 17:52:13,108 - LightControllerV3 - INFO - 🎯 active=2, passive=2, mode=engaged
2026-02-03 17:52:13,143 - LightControllerV3 - INFO - 🎯 active=2, passive=2, mode=engaged
2026-02-03 17:52:13,178 - LightControllerV3 - INFO - 🎯 active=2, passive=2, mode=engaged
2026-02-03 17:52:13,213 - LightControllerV3 - INFO - 🎯 active=2, passive=2, mode=engaged
2026-02-03 17:52:13,248 - LightControllerV3 - INFO - 🎯 active=2, passive=2, mode=engaged
2026-02-03 17:52:13,283 - LightControllerV3 - INFO - 🎯 active=2, passive=2, mode=engaged
2026-02-03 17:52:13,318 - LightControllerV3 - INFO - 🎯 active=2, passive=2, mode=engaged
2026-02-03 17:52:13,354 - LightControllerV3 - INFO - 🎯 active=2, passive=2, mode=engaged
2026-02-03 17:52:13,388 - LightControllerV3 - INFO - 🎯 active=2, passive=2, mode=engaged
2026-02-03 17:52:13,423 - V3Dev.tracking.osc_handler - INFO - 📥 OSC: 204 msgs, person 64 at (-121, 153), active=2, passive=2
2026-02-03 17:52:13,424 - LightControllerV3 - INFO - 🎯 active=2, passive=2, mode=engaged
2026-02-03 17:52:13,458 - LightControllerV3 - INFO - 🎯 active=2, passive=2, mode=engaged
2026-02-03 17:52:13,495 - LightControllerV3 - INFO - 🎯 active=2, passive=2, mode=engaged
2026-02-03 17:52:13,530 - LightControllerV3 - INFO - 🎯 active=2, passive=2, mode=engaged
2026-02-03 17:52:13,564 - LightControllerV3 - INFO - 🎯 active=2, passive=2, mode=engaged
2026-02-03 17:52:13,599 - LightControllerV3 - INFO - 🎯 active=2, passive=2, mode=engaged
2026-02-03 17:52:13,634 - LightControllerV3 - INFO - 🎯 active=2, passive=2, mode=engaged
2026-02-03 17:52:13,669 - LightControllerV3 - INFO - 🎯 active=2, passive=2, mode=engaged
2026-02-03 17:52:13,705 - LightControllerV3 - INFO - 🎯 active=2, passive=2, mode=engaged
2026-02-03 17:52:13,738 - LightControllerV3 - INFO - 🎯 active=2, passive=2, mode=engaged
2026-02-03 17:52:13,772 - LightControllerV3 - INFO - 🎯 active=2, passive=2, mode=engaged
2026-02-03 17:52:13,805 - LightControllerV3 - INFO - 🎯 active=2, passive=2, mode=engaged
2026-02-03 17:52:13,840 - LightControllerV3 - INFO - 🎯 active=2, passive=2, mode=engaged
2026-02-03 17:52:13,873 - LightControllerV3 - INFO - 🎯 active=2, passive=2, mode=engaged
2026-02-03 17:52:13,909 - LightControllerV3 - INFO - 🎯 active=2, passive=2, mode=engaged
2026-02-03 17:52:13,943 - LightControllerV3 - INFO - 🎯 active=2, passive=2, mode=engaged
2026-02-03 17:52:13,978 - LightControllerV3 - INFO - 🎯 active=2, passive=2, mode=engaged
2026-02-03 17:52:14,013 - LightControllerV3 - INFO - 🎯 active=2, passive=2, mode=engaged
2026-02-03 17:52:14,047 - LightControllerV3 - INFO - 🎯 active=2, passive=2, mode=engaged
2026-02-03 17:52:14,082 - LightControllerV3 - INFO - 🎯 active=2, passive=2, mode=engaged
2026-02-03 17:52:14,118 - LightControllerV3 - INFO - 🎯 active=2, passive=2, mode=engaged
2026-02-03 17:52:14,153 - LightControllerV3 - INFO - 🎯 active=2, passive=2, mode=engaged
2026-02-03 17:52:14,189 - LightControllerV3 - INFO - 🎯 active=2, passive=2, mode=engaged
2026-02-03 17:52:14,223 - LightControllerV3 - INFO - 🎯 active=2, passive=2, mode=engaged
2026-02-03 17:52:14,258 - LightControllerV3 - INFO - 🎯 active=2, passive=2, mode=engaged
2026-02-03 17:52:14,293 - LightControllerV3 - INFO - 🎯 active=2, passive=2, mode=engaged
2026-02-03 17:52:14,327 - LightControllerV3 - INFO - 🎯 active=2, passive=2, mode=engaged
2026-02-03 17:52:14,362 - LightControllerV3 - INFO - 🎯 active=2, passive=2, mode=engaged
2026-02-03 17:52:14,396 - LightControllerV3 - INFO - 🎯 active=2, passive=2, mode=engaged
2026-02-03 17:52:14,431 - LightControllerV3 - INFO - 🎯 active=2, passive=2, mode=engaged
2026-02-03 17:52:14,466 - LightControllerV3 - INFO - 🎯 active=2, passive=2, mode=engaged
2026-02-03 17:52:14,499 - LightControllerV3 - INFO - 🎯 active=2, passive=2, mode=engaged
2026-02-03 17:52:14,534 - LightControllerV3 - INFO - 🎯 active=2, passive=2, mode=engaged
2026-02-03 17:52:14,568 - LightControllerV3 - INFO - 🎯 active=2, passive=2, mode=engaged
2026-02-03 17:52:14,604 - LightControllerV3 - INFO - 🎯 active=2, passive=2, mode=engaged
2026-02-03 17:52:14,638 - LightControllerV3 - INFO - 🎯 active=2, passive=2, mode=engaged
2026-02-03 17:52:14,674 - LightControllerV3 - INFO - 🎯 active=2, passive=2, mode=engaged
2026-02-03 17:52:14,708 - LightControllerV3 - INFO - 🎯 active=2, passive=2, mode=engaged
2026-02-03 17:52:14,743 - LightControllerV3 - INFO - 🎯 active=2, passive=1, mode=engaged
2026-02-03 17:52:14,776 - LightControllerV3 - INFO - 🎯 active=2, passive=1, mode=engaged
2026-02-03 17:52:14,812 - LightControllerV3 - INFO - 🎯 active=2, passive=2, mode=engaged
2026-02-03 17:52:14,845 - LightControllerV3 - INFO - 🎯 active=2, passive=2, mode=engaged
2026-02-03 17:52:14,880 - LightControllerV3 - INFO - 🎯 active=2, passive=2, mode=engaged
2026-02-03 17:52:14,915 - LightControllerV3 - INFO - 🎯 active=2, passive=2, mode=engaged
2026-02-03 17:52:14,950 - LightControllerV3 - INFO - 🎯 active=2, passive=2, mode=engaged
2026-02-03 17:52:14,985 - LightControllerV3 - INFO - 🎯 active=2, passive=2, mode=engaged
2026-02-03 17:52:15,021 - LightControllerV3 - INFO - 🎯 active=2, passive=2, mode=engaged
2026-02-03 17:52:15,055 - LightControllerV3 - INFO - 🎯 active=2, passive=2, mode=engaged
2026-02-03 17:52:15,090 - LightControllerV3 - INFO - 🎯 active=2, passive=2, mode=engaged
2026-02-03 17:52:15,125 - LightControllerV3 - INFO - 🎯 active=2, passive=2, mode=engaged
2026-02-03 17:52:15,159 - LightControllerV3 - INFO - 🎯 active=2, passive=2, mode=engaged
2026-02-03 17:52:15,195 - LightControllerV3 - INFO - 🎯 active=2, passive=2, mode=engaged
2026-02-03 17:52:15,229 - LightControllerV3 - INFO - 🎯 active=2, passive=2, mode=engaged
2026-02-03 17:52:15,265 - LightControllerV3 - INFO - 🎯 active=2, passive=2, mode=engaged
2026-02-03 17:52:15,299 - LightControllerV3 - INFO - 🎯 active=2, passive=2, mode=engaged
2026-02-03 17:52:15,333 - LightControllerV3 - INFO - 🎯 active=2, passive=2, mode=engaged
2026-02-03 17:52:15,368 - LightControllerV3 - INFO - 🎯 active=2, passive=2, mode=engaged
2026-02-03 17:52:15,404 - LightControllerV3 - INFO - 🎯 active=2, passive=2, mode=engaged
2026-02-03 17:52:15,437 - V3Dev.tracking.osc_handler - INFO - 📥 OSC: 208 msgs, person 64 at (-87, 220), active=2, passive=2
2026-02-03 17:52:15,437 - LightControllerV3 - INFO - 🎯 active=2, passive=2, mode=engaged
2026-02-03 17:52:15,470 - LightControllerV3 - INFO - 🎯 active=2, passive=2, mode=engaged
2026-02-03 17:52:15,505 - LightControllerV3 - INFO - 🎯 active=2, passive=2, mode=engaged
2026-02-03 17:52:15,540 - LightControllerV3 - INFO - 🎯 active=2, passive=2, mode=engaged
2026-02-03 17:52:15,572 - LightControllerV3 - INFO - 🎯 active=2, passive=2, mode=engaged
2026-02-03 17:52:15,606 - LightControllerV3 - INFO - 🎯 active=2, passive=2, mode=engaged
2026-02-03 17:52:15,641 - LightControllerV3 - INFO - 🎯 active=2, passive=2, mode=engaged
2026-02-03 17:52:15,676 - LightControllerV3 - INFO - 🎯 active=2, passive=2, mode=engaged
2026-02-03 17:52:15,709 - LightControllerV3 - INFO - 🎯 active=2, passive=2, mode=engaged
2026-02-03 17:52:15,745 - LightControllerV3 - INFO - 🎯 active=2, passive=2, mode=engaged
2026-02-03 17:52:15,780 - LightControllerV3 - INFO - 🎯 active=2, passive=2, mode=engaged
2026-02-03 17:52:15,815 - LightControllerV3 - INFO - 🎯 active=2, passive=2, mode=engaged
2026-02-03 17:52:15,851 - LightControllerV3 - INFO - 🎯 active=2, passive=2, mode=engaged
2026-02-03 17:52:15,886 - LightControllerV3 - INFO - 🎯 active=2, passive=2, mode=engaged
2026-02-03 17:52:15,920 - LightControllerV3 - INFO - 🎯 active=2, passive=2, mode=engaged
2026-02-03 17:52:15,954 - LightControllerV3 - INFO - 🎯 active=2, passive=2, mode=engaged
2026-02-03 17:52:15,990 - LightControllerV3 - INFO - 🎯 active=2, passive=2, mode=engaged
2026-02-03 17:52:16,023 - LightControllerV3 - INFO - 🎯 active=2, passive=2, mode=engaged
2026-02-03 17:52:16,058 - LightControllerV3 - INFO - 🎯 active=2, passive=2, mode=engaged
2026-02-03 17:52:16,093 - LightControllerV3 - INFO - 🎯 active=2, passive=2, mode=engaged
2026-02-03 17:52:16,127 - LightControllerV3 - INFO - 🎯 active=2, passive=2, mode=engaged
2026-02-03 17:52:16,163 - LightControllerV3 - INFO - 🎯 active=2, passive=1, mode=engaged
2026-02-03 17:52:16,197 - LightControllerV3 - INFO - 🎯 active=2, passive=1, mode=engaged
2026-02-03 17:52:16,232 - LightControllerV3 - INFO - 🎯 active=2, passive=1, mode=engaged
2026-02-03 17:52:16,267 - LightControllerV3 - INFO - 🎯 active=2, passive=1, mode=engaged
2026-02-03 17:52:16,301 - LightControllerV3 - INFO - 🎯 active=2, passive=1, mode=engaged
2026-02-03 17:52:16,336 - LightControllerV3 - INFO - 🎯 active=2, passive=1, mode=engaged
2026-02-03 17:52:16,370 - LightControllerV3 - INFO - 🎯 active=2, passive=1, mode=engaged
2026-02-03 17:52:16,406 - LightControllerV3 - INFO - 🎯 active=2, passive=1, mode=engaged
2026-02-03 17:52:16,442 - LightControllerV3 - INFO - 🎯 active=2, passive=1, mode=engaged
2026-02-03 17:52:16,476 - LightControllerV3 - INFO - 🎯 active=2, passive=1, mode=engaged
2026-02-03 17:52:16,511 - LightControllerV3 - INFO - 🎯 active=2, passive=1, mode=engaged
2026-02-03 17:52:16,544 - LightControllerV3 - INFO - 🎯 active=2, passive=1, mode=engaged
2026-02-03 17:52:16,581 - LightControllerV3 - INFO - 🎯 active=2, passive=1, mode=engaged
2026-02-03 17:52:16,614 - LightControllerV3 - INFO - 🎯 active=2, passive=2, mode=engaged
2026-02-03 17:52:16,649 - LightControllerV3 - INFO - 🎯 active=2, passive=2, mode=engaged
2026-02-03 17:52:16,684 - LightControllerV3 - INFO - 🎯 active=2, passive=2, mode=engaged
2026-02-03 17:52:16,719 - LightControllerV3 - INFO - 🎯 active=2, passive=2, mode=engaged
2026-02-03 17:52:16,754 - LightControllerV3 - INFO - 🎯 active=2, passive=2, mode=engaged
2026-02-03 17:52:16,788 - LightControllerV3 - INFO - 🎯 active=2, passive=2, mode=engaged
2026-02-03 17:52:16,824 - LightControllerV3 - INFO - 🎯 active=2, passive=2, mode=engaged
2026-02-03 17:52:16,859 - LightControllerV3 - INFO - 🎯 active=2, passive=2, mode=engaged
2026-02-03 17:52:16,892 - LightControllerV3 - INFO - 🎯 active=2, passive=2, mode=engaged
2026-02-03 17:52:16,927 - LightControllerV3 - INFO - 🎯 active=2, passive=2, mode=engaged
2026-02-03 17:52:16,962 - LightControllerV3 - INFO - 🎯 active=2, passive=2, mode=engaged
2026-02-03 17:52:16,997 - LightControllerV3 - INFO - 🎯 active=2, passive=2, mode=engaged
2026-02-03 17:52:17,032 - LightControllerV3 - INFO - 🎯 active=2, passive=2, mode=engaged
2026-02-03 17:52:17,067 - LightControllerV3 - INFO - 🎯 active=2, passive=2, mode=engaged
2026-02-03 17:52:17,102 - LightControllerV3 - INFO - 🎯 active=2, passive=2, mode=engaged
2026-02-03 17:52:17,135 - LightControllerV3 - INFO - 🎯 active=2, passive=2, mode=engaged
2026-02-03 17:52:17,170 - LightControllerV3 - INFO - 🎯 active=2, passive=2, mode=engaged
2026-02-03 17:52:17,206 - LightControllerV3 - INFO - 🎯 active=2, passive=2, mode=engaged
2026-02-03 17:52:17,241 - LightControllerV3 - INFO - 🎯 active=2, passive=2, mode=engaged
2026-02-03 17:52:17,275 - LightControllerV3 - INFO - 🎯 active=2, passive=2, mode=engaged
2026-02-03 17:52:17,310 - LightControllerV3 - INFO - 🎯 active=2, passive=2, mode=engaged
2026-02-03 17:52:17,344 - LightControllerV3 - INFO - 🎯 active=2, passive=2, mode=engaged
2026-02-03 17:52:17,380 - LightControllerV3 - INFO - 🎯 active=2, passive=2, mode=engaged
2026-02-03 17:52:17,414 - LightControllerV3 - INFO - 🎯 active=2, passive=2, mode=engaged
2026-02-03 17:52:17,449 - V3Dev.tracking.osc_handler - INFO - 📥 OSC: 200 msgs, person 64 at (-87, 220), active=2, passive=2
2026-02-03 17:52:17,450 - LightControllerV3 - INFO - 🎯 active=2, passive=2, mode=engaged
2026-02-03 17:52:17,484 - LightControllerV3 - INFO - 🎯 active=2, passive=2, mode=engaged
2026-02-03 17:52:17,519 - LightControllerV3 - INFO - 🎯 active=2, passive=2, mode=engaged
2026-02-03 17:52:17,553 - LightControllerV3 - INFO - 🎯 active=2, passive=2, mode=engaged
2026-02-03 17:52:17,588 - LightControllerV3 - INFO - 🎯 active=2, passive=2, mode=engaged
2026-02-03 17:52:17,622 - LightControllerV3 - INFO - 🎯 active=2, passive=2, mode=engaged
2026-02-03 17:52:17,658 - LightControllerV3 - INFO - 🎯 active=2, passive=2, mode=engaged
2026-02-03 17:52:17,690 - LightControllerV3 - INFO - 🎯 active=2, passive=2, mode=engaged
2026-02-03 17:52:17,726 - LightControllerV3 - INFO - 🎯 active=2, passive=2, mode=engaged
2026-02-03 17:52:17,761 - LightControllerV3 - INFO - 🎯 active=2, passive=2, mode=engaged
2026-02-03 17:52:17,796 - LightControllerV3 - INFO - 🎯 active=2, passive=2, mode=engaged
2026-02-03 17:52:17,831 - LightControllerV3 - INFO - 🎯 active=2, passive=2, mode=engaged
2026-02-03 17:52:17,865 - LightControllerV3 - INFO - 🎯 active=2, passive=2, mode=engaged
2026-02-03 17:52:17,901 - LightControllerV3 - INFO - 🎯 active=2, passive=2, mode=engaged
2026-02-03 17:52:17,937 - LightControllerV3 - INFO - 🎯 active=2, passive=2, mode=engaged
2026-02-03 17:52:17,972 - LightControllerV3 - INFO - 🎯 active=2, passive=2, mode=engaged
2026-02-03 17:52:18,006 - LightControllerV3 - INFO - 🎯 active=2, passive=2, mode=engaged
2026-02-03 17:52:18,041 - LightControllerV3 - INFO - 🎯 active=2, passive=2, mode=engaged
2026-02-03 17:52:18,076 - LightControllerV3 - INFO - 🎯 active=2, passive=2, mode=engaged
2026-02-03 17:52:18,111 - LightControllerV3 - INFO - 🎯 active=2, passive=2, mode=engaged
2026-02-03 17:52:18,144 - LightControllerV3 - INFO - 🎯 active=2, passive=2, mode=engaged
2026-02-03 17:52:18,180 - LightControllerV3 - INFO - 🎯 active=2, passive=2, mode=engaged
2026-02-03 17:52:18,215 - LightControllerV3 - INFO - 🎯 active=2, passive=2, mode=engaged
2026-02-03 17:52:18,250 - LightControllerV3 - INFO - 🎯 active=2, passive=2, mode=engaged
2026-02-03 17:52:18,285 - LightControllerV3 - INFO - 🎯 active=2, passive=2, mode=engaged
2026-02-03 17:52:18,320 - LightControllerV3 - INFO - 🎯 active=2, passive=1, mode=engaged
2026-02-03 17:52:18,355 - LightControllerV3 - INFO - 🎯 active=2, passive=1, mode=engaged
2026-02-03 17:52:18,389 - LightControllerV3 - INFO - 🎯 active=2, passive=1, mode=engaged
2026-02-03 17:52:18,425 - LightControllerV3 - INFO - 🎯 active=2, passive=1, mode=engaged
2026-02-03 17:52:18,460 - LightControllerV3 - INFO - 🎯 active=2, passive=1, mode=engaged
2026-02-03 17:52:18,496 - LightControllerV3 - INFO - 🎯 active=2, passive=1, mode=engaged
2026-02-03 17:52:18,531 - LightControllerV3 - INFO - 🎯 active=2, passive=1, mode=engaged
2026-02-03 17:52:18,565 - LightControllerV3 - INFO - 🎯 active=2, passive=1, mode=engaged
2026-02-03 17:52:18,599 - LightControllerV3 - INFO - 🎯 active=2, passive=1, mode=engaged
2026-02-03 17:52:18,635 - LightControllerV3 - INFO - 🎯 active=2, passive=1, mode=engaged
2026-02-03 17:52:18,669 - LightControllerV3 - INFO - 🎯 active=2, passive=2, mode=engaged
2026-02-03 17:52:18,705 - LightControllerV3 - INFO - 🎯 active=2, passive=2, mode=engaged
2026-02-03 17:52:18,740 - LightControllerV3 - INFO - 🎯 active=2, passive=2, mode=engaged
2026-02-03 17:52:18,775 - LightControllerV3 - INFO - 🎯 active=2, passive=2, mode=engaged
2026-02-03 17:52:18,810 - LightControllerV3 - INFO - 🎯 active=2, passive=2, mode=engaged
2026-02-03 17:52:18,845 - LightControllerV3 - INFO - 🎯 active=2, passive=2, mode=engaged
2026-02-03 17:52:18,880 - LightControllerV3 - INFO - 🎯 active=2, passive=2, mode=engaged
2026-02-03 17:52:18,915 - LightControllerV3 - INFO - 🎯 active=2, passive=2, mode=engaged
2026-02-03 17:52:18,950 - LightControllerV3 - INFO - 🎯 active=2, passive=2, mode=engaged
2026-02-03 17:52:18,982 - LightControllerV3 - INFO - 🎯 active=2, passive=2, mode=engaged
2026-02-03 17:52:19,016 - LightControllerV3 - INFO - 🎯 active=2, passive=2, mode=engaged
2026-02-03 17:52:19,051 - LightControllerV3 - INFO - 🎯 active=2, passive=2, mode=engaged
2026-02-03 17:52:19,086 - LightControllerV3 - INFO - 🎯 active=2, passive=2, mode=engaged
2026-02-03 17:52:19,120 - LightControllerV3 - INFO - 🎯 active=2, passive=2, mode=engaged
2026-02-03 17:52:19,155 - LightControllerV3 - INFO - 🎯 active=2, passive=2, mode=engaged
2026-02-03 17:52:19,192 - LightControllerV3 - INFO - 🎯 active=2, passive=2, mode=engaged
2026-02-03 17:52:19,227 - LightControllerV3 - INFO - 🎯 active=2, passive=2, mode=engaged
2026-02-03 17:52:19,261 - LightControllerV3 - INFO - 🎯 active=2, passive=2, mode=engaged
2026-02-03 17:52:19,296 - LightControllerV3 - INFO - 🎯 active=2, passive=2, mode=engaged
2026-02-03 17:52:19,331 - LightControllerV3 - INFO - 🎯 active=2, passive=2, mode=engaged
2026-02-03 17:52:19,365 - LightControllerV3 - INFO - 🎯 active=2, passive=2, mode=engaged
2026-02-03 17:52:19,402 - LightControllerV3 - INFO - 🎯 active=2, passive=2, mode=engaged
2026-02-03 17:52:19,436 - LightControllerV3 - INFO - 🎯 active=2, passive=2, mode=engaged
2026-02-03 17:52:19,470 - V3Dev.tracking.osc_handler - INFO - 📥 OSC: 197 msgs, person 64 at (-75, 242), active=2, passive=2
2026-02-03 17:52:19,471 - LightControllerV3 - INFO - 🎯 active=2, passive=2, mode=engaged
2026-02-03 17:52:19,506 - LightControllerV3 - INFO - 🎯 active=2, passive=2, mode=engaged
2026-02-03 17:52:19,540 - LightControllerV3 - INFO - 🎯 active=2, passive=2, mode=engaged
2026-02-03 17:52:19,575 - LightControllerV3 - INFO - 🎯 active=2, passive=2, mode=engaged
2026-02-03 17:52:19,610 - LightControllerV3 - INFO - 🎯 active=2, passive=2, mode=engaged
2026-02-03 17:52:19,645 - LightControllerV3 - INFO - 🎯 active=2, passive=2, mode=engaged
2026-02-03 17:52:19,680 - LightControllerV3 - INFO - 🎯 active=2, passive=2, mode=engaged
2026-02-03 17:52:19,714 - LightControllerV3 - INFO - 🎯 active=2, passive=2, mode=engaged
2026-02-03 17:52:19,748 - LightControllerV3 - INFO - 🎯 active=2, passive=2, mode=engaged
2026-02-03 17:52:19,784 - LightControllerV3 - INFO - 🎯 active=2, passive=2, mode=engaged
2026-02-03 17:52:19,818 - LightControllerV3 - INFO - 🎯 active=2, passive=2, mode=engaged
2026-02-03 17:52:19,852 - LightControllerV3 - INFO - 🎯 active=2, passive=2, mode=engaged
2026-02-03 17:52:19,887 - LightControllerV3 - INFO - 🎯 active=2, passive=2, mode=engaged
2026-02-03 17:52:19,922 - LightControllerV3 - INFO - 🎯 active=2, passive=1, mode=engaged
2026-02-03 17:52:19,957 - LightControllerV3 - INFO - 🎯 active=2, passive=1, mode=engaged
2026-02-03 17:52:19,993 - LightControllerV3 - INFO - 🎯 active=2, passive=1, mode=engaged
2026-02-03 17:52:20,028 - LightControllerV3 - INFO - 🎯 active=1, passive=2, mode=engaged
2026-02-03 17:52:20,062 - LightControllerV3 - INFO - 🎯 active=1, passive=2, mode=engaged
2026-02-03 17:52:20,097 - LightControllerV3 - INFO - 🎯 active=1, passive=2, mode=engaged
2026-02-03 17:52:20,131 - LightControllerV3 - INFO - 🎯 active=1, passive=2, mode=engaged
2026-02-03 17:52:21,490 - V3Dev.tracking.osc_handler - INFO - 📥 OSC: 191 msgs, person 64 at (80, 302), active=0, passive=2
2026-02-03 17:52:23,523 - V3Dev.tracking.osc_handler - INFO - 📥 OSC: 132 msgs, person 78 at (-323, 387), active=0, passive=2
2026-02-03 17:52:23,907 - LightControllerV3 - INFO - 🎯 active=0, passive=1, mode=engaged
2026-02-03 17:52:25,534 - V3Dev.tracking.osc_handler - INFO - 📥 OSC: 114 msgs, person 79 at (-200, 435), active=0, passive=3
2026-02-03 17:52:27,161 - LightControllerV3 - INFO - 🎯 active=1, passive=3, mode=idle
2026-02-03 17:52:27,197 - LightControllerV3 - INFO - 🎯 active=1, passive=3, mode=idle
2026-02-03 17:52:27,230 - LightControllerV3 - INFO - 🎯 active=1, passive=3, mode=idle
2026-02-03 17:52:27,265 - LightControllerV3 - INFO - 🎯 active=1, passive=2, mode=idle
2026-02-03 17:52:27,299 - LightControllerV3 - INFO - 🎯 active=1, passive=2, mode=idle
2026-02-03 17:52:27,335 - LightControllerV3 - INFO - 🎯 active=1, passive=2, mode=idle
2026-02-03 17:52:27,371 - LightControllerV3 - INFO - 🎯 active=1, passive=2, mode=idle
2026-02-03 17:52:27,405 - LightControllerV3 - INFO - 🎯 active=1, passive=2, mode=idle
2026-02-03 17:52:27,440 - LightControllerV3 - INFO - 🎯 active=1, passive=2, mode=idle
2026-02-03 17:52:27,475 - LightControllerV3 - INFO - 🎯 active=1, passive=2, mode=idle
2026-02-03 17:52:27,510 - LightControllerV3 - INFO - 🎯 active=1, passive=2, mode=idle
2026-02-03 17:52:27,544 - LightControllerV3 - INFO - 🎯 active=1, passive=2, mode=idle
2026-02-03 17:52:27,578 - V3Dev.tracking.osc_handler - INFO - 📥 OSC: 173 msgs, person 79 at (-388, 436), active=1, passive=2
2026-02-03 17:52:27,580 - LightControllerV3 - INFO - 🎯 active=1, passive=2, mode=idle
2026-02-03 17:52:27,614 - LightControllerV3 - INFO - 🎯 active=1, passive=2, mode=idle
2026-02-03 17:52:27,649 - LightControllerV3 - INFO - 🎯 active=1, passive=2, mode=idle
2026-02-03 17:52:27,684 - LightControllerV3 - INFO - 🎯 active=1, passive=2, mode=idle
2026-02-03 17:52:27,718 - LightControllerV3 - INFO - 🎯 active=1, passive=2, mode=idle
2026-02-03 17:52:27,753 - LightControllerV3 - INFO - 🎯 active=1, passive=2, mode=idle
2026-02-03 17:52:27,786 - LightControllerV3 - INFO - 🎯 active=1, passive=1, mode=idle
2026-02-03 17:52:27,821 - LightControllerV3 - INFO - 🎯 active=1, passive=1, mode=idle
2026-02-03 17:52:27,856 - LightControllerV3 - INFO - 🎯 active=1, passive=1, mode=idle
2026-02-03 17:52:27,891 - LightControllerV3 - INFO - 🎯 active=1, passive=1, mode=idle
2026-02-03 17:52:27,926 - LightControllerV3 - INFO - 🎯 active=1, passive=1, mode=idle
2026-02-03 17:52:27,960 - LightControllerV3 - INFO - 🎯 active=1, passive=1, mode=idle
2026-02-03 17:52:27,996 - LightControllerV3 - INFO - 🎯 active=1, passive=1, mode=idle
2026-02-03 17:52:28,031 - LightControllerV3 - INFO - 🎯 active=1, passive=1, mode=idle
2026-02-03 17:52:28,066 - LightControllerV3 - INFO - 🎯 active=1, passive=1, mode=idle
2026-02-03 17:52:28,101 - LightControllerV3 - INFO - 🎯 active=1, passive=1, mode=idle
2026-02-03 17:52:28,136 - LightControllerV3 - INFO - 🎯 active=1, passive=1, mode=idle
2026-02-03 17:52:28,168 - LightControllerV3 - INFO - 🎯 active=1, passive=1, mode=idle
2026-02-03 17:52:28,204 - LightControllerV3 - INFO - 🎯 active=1, passive=1, mode=idle
2026-02-03 17:52:28,239 - LightControllerV3 - INFO - 🎯 active=1, passive=1, mode=engaged
2026-02-03 17:52:28,274 - LightControllerV3 - INFO - 🎯 active=1, passive=1, mode=engaged
2026-02-03 17:52:28,309 - LightControllerV3 - INFO - 🎯 active=1, passive=1, mode=engaged
2026-02-03 17:52:28,344 - LightControllerV3 - INFO - 🎯 active=1, passive=1, mode=engaged
2026-02-03 17:52:28,379 - LightControllerV3 - INFO - 🎯 active=1, passive=1, mode=engaged
2026-02-03 17:52:28,413 - LightControllerV3 - INFO - 🎯 active=1, passive=1, mode=engaged
2026-02-03 17:52:28,449 - LightControllerV3 - INFO - 🎯 active=1, passive=1, mode=engaged
2026-02-03 17:52:28,484 - LightControllerV3 - INFO - 🎯 active=1, passive=1, mode=engaged
2026-02-03 17:52:28,519 - LightControllerV3 - INFO - 🎯 active=1, passive=1, mode=engaged
2026-02-03 17:52:28,553 - LightControllerV3 - INFO - 🎯 active=1, passive=1, mode=engaged
2026-02-03 17:52:28,586 - LightControllerV3 - INFO - 🎯 active=1, passive=1, mode=engaged
2026-02-03 17:52:28,621 - LightControllerV3 - INFO - 🎯 active=1, passive=1, mode=engaged
2026-02-03 17:52:28,656 - LightControllerV3 - INFO - 🎯 active=1, passive=2, mode=engaged
2026-02-03 17:52:28,691 - LightControllerV3 - INFO - 🎯 active=1, passive=2, mode=engaged
2026-02-03 17:52:28,726 - LightControllerV3 - INFO - 🎯 active=1, passive=2, mode=engaged
2026-02-03 17:52:28,761 - LightControllerV3 - INFO - 🎯 active=1, passive=2, mode=engaged
2026-02-03 17:52:28,796 - LightControllerV3 - INFO - 🎯 active=1, passive=2, mode=engaged
2026-02-03 17:52:28,830 - LightControllerV3 - INFO - 🎯 active=1, passive=2, mode=engaged
2026-02-03 17:52:28,866 - LightControllerV3 - INFO - 🎯 active=1, passive=2, mode=engaged
2026-02-03 17:52:28,901 - LightControllerV3 - INFO - 🎯 active=1, passive=2, mode=engaged
2026-02-03 17:52:28,936 - LightControllerV3 - INFO - 🎯 active=1, passive=2, mode=engaged
2026-02-03 17:52:28,971 - LightControllerV3 - INFO - 🎯 active=1, passive=2, mode=engaged
2026-02-03 17:52:29,005 - LightControllerV3 - INFO - 🎯 active=1, passive=2, mode=engaged
2026-02-03 17:52:29,041 - LightControllerV3 - INFO - 🎯 active=1, passive=2, mode=engaged
2026-02-03 17:52:29,076 - LightControllerV3 - INFO - 🎯 active=1, passive=2, mode=engaged
2026-02-03 17:52:29,111 - LightControllerV3 - INFO - 🎯 active=1, passive=2, mode=engaged
2026-02-03 17:52:29,146 - LightControllerV3 - INFO - 🎯 active=1, passive=2, mode=engaged
2026-02-03 17:52:29,181 - LightControllerV3 - INFO - 🎯 active=1, passive=2, mode=engaged
2026-02-03 17:52:29,214 - LightControllerV3 - INFO - 🎯 active=1, passive=2, mode=engaged
2026-02-03 17:52:29,251 - LightControllerV3 - INFO - 🎯 active=1, passive=2, mode=engaged
2026-02-03 17:52:29,285 - LightControllerV3 - INFO - 🎯 active=1, passive=2, mode=engaged
2026-02-03 17:52:29,320 - LightControllerV3 - INFO - 🎯 active=1, passive=2, mode=engaged
2026-02-03 17:52:29,355 - LightControllerV3 - INFO - 🎯 active=1, passive=2, mode=engaged
2026-02-03 17:52:29,390 - LightControllerV3 - INFO - 🎯 active=1, passive=2, mode=engaged
2026-02-03 17:52:29,425 - LightControllerV3 - INFO - 🎯 active=1, passive=2, mode=engaged
2026-02-03 17:52:29,459 - LightControllerV3 - INFO - 🎯 active=1, passive=2, mode=engaged
2026-02-03 17:52:29,496 - LightControllerV3 - INFO - 🎯 active=1, passive=2, mode=engaged
2026-02-03 17:52:29,529 - LightControllerV3 - INFO - 🎯 active=1, passive=2, mode=engaged
2026-02-03 17:52:29,563 - LightControllerV3 - INFO - 🎯 active=1, passive=2, mode=engaged
2026-02-03 17:52:29,598 - V3Dev.tracking.osc_handler - INFO - 📥 OSC: 142 msgs, person 81 at (-136, 224), active=1, passive=2
2026-02-03 17:52:29,599 - LightControllerV3 - INFO - 🎯 active=1, passive=2, mode=engaged
2026-02-03 17:52:29,633 - LightControllerV3 - INFO - 🎯 active=1, passive=2, mode=engaged
2026-02-03 17:52:29,668 - LightControllerV3 - INFO - 🎯 active=1, passive=2, mode=engaged
2026-02-03 17:52:29,703 - LightControllerV3 - INFO - 🎯 active=1, passive=2, mode=engaged
2026-02-03 17:52:29,738 - LightControllerV3 - INFO - 🎯 active=1, passive=2, mode=engaged
2026-02-03 17:52:29,774 - LightControllerV3 - INFO - 🎯 active=1, passive=2, mode=engaged
2026-02-03 17:52:29,808 - LightControllerV3 - INFO - 🎯 active=1, passive=2, mode=engaged
2026-02-03 17:52:29,842 - LightControllerV3 - INFO - 🎯 active=1, passive=2, mode=engaged
2026-02-03 17:52:29,875 - LightControllerV3 - INFO - 🎯 active=1, passive=2, mode=engaged
2026-02-03 17:52:29,910 - LightControllerV3 - INFO - 🎯 active=1, passive=2, mode=engaged
2026-02-03 17:52:29,945 - LightControllerV3 - INFO - 🎯 active=1, passive=2, mode=engaged
2026-02-03 17:52:29,979 - LightControllerV3 - INFO - 🎯 active=1, passive=2, mode=engaged
2026-02-03 17:52:30,015 - LightControllerV3 - INFO - 🎯 active=1, passive=2, mode=engaged
2026-02-03 17:52:30,049 - LightControllerV3 - INFO - 🎯 active=1, passive=2, mode=engaged
2026-02-03 17:52:30,083 - LightControllerV3 - INFO - 🎯 active=1, passive=2, mode=engaged
2026-02-03 17:52:30,117 - LightControllerV3 - INFO - 🎯 active=1, passive=2, mode=engaged
2026-02-03 17:52:30,153 - LightControllerV3 - INFO - 🎯 active=1, passive=2, mode=engaged
2026-02-03 17:52:30,188 - LightControllerV3 - INFO - 🎯 active=1, passive=2, mode=engaged
2026-02-03 17:52:30,223 - LightControllerV3 - INFO - 🎯 active=1, passive=2, mode=engaged
2026-02-03 17:52:30,258 - LightControllerV3 - INFO - 🎯 active=1, passive=2, mode=engaged
2026-02-03 17:52:30,293 - LightControllerV3 - INFO - 🎯 active=1, passive=2, mode=engaged
2026-02-03 17:52:30,328 - LightControllerV3 - INFO - 🎯 active=1, passive=2, mode=engaged
2026-02-03 17:52:30,363 - LightControllerV3 - INFO - 🎯 active=1, passive=2, mode=engaged
2026-02-03 17:52:30,399 - LightControllerV3 - INFO - 🎯 active=1, passive=2, mode=engaged
2026-02-03 17:52:30,434 - LightControllerV3 - INFO - 🎯 active=1, passive=2, mode=engaged
2026-02-03 17:52:30,469 - LightControllerV3 - INFO - 🎯 active=1, passive=2, mode=engaged
2026-02-03 17:52:30,505 - LightControllerV3 - INFO - 🎯 active=1, passive=2, mode=engaged
2026-02-03 17:52:30,539 - LightControllerV3 - INFO - 🎯 active=1, passive=2, mode=engaged
2026-02-03 17:52:30,573 - LightControllerV3 - INFO - 🎯 active=1, passive=2, mode=engaged
2026-02-03 17:52:30,607 - LightControllerV3 - INFO - 🎯 active=1, passive=2, mode=engaged
2026-02-03 17:52:30,641 - LightControllerV3 - INFO - 🎯 active=1, passive=2, mode=engaged
2026-02-03 17:52:30,676 - LightControllerV3 - INFO - 🎯 active=1, passive=3, mode=engaged
2026-02-03 17:52:30,711 - LightControllerV3 - INFO - 🎯 active=1, passive=3, mode=engaged
2026-02-03 17:52:30,746 - LightControllerV3 - INFO - 🎯 active=1, passive=3, mode=engaged
2026-02-03 17:52:30,780 - LightControllerV3 - INFO - 🎯 active=1, passive=3, mode=engaged
2026-02-03 17:52:30,814 - LightControllerV3 - INFO - 🎯 active=1, passive=3, mode=engaged
2026-02-03 17:52:30,850 - LightControllerV3 - INFO - 🎯 active=1, passive=3, mode=engaged
2026-02-03 17:52:30,884 - LightControllerV3 - INFO - 🎯 active=1, passive=3, mode=engaged
2026-02-03 17:52:30,917 - LightControllerV3 - INFO - 🎯 active=1, passive=3, mode=engaged
2026-02-03 17:52:30,952 - LightControllerV3 - INFO - 🎯 active=1, passive=3, mode=engaged
2026-02-03 17:52:30,988 - LightControllerV3 - INFO - 🎯 active=1, passive=3, mode=engaged
2026-02-03 17:52:31,022 - LightControllerV3 - INFO - 🎯 active=1, passive=3, mode=engaged
2026-02-03 17:52:31,056 - LightControllerV3 - INFO - 🎯 active=1, passive=3, mode=engaged
2026-02-03 17:52:31,091 - LightControllerV3 - INFO - 🎯 active=1, passive=3, mode=engaged
2026-02-03 17:52:31,127 - LightControllerV3 - INFO - 🎯 active=1, passive=3, mode=engaged
2026-02-03 17:52:31,163 - LightControllerV3 - INFO - 🎯 active=1, passive=2, mode=engaged
2026-02-03 17:52:31,197 - LightControllerV3 - INFO - 🎯 active=1, passive=2, mode=engaged
2026-02-03 17:52:31,232 - LightControllerV3 - INFO - 🎯 active=1, passive=2, mode=engaged
2026-02-03 17:52:31,268 - LightControllerV3 - INFO - 🎯 active=1, passive=2, mode=engaged
2026-02-03 17:52:31,301 - LightControllerV3 - INFO - 🎯 active=1, passive=2, mode=engaged
2026-02-03 17:52:31,336 - LightControllerV3 - INFO - 🎯 active=1, passive=2, mode=engaged
2026-02-03 17:52:31,371 - LightControllerV3 - INFO - 🎯 active=1, passive=2, mode=engaged
2026-02-03 17:52:31,405 - LightControllerV3 - INFO - 🎯 active=1, passive=2, mode=engaged
2026-02-03 17:52:31,438 - LightControllerV3 - INFO - 🎯 active=1, passive=2, mode=engaged
2026-02-03 17:52:31,473 - LightControllerV3 - INFO - 🎯 active=1, passive=2, mode=engaged
2026-02-03 17:52:31,509 - LightControllerV3 - INFO - 🎯 active=1, passive=2, mode=engaged
2026-02-03 17:52:31,543 - LightControllerV3 - INFO - 🎯 active=1, passive=2, mode=engaged
2026-02-03 17:52:31,576 - LightControllerV3 - INFO - 🎯 active=1, passive=2, mode=engaged
2026-02-03 17:52:31,609 - V3Dev.tracking.osc_handler - INFO - 📥 OSC: 173 msgs, person 81 at (-136, 224), active=1, passive=2
2026-02-03 17:52:31,610 - LightControllerV3 - INFO - 🎯 active=1, passive=2, mode=engaged
2026-02-03 17:52:31,645 - LightControllerV3 - INFO - 🎯 active=1, passive=2, mode=engaged
2026-02-03 17:52:31,679 - LightControllerV3 - INFO - 🎯 active=1, passive=2, mode=engaged
2026-02-03 17:52:31,712 - LightControllerV3 - INFO - 🎯 active=1, passive=2, mode=engaged
2026-02-03 17:52:31,747 - LightControllerV3 - INFO - 🎯 active=1, passive=2, mode=engaged
2026-02-03 17:52:31,782 - LightControllerV3 - INFO - 🎯 active=1, passive=2, mode=engaged
2026-02-03 17:52:31,816 - LightControllerV3 - INFO - 🎯 active=1, passive=2, mode=engaged
2026-02-03 17:52:31,853 - LightControllerV3 - INFO - 🎯 active=1, passive=2, mode=engaged
2026-02-03 17:52:31,887 - LightControllerV3 - INFO - 🎯 active=1, passive=2, mode=engaged
2026-02-03 17:52:31,922 - LightControllerV3 - INFO - 🎯 active=1, passive=2, mode=engaged
2026-02-03 17:52:31,956 - LightControllerV3 - INFO - 🎯 active=1, passive=2, mode=engaged
2026-02-03 17:52:31,990 - LightControllerV3 - INFO - 🎯 active=1, passive=2, mode=engaged
2026-02-03 17:52:32,025 - LightControllerV3 - INFO - 🎯 active=1, passive=2, mode=engaged
2026-02-03 17:52:32,059 - LightControllerV3 - INFO - 🎯 active=1, passive=2, mode=engaged
2026-02-03 17:52:32,095 - LightControllerV3 - INFO - 🎯 active=1, passive=2, mode=engaged
2026-02-03 17:52:32,130 - LightControllerV3 - INFO - 🎯 active=1, passive=1, mode=engaged
2026-02-03 17:52:32,165 - LightControllerV3 - INFO - 🎯 active=1, passive=1, mode=engaged
2026-02-03 17:52:32,200 - LightControllerV3 - INFO - 🎯 active=1, passive=1, mode=engaged
2026-02-03 17:52:32,235 - LightControllerV3 - INFO - 🎯 active=1, passive=1, mode=engaged
2026-02-03 17:52:32,270 - LightControllerV3 - INFO - 🎯 active=1, passive=1, mode=engaged
2026-02-03 17:52:32,305 - LightControllerV3 - INFO - 🎯 active=1, passive=1, mode=engaged
2026-02-03 17:52:32,340 - LightControllerV3 - INFO - 🎯 active=1, passive=1, mode=engaged
2026-02-03 17:52:32,374 - LightControllerV3 - INFO - 🎯 active=1, passive=1, mode=engaged
2026-02-03 17:52:32,410 - LightControllerV3 - INFO - 🎯 active=1, passive=1, mode=engaged
2026-02-03 17:52:32,445 - LightControllerV3 - INFO - 🎯 active=1, passive=1, mode=engaged
2026-02-03 17:52:32,479 - LightControllerV3 - INFO - 🎯 active=1, passive=1, mode=engaged
2026-02-03 17:52:32,514 - LightControllerV3 - INFO - 🎯 active=1, passive=1, mode=engaged
2026-02-03 17:52:32,549 - LightControllerV3 - INFO - 🎯 active=1, passive=1, mode=engaged
2026-02-03 17:52:32,583 - LightControllerV3 - INFO - 🎯 active=1, passive=1, mode=engaged
2026-02-03 17:52:32,619 - LightControllerV3 - INFO - 🎯 active=1, passive=2, mode=engaged
2026-02-03 17:52:32,654 - LightControllerV3 - INFO - 🎯 active=1, passive=2, mode=engaged
2026-02-03 17:52:32,688 - LightControllerV3 - INFO - 🎯 active=1, passive=2, mode=engaged
2026-02-03 17:52:32,722 - LightControllerV3 - INFO - 🎯 active=1, passive=2, mode=engaged
2026-02-03 17:52:32,757 - LightControllerV3 - INFO - 🎯 active=1, passive=2, mode=engaged
2026-02-03 17:52:32,791 - LightControllerV3 - INFO - 🎯 active=1, passive=2, mode=engaged
2026-02-03 17:52:32,827 - LightControllerV3 - INFO - 🎯 active=1, passive=2, mode=engaged
2026-02-03 17:52:32,861 - LightControllerV3 - INFO - 🎯 active=1, passive=2, mode=engaged
2026-02-03 17:52:32,896 - LightControllerV3 - INFO - 🎯 active=1, passive=2, mode=engaged
2026-02-03 17:52:32,931 - LightControllerV3 - INFO - 🎯 active=1, passive=2, mode=engaged
2026-02-03 17:52:32,965 - LightControllerV3 - INFO - 🎯 active=1, passive=2, mode=engaged
2026-02-03 17:52:33,001 - LightControllerV3 - INFO - 🎯 active=1, passive=2, mode=engaged
2026-02-03 17:52:33,036 - LightControllerV3 - INFO - 🎯 active=1, passive=2, mode=engaged
2026-02-03 17:52:33,069 - LightControllerV3 - INFO - 🎯 active=1, passive=2, mode=engaged
2026-02-03 17:52:33,104 - LightControllerV3 - INFO - 🎯 active=1, passive=2, mode=engaged
2026-02-03 17:52:33,139 - LightControllerV3 - INFO - 🎯 active=1, passive=2, mode=engaged
2026-02-03 17:52:33,173 - LightControllerV3 - INFO - 🎯 active=1, passive=2, mode=engaged
2026-02-03 17:52:33,209 - LightControllerV3 - INFO - 🎯 active=1, passive=2, mode=engaged
2026-02-03 17:52:33,244 - LightControllerV3 - INFO - 🎯 active=1, passive=2, mode=engaged
2026-02-03 17:52:33,279 - LightControllerV3 - INFO - 🎯 active=1, passive=2, mode=engaged
2026-02-03 17:52:33,314 - LightControllerV3 - INFO - 🎯 active=1, passive=2, mode=engaged
2026-02-03 17:52:33,348 - LightControllerV3 - INFO - 🎯 active=1, passive=2, mode=engaged
2026-02-03 17:52:33,384 - LightControllerV3 - INFO - 🎯 active=1, passive=2, mode=engaged
2026-02-03 17:52:33,419 - LightControllerV3 - INFO - 🎯 active=1, passive=2, mode=engaged
2026-02-03 17:52:33,454 - LightControllerV3 - INFO - 🎯 active=1, passive=2, mode=engaged
2026-02-03 17:52:33,488 - LightControllerV3 - INFO - 🎯 active=1, passive=2, mode=engaged
2026-02-03 17:52:33,523 - LightControllerV3 - INFO - 🎯 active=1, passive=2, mode=engaged
2026-02-03 17:52:33,557 - LightControllerV3 - INFO - 🎯 active=1, passive=2, mode=engaged
2026-02-03 17:52:33,592 - LightControllerV3 - INFO - 🎯 active=1, passive=2, mode=engaged
2026-02-03 17:52:33,626 - V3Dev.tracking.osc_handler - INFO - 📥 OSC: 148 msgs, person 81 at (-133, 182), active=1, passive=2
2026-02-03 17:52:33,626 - LightControllerV3 - INFO - 🎯 active=1, passive=2, mode=engaged
2026-02-03 17:52:33,661 - LightControllerV3 - INFO - 🎯 active=1, passive=2, mode=engaged
2026-02-03 17:52:33,697 - LightControllerV3 - INFO - 🎯 active=1, passive=2, mode=engaged
2026-02-03 17:52:33,732 - LightControllerV3 - INFO - 🎯 active=1, passive=2, mode=engaged
2026-02-03 17:52:33,766 - LightControllerV3 - INFO - 🎯 active=1, passive=2, mode=engaged
2026-02-03 17:52:33,802 - LightControllerV3 - INFO - 🎯 active=1, passive=2, mode=engaged
2026-02-03 17:52:33,836 - LightControllerV3 - INFO - 🎯 active=1, passive=2, mode=engaged
2026-02-03 17:52:33,871 - LightControllerV3 - INFO - 🎯 active=1, passive=2, mode=engaged
2026-02-03 17:52:33,907 - LightControllerV3 - INFO - 🎯 active=1, passive=2, mode=engaged
2026-02-03 17:52:33,942 - LightControllerV3 - INFO - 🎯 active=1, passive=2, mode=engaged
2026-02-03 17:52:33,977 - LightControllerV3 - INFO - 🎯 active=1, passive=2, mode=engaged
2026-02-03 17:52:34,012 - LightControllerV3 - INFO - 🎯 active=1, passive=2, mode=engaged
2026-02-03 17:52:34,049 - LightControllerV3 - INFO - 🎯 active=1, passive=2, mode=engaged
2026-02-03 17:52:34,083 - LightControllerV3 - INFO - 🎯 active=1, passive=2, mode=engaged
2026-02-03 17:52:34,118 - LightControllerV3 - INFO - 🎯 active=1, passive=1, mode=engaged
2026-02-03 17:52:34,152 - LightControllerV3 - INFO - 🎯 active=1, passive=1, mode=engaged
2026-02-03 17:52:34,187 - LightControllerV3 - INFO - 🎯 active=1, passive=1, mode=engaged
2026-02-03 17:52:34,222 - LightControllerV3 - INFO - 🎯 active=1, passive=1, mode=engaged
2026-02-03 17:52:34,257 - LightControllerV3 - INFO - 🎯 active=1, passive=1, mode=engaged
2026-02-03 17:52:34,291 - LightControllerV3 - INFO - 🎯 active=1, passive=1, mode=engaged
2026-02-03 17:52:34,327 - LightControllerV3 - INFO - 🎯 active=1, passive=1, mode=engaged
2026-02-03 17:52:34,362 - LightControllerV3 - INFO - 🎯 active=1, passive=1, mode=engaged
2026-02-03 17:52:34,398 - LightControllerV3 - INFO - 🎯 active=1, passive=1, mode=engaged
2026-02-03 17:52:34,432 - LightControllerV3 - INFO - 🎯 active=1, passive=1, mode=engaged
2026-02-03 17:52:34,467 - LightControllerV3 - INFO - 🎯 active=1, passive=1, mode=engaged
2026-02-03 17:52:34,501 - LightControllerV3 - INFO - 🎯 active=1, passive=1, mode=engaged
2026-02-03 17:52:34,535 - LightControllerV3 - INFO - 🎯 active=1, passive=1, mode=engaged
2026-02-03 17:52:34,568 - LightControllerV3 - INFO - 🎯 active=1, passive=1, mode=engaged
2026-02-03 17:52:34,603 - LightControllerV3 - INFO - 🎯 active=1, passive=2, mode=engaged
2026-02-03 17:52:34,638 - LightControllerV3 - INFO - 🎯 active=1, passive=2, mode=engaged
2026-02-03 17:52:34,673 - LightControllerV3 - INFO - 🎯 active=1, passive=2, mode=engaged
2026-02-03 17:52:34,709 - LightControllerV3 - INFO - 🎯 active=1, passive=2, mode=engaged
2026-02-03 17:52:34,742 - LightControllerV3 - INFO - 🎯 active=1, passive=2, mode=engaged
2026-02-03 17:52:34,776 - LightControllerV3 - INFO - 🎯 active=1, passive=2, mode=engaged
2026-02-03 17:52:34,809 - LightControllerV3 - INFO - 🎯 active=1, passive=2, mode=engaged
2026-02-03 17:52:34,843 - LightControllerV3 - INFO - 🎯 active=1, passive=2, mode=engaged
2026-02-03 17:52:34,878 - LightControllerV3 - INFO - 🎯 active=1, passive=2, mode=engaged
2026-02-03 17:52:34,913 - LightControllerV3 - INFO - 🎯 active=1, passive=2, mode=engaged
2026-02-03 17:52:34,948 - LightControllerV3 - INFO - 🎯 active=1, passive=2, mode=engaged
2026-02-03 17:52:34,984 - LightControllerV3 - INFO - 🎯 active=1, passive=2, mode=engaged
2026-02-03 17:52:35,019 - LightControllerV3 - INFO - 🎯 active=1, passive=2, mode=engaged
2026-02-03 17:52:35,054 - LightControllerV3 - INFO - 🎯 active=1, passive=2, mode=engaged
2026-02-03 17:52:35,089 - LightControllerV3 - INFO - 🎯 active=1, passive=2, mode=engaged
2026-02-03 17:52:35,125 - LightControllerV3 - INFO - 🎯 active=1, passive=2, mode=engaged
2026-02-03 17:52:35,159 - LightControllerV3 - INFO - 🎯 active=1, passive=2, mode=engaged
2026-02-03 17:52:35,195 - LightControllerV3 - INFO - 🎯 active=1, passive=2, mode=engaged
2026-02-03 17:52:35,229 - LightControllerV3 - INFO - 🎯 active=1, passive=2, mode=engaged
2026-02-03 17:52:35,264 - LightControllerV3 - INFO - 🎯 active=1, passive=2, mode=engaged
2026-02-03 17:52:35,299 - LightControllerV3 - INFO - 🎯 active=1, passive=2, mode=engaged
2026-02-03 17:52:35,333 - LightControllerV3 - INFO - 🎯 active=1, passive=2, mode=engaged
2026-02-03 17:52:35,369 - LightControllerV3 - INFO - 🎯 active=1, passive=2, mode=engaged
2026-02-03 17:52:35,403 - LightControllerV3 - INFO - 🎯 active=1, passive=2, mode=engaged
2026-02-03 17:52:35,438 - LightControllerV3 - INFO - 🎯 active=1, passive=2, mode=engaged
2026-02-03 17:52:35,472 - LightControllerV3 - INFO - 🎯 active=1, passive=2, mode=engaged
2026-02-03 17:52:35,507 - LightControllerV3 - INFO - 🎯 active=1, passive=2, mode=engaged
2026-02-03 17:52:35,541 - LightControllerV3 - INFO - 🎯 active=1, passive=2, mode=engaged
2026-02-03 17:52:35,577 - LightControllerV3 - INFO - 🎯 active=1, passive=2, mode=engaged
2026-02-03 17:52:35,612 - LightControllerV3 - INFO - 🎯 active=1, passive=2, mode=engaged
2026-02-03 17:52:35,646 - V3Dev.tracking.osc_handler - INFO - 📥 OSC: 150 msgs, person 81 at (-133, 182), active=1, passive=2
2026-02-03 17:52:35,647 - LightControllerV3 - INFO - 🎯 active=1, passive=2, mode=engaged
2026-02-03 17:52:35,682 - LightControllerV3 - INFO - 🎯 active=1, passive=2, mode=engaged
2026-02-03 17:52:35,718 - LightControllerV3 - INFO - 🎯 active=1, passive=2, mode=engaged
2026-02-03 17:52:35,751 - LightControllerV3 - INFO - 🎯 active=1, passive=2, mode=engaged
2026-02-03 17:52:35,785 - LightControllerV3 - INFO - 🎯 active=1, passive=2, mode=engaged
2026-02-03 17:52:35,820 - LightControllerV3 - INFO - 🎯 active=1, passive=2, mode=engaged
2026-02-03 17:52:35,854 - LightControllerV3 - INFO - 🎯 active=1, passive=2, mode=engaged
2026-02-03 17:52:35,889 - LightControllerV3 - INFO - 🎯 active=1, passive=1, mode=engaged
2026-02-03 17:52:35,924 - LightControllerV3 - INFO - 🎯 active=1, passive=1, mode=engaged
2026-02-03 17:52:35,959 - LightControllerV3 - INFO - 🎯 active=1, passive=1, mode=engaged
2026-02-03 17:52:35,994 - LightControllerV3 - INFO - 🎯 active=1, passive=1, mode=engaged
2026-02-03 17:52:36,029 - LightControllerV3 - INFO - 🎯 active=1, passive=1, mode=engaged
2026-02-03 17:52:36,063 - LightControllerV3 - INFO - 🎯 active=1, passive=1, mode=engaged
2026-02-03 17:52:36,097 - LightControllerV3 - INFO - 🎯 active=1, passive=1, mode=engaged
2026-02-03 17:52:36,132 - LightControllerV3 - INFO - 🎯 active=1, passive=1, mode=engaged
2026-02-03 17:52:36,167 - LightControllerV3 - INFO - 🎯 active=1, passive=1, mode=engaged
2026-02-03 17:52:36,202 - LightControllerV3 - INFO - 🎯 active=1, passive=1, mode=engaged
2026-02-03 17:52:36,236 - LightControllerV3 - INFO - 🎯 active=1, passive=1, mode=engaged
2026-02-03 17:52:36,272 - LightControllerV3 - INFO - 🎯 active=1, passive=1, mode=engaged
2026-02-03 17:52:36,308 - LightControllerV3 - INFO - 🎯 active=1, passive=1, mode=engaged
2026-02-03 17:52:36,342 - LightControllerV3 - INFO - 🎯 active=1, passive=1, mode=engaged
2026-02-03 17:52:36,377 - LightControllerV3 - INFO - 🎯 active=1, passive=1, mode=engaged
2026-02-03 17:52:36,412 - LightControllerV3 - INFO - 🎯 active=1, passive=1, mode=engaged
2026-02-03 17:52:36,446 - LightControllerV3 - INFO - 🎯 active=1, passive=1, mode=engaged
2026-02-03 17:52:36,482 - LightControllerV3 - INFO - 🎯 active=1, passive=1, mode=engaged
2026-02-03 17:52:36,515 - LightControllerV3 - INFO - 🎯 active=1, passive=1, mode=engaged
2026-02-03 17:52:36,549 - LightControllerV3 - INFO - 🎯 active=1, passive=1, mode=engaged
2026-02-03 17:52:36,586 - LightControllerV3 - INFO - 🎯 active=1, passive=1, mode=engaged
2026-02-03 17:52:36,620 - LightControllerV3 - INFO - 🎯 active=1, passive=1, mode=engaged
2026-02-03 17:52:36,655 - LightControllerV3 - INFO - 🎯 active=1, passive=1, mode=engaged
2026-02-03 17:52:36,690 - LightControllerV3 - INFO - 🎯 active=1, passive=1, mode=engaged
2026-02-03 17:52:36,725 - LightControllerV3 - INFO - 🎯 active=1, passive=1, mode=engaged
2026-02-03 17:52:36,760 - LightControllerV3 - INFO - 🎯 active=1, passive=1, mode=engaged
2026-02-03 17:52:36,794 - LightControllerV3 - INFO - 🎯 active=1, passive=1, mode=engaged
2026-02-03 17:52:36,830 - LightControllerV3 - INFO - 🎯 active=1, passive=1, mode=engaged
2026-02-03 17:52:36,865 - LightControllerV3 - INFO - 🎯 active=1, passive=1, mode=engaged
2026-02-03 17:52:36,899 - LightControllerV3 - INFO - 🎯 active=1, passive=1, mode=engaged
2026-02-03 17:52:36,934 - LightControllerV3 - INFO - 🎯 active=1, passive=2, mode=engaged
2026-02-03 17:52:36,969 - LightControllerV3 - INFO - 🎯 active=1, passive=2, mode=engaged
2026-02-03 17:52:37,003 - LightControllerV3 - INFO - 🎯 active=1, passive=2, mode=engaged
2026-02-03 17:52:37,039 - LightControllerV3 - INFO - 🎯 active=1, passive=2, mode=engaged
2026-02-03 17:52:37,073 - LightControllerV3 - INFO - 🎯 active=1, passive=2, mode=engaged
2026-02-03 17:52:37,108 - LightControllerV3 - INFO - 🎯 active=1, passive=2, mode=engaged
2026-02-03 17:52:37,142 - LightControllerV3 - INFO - 🎯 active=1, passive=2, mode=engaged
2026-02-03 17:52:37,177 - LightControllerV3 - INFO - 🎯 active=1, passive=2, mode=engaged
2026-02-03 17:52:37,211 - LightControllerV3 - INFO - 🎯 active=1, passive=2, mode=engaged
2026-02-03 17:52:37,247 - LightControllerV3 - INFO - 🎯 active=1, passive=2, mode=engaged
2026-02-03 17:52:37,282 - LightControllerV3 - INFO - 🎯 active=1, passive=2, mode=engaged
2026-02-03 17:52:37,317 - LightControllerV3 - INFO - 🎯 active=1, passive=2, mode=engaged
2026-02-03 17:52:37,351 - LightControllerV3 - INFO - 🎯 active=1, passive=2, mode=engaged
2026-02-03 17:52:37,386 - LightControllerV3 - INFO - 🎯 active=1, passive=2, mode=engaged
2026-02-03 17:52:37,421 - LightControllerV3 - INFO - 🎯 active=1, passive=2, mode=engaged
2026-02-03 17:52:37,457 - LightControllerV3 - INFO - 🎯 active=1, passive=1, mode=engaged
2026-02-03 17:52:37,492 - LightControllerV3 - INFO - 🎯 active=1, passive=1, mode=engaged
2026-02-03 17:52:37,525 - LightControllerV3 - INFO - 🎯 active=1, passive=1, mode=engaged
2026-02-03 17:52:37,558 - LightControllerV3 - INFO - 🎯 active=1, passive=1, mode=engaged
2026-02-03 17:52:37,593 - LightControllerV3 - INFO - 🎯 active=1, passive=1, mode=engaged
2026-02-03 17:52:37,630 - LightControllerV3 - INFO - 🎯 active=1, passive=1, mode=engaged
2026-02-03 17:52:37,664 - V3Dev.tracking.osc_handler - INFO - 📥 OSC: 144 msgs, person 81 at (-133, 182), active=1, passive=1
2026-02-03 17:52:37,664 - LightControllerV3 - INFO - 🎯 active=1, passive=1, mode=engaged
2026-02-03 17:52:37,698 - LightControllerV3 - INFO - 🎯 active=1, passive=1, mode=engaged
2026-02-03 17:52:37,733 - LightControllerV3 - INFO - 🎯 active=1, passive=1, mode=engaged
2026-02-03 17:52:37,768 - LightControllerV3 - INFO - 🎯 active=1, passive=1, mode=engaged
2026-02-03 17:52:37,803 - LightControllerV3 - INFO - 🎯 active=1, passive=1, mode=engaged
2026-02-03 17:52:37,838 - LightControllerV3 - INFO - 🎯 active=1, passive=1, mode=engaged
2026-02-03 17:52:37,873 - LightControllerV3 - INFO - 🎯 active=1, passive=1, mode=engaged
2026-02-03 17:52:37,908 - LightControllerV3 - INFO - 🎯 active=1, passive=1, mode=engaged
2026-02-03 17:52:37,944 - LightControllerV3 - INFO - 🎯 active=1, passive=1, mode=engaged
2026-02-03 17:52:37,978 - LightControllerV3 - INFO - 🎯 active=1, passive=1, mode=engaged
2026-02-03 17:52:38,013 - LightControllerV3 - INFO - 🎯 active=1, passive=1, mode=engaged
2026-02-03 17:52:38,045 - LightControllerV3 - INFO - 🎯 active=1, passive=1, mode=engaged
2026-02-03 17:52:38,081 - LightControllerV3 - INFO - 🎯 active=1, passive=1, mode=engaged
2026-02-03 17:52:38,116 - LightControllerV3 - INFO - 🎯 active=1, passive=1, mode=engaged
2026-02-03 17:52:38,151 - LightControllerV3 - INFO - 🎯 active=1, passive=1, mode=engaged
2026-02-03 17:52:38,186 - LightControllerV3 - INFO - 🎯 active=1, passive=1, mode=engaged
2026-02-03 17:52:38,220 - LightControllerV3 - INFO - 🎯 active=1, passive=1, mode=engaged
2026-02-03 17:52:38,255 - LightControllerV3 - INFO - 🎯 active=1, passive=1, mode=engaged
2026-02-03 17:52:38,290 - LightControllerV3 - INFO - 🎯 active=1, passive=1, mode=engaged
2026-02-03 17:52:38,326 - LightControllerV3 - INFO - 🎯 active=1, passive=1, mode=engaged
2026-02-03 17:52:38,361 - LightControllerV3 - INFO - 🎯 active=1, passive=1, mode=engaged
2026-02-03 17:52:38,395 - LightControllerV3 - INFO - 🎯 active=1, passive=1, mode=engaged
2026-02-03 17:52:38,431 - LightControllerV3 - INFO - 🎯 active=1, passive=1, mode=engaged
2026-02-03 17:52:38,467 - LightControllerV3 - INFO - 🎯 active=1, passive=1, mode=engaged
2026-02-03 17:52:38,500 - LightControllerV3 - INFO - 🎯 active=1, passive=1, mode=engaged
2026-02-03 17:52:38,535 - LightControllerV3 - INFO - 🎯 active=1, passive=1, mode=engaged
2026-02-03 17:52:38,570 - LightControllerV3 - INFO - 🎯 active=1, passive=1, mode=engaged
2026-02-03 17:52:38,605 - LightControllerV3 - INFO - 🎯 active=1, passive=1, mode=engaged
2026-02-03 17:52:38,641 - LightControllerV3 - INFO - 🎯 active=1, passive=1, mode=engaged
2026-02-03 17:52:38,676 - LightControllerV3 - INFO - 🎯 active=1, passive=1, mode=engaged
2026-02-03 17:52:38,711 - LightControllerV3 - INFO - 🎯 active=1, passive=1, mode=engaged
2026-02-03 17:52:38,744 - LightControllerV3 - INFO - 🎯 active=1, passive=1, mode=engaged
2026-02-03 17:52:38,779 - LightControllerV3 - INFO - 🎯 active=1, passive=1, mode=engaged
2026-02-03 17:52:38,814 - LightControllerV3 - INFO - 🎯 active=1, passive=2, mode=engaged
2026-02-03 17:52:38,850 - LightControllerV3 - INFO - 🎯 active=1, passive=2, mode=engaged
2026-02-03 17:52:38,884 - LightControllerV3 - INFO - 🎯 active=1, passive=2, mode=engaged
2026-02-03 17:52:38,919 - LightControllerV3 - INFO - 🎯 active=1, passive=2, mode=engaged
2026-02-03 17:52:38,952 - LightControllerV3 - INFO - 🎯 active=1, passive=2, mode=engaged
2026-02-03 17:52:38,987 - LightControllerV3 - INFO - 🎯 active=1, passive=2, mode=engaged
2026-02-03 17:52:39,023 - LightControllerV3 - INFO - 🎯 active=1, passive=2, mode=engaged
2026-02-03 17:52:39,056 - LightControllerV3 - INFO - 🎯 active=1, passive=2, mode=engaged
2026-02-03 17:52:39,091 - LightControllerV3 - INFO - 🎯 active=1, passive=2, mode=engaged
2026-02-03 17:52:39,126 - LightControllerV3 - INFO - 🎯 active=1, passive=2, mode=engaged
2026-02-03 17:52:39,160 - LightControllerV3 - INFO - 🎯 active=1, passive=2, mode=engaged
2026-02-03 17:52:39,196 - LightControllerV3 - INFO - 🎯 active=1, passive=2, mode=engaged
2026-02-03 17:52:39,229 - LightControllerV3 - INFO - 🎯 active=1, passive=2, mode=engaged
2026-02-03 17:52:39,265 - LightControllerV3 - INFO - 🎯 active=1, passive=2, mode=engaged
2026-02-03 17:52:39,300 - LightControllerV3 - INFO - 🎯 active=1, passive=2, mode=engaged
2026-02-03 17:52:39,542 - LightControllerV3 - INFO - 🎯 active=0, passive=3, mode=engaged
2026-02-03 17:52:39,679 - V3Dev.tracking.osc_handler - INFO - 📥 OSC: 132 msgs, person 81 at (-77, 301), active=0, passive=3
2026-02-03 17:52:41,700 - V3Dev.tracking.osc_handler - INFO - 📥 OSC: 160 msgs, person 87 at (-394, 394), active=0, passive=2
2026-02-03 17:52:43,715 - V3Dev.tracking.osc_handler - INFO - 📥 OSC: 102 msgs, person 89 at (-322, 478), active=0, passive=2
2026-02-03 17:52:44,755 - LightControllerV3 - INFO - 🎯 active=0, passive=2, mode=idle
2026-02-03 17:52:45,733 - V3Dev.tracking.osc_handler - INFO - 📥 OSC: 94 msgs, person 90 at (64, 493), active=0, passive=1
2026-02-03 17:52:47,745 - V3Dev.tracking.osc_handler - INFO - 📥 OSC: 85 msgs, person 91 at (81, 329), active=0, passive=1
2026-02-03 17:52:49,762 - V3Dev.tracking.osc_handler - INFO - 📥 OSC: 84 msgs, person 92 at (-73, 358), active=0, passive=2
2026-02-03 17:52:49,971 - LightControllerV3 - INFO - 🎯 active=0, passive=2, mode=idle
2026-02-03 17:52:51,774 - V3Dev.tracking.osc_handler - INFO - 📥 OSC: 126 msgs, person 93 at (-108, 315), active=0, passive=2
2026-02-03 17:52:53,778 - V3Dev.tracking.osc_handler - INFO - 📥 OSC: 133 msgs, person 93 at (57, 315), active=0, passive=2
2026-02-03 17:52:55,166 - LightControllerV3 - INFO - 🎯 active=0, passive=3, mode=idle
2026-02-03 17:52:55,789 - V3Dev.tracking.osc_handler - INFO - 📥 OSC: 136 msgs, person 95 at (-390, 362), active=0, passive=1
2026-02-03 17:52:56,104 - LightControllerV3 - INFO - 🎯 active=1, passive=1, mode=engaged
2026-02-03 17:52:56,138 - LightControllerV3 - INFO - 🎯 active=1, passive=1, mode=engaged
2026-02-03 17:52:56,172 - LightControllerV3 - INFO - 🎯 active=1, passive=1, mode=engaged
2026-02-03 17:52:56,208 - LightControllerV3 - INFO - 🎯 active=1, passive=1, mode=engaged
2026-02-03 17:52:56,243 - LightControllerV3 - INFO - 🎯 active=1, passive=1, mode=engaged
2026-02-03 17:52:56,278 - LightControllerV3 - INFO - 🎯 active=1, passive=1, mode=engaged
2026-02-03 17:52:56,313 - LightControllerV3 - INFO - 🎯 active=1, passive=1, mode=engaged
2026-02-03 17:52:56,347 - LightControllerV3 - INFO - 🎯 active=1, passive=1, mode=engaged
2026-02-03 17:52:56,382 - LightControllerV3 - INFO - 🎯 active=1, passive=1, mode=engaged
2026-02-03 17:52:56,416 - LightControllerV3 - INFO - 🎯 active=1, passive=1, mode=engaged
2026-02-03 17:52:56,452 - LightControllerV3 - INFO - 🎯 active=1, passive=1, mode=engaged
2026-02-03 17:52:56,488 - LightControllerV3 - INFO - 🎯 active=1, passive=1, mode=engaged
2026-02-03 17:52:56,522 - LightControllerV3 - INFO - 🎯 active=1, passive=1, mode=engaged
2026-02-03 17:52:56,557 - LightControllerV3 - INFO - 🎯 active=1, passive=1, mode=engaged
2026-02-03 17:52:56,592 - LightControllerV3 - INFO - 🎯 active=1, passive=2, mode=engaged
2026-02-03 17:52:56,627 - LightControllerV3 - INFO - 🎯 active=1, passive=2, mode=engaged
2026-02-03 17:52:56,662 - LightControllerV3 - INFO - 🎯 active=1, passive=2, mode=engaged
2026-02-03 17:52:56,696 - LightControllerV3 - INFO - 🎯 active=1, passive=2, mode=engaged
2026-02-03 17:52:56,731 - LightControllerV3 - INFO - 🎯 active=1, passive=2, mode=engaged
2026-02-03 17:52:56,766 - LightControllerV3 - INFO - 🎯 active=1, passive=2, mode=engaged
2026-02-03 17:52:56,801 - LightControllerV3 - INFO - 🎯 active=1, passive=2, mode=engaged
2026-02-03 17:52:56,835 - LightControllerV3 - INFO - 🎯 active=1, passive=2, mode=engaged
2026-02-03 17:52:56,869 - LightControllerV3 - INFO - 🎯 active=1, passive=2, mode=engaged
2026-02-03 17:52:56,904 - LightControllerV3 - INFO - 🎯 active=1, passive=2, mode=engaged
2026-02-03 17:52:56,939 - LightControllerV3 - INFO - 🎯 active=1, passive=2, mode=engaged
2026-02-03 17:52:56,974 - LightControllerV3 - INFO - 🎯 active=1, passive=2, mode=engaged
2026-02-03 17:52:57,009 - LightControllerV3 - INFO - 🎯 active=1, passive=2, mode=engaged
2026-02-03 17:52:57,044 - LightControllerV3 - INFO - 🎯 active=1, passive=2, mode=engaged
2026-02-03 17:52:57,078 - LightControllerV3 - INFO - 🎯 active=1, passive=2, mode=engaged
2026-02-03 17:52:57,112 - LightControllerV3 - INFO - 🎯 active=1, passive=2, mode=engaged
2026-02-03 17:52:57,148 - LightControllerV3 - INFO - 🎯 active=1, passive=2, mode=engaged
2026-02-03 17:52:57,182 - LightControllerV3 - INFO - 🎯 active=1, passive=2, mode=engaged
2026-02-03 17:52:57,217 - LightControllerV3 - INFO - 🎯 active=1, passive=2, mode=engaged
2026-02-03 17:52:57,251 - LightControllerV3 - INFO - 🎯 active=1, passive=2, mode=engaged
2026-02-03 17:52:57,286 - LightControllerV3 - INFO - 🎯 active=1, passive=2, mode=engaged
2026-02-03 17:52:57,320 - LightControllerV3 - INFO - 🎯 active=1, passive=2, mode=engaged
2026-02-03 17:52:57,355 - LightControllerV3 - INFO - 🎯 active=1, passive=2, mode=engaged
2026-02-03 17:52:57,390 - LightControllerV3 - INFO - 🎯 active=1, passive=2, mode=engaged
2026-02-03 17:52:57,424 - LightControllerV3 - INFO - 🎯 active=1, passive=2, mode=engaged
2026-02-03 17:52:57,458 - LightControllerV3 - INFO - 🎯 active=1, passive=2, mode=engaged
2026-02-03 17:52:57,494 - LightControllerV3 - INFO - 🎯 active=1, passive=2, mode=engaged
2026-02-03 17:52:57,529 - LightControllerV3 - INFO - 🎯 active=1, passive=2, mode=engaged
2026-02-03 17:52:57,565 - LightControllerV3 - INFO - 🎯 active=1, passive=2, mode=engaged
2026-02-03 17:52:57,599 - LightControllerV3 - INFO - 🎯 active=1, passive=2, mode=engaged
2026-02-03 17:52:57,634 - LightControllerV3 - INFO - 🎯 active=1, passive=2, mode=engaged
2026-02-03 17:52:57,668 - LightControllerV3 - INFO - 🎯 active=1, passive=2, mode=engaged
2026-02-03 17:52:57,704 - LightControllerV3 - INFO - 🎯 active=1, passive=2, mode=engaged
2026-02-03 17:52:57,738 - LightControllerV3 - INFO - 🎯 active=1, passive=2, mode=engaged
2026-02-03 17:52:57,771 - LightControllerV3 - INFO - 🎯 active=1, passive=2, mode=engaged
2026-02-03 17:52:57,805 - V3Dev.tracking.osc_handler - INFO - 📥 OSC: 132 msgs, person 96 at (-18, 364), active=1, passive=2
2026-02-03 17:52:57,806 - LightControllerV3 - INFO - 🎯 active=1, passive=2, mode=engaged
2026-02-03 17:52:57,840 - LightControllerV3 - INFO - 🎯 active=1, passive=2, mode=engaged
2026-02-03 17:52:57,876 - LightControllerV3 - INFO - 🎯 active=1, passive=2, mode=engaged
2026-02-03 17:52:57,912 - LightControllerV3 - INFO - 🎯 active=1, passive=2, mode=engaged
2026-02-03 17:52:57,947 - LightControllerV3 - INFO - 🎯 active=1, passive=2, mode=engaged
2026-02-03 17:52:57,980 - LightControllerV3 - INFO - 🎯 active=1, passive=2, mode=engaged
2026-02-03 17:52:58,016 - LightControllerV3 - INFO - 🎯 active=1, passive=2, mode=engaged
2026-02-03 17:52:58,050 - LightControllerV3 - INFO - 🎯 active=1, passive=2, mode=engaged
2026-02-03 17:52:58,085 - LightControllerV3 - INFO - 🎯 active=1, passive=2, mode=engaged
2026-02-03 17:52:58,119 - LightControllerV3 - INFO - 🎯 active=1, passive=2, mode=engaged
2026-02-03 17:52:58,152 - LightControllerV3 - INFO - 🎯 active=1, passive=2, mode=engaged
2026-02-03 17:52:58,188 - LightControllerV3 - INFO - 🎯 active=1, passive=2, mode=engaged
2026-02-03 17:52:58,222 - LightControllerV3 - INFO - 🎯 active=1, passive=2, mode=engaged
2026-02-03 17:52:58,255 - LightControllerV3 - INFO - 🎯 active=1, passive=2, mode=engaged
2026-02-03 17:52:58,291 - LightControllerV3 - INFO - 🎯 active=1, passive=2, mode=engaged
2026-02-03 17:52:58,326 - LightControllerV3 - INFO - 🎯 active=1, passive=2, mode=engaged
2026-02-03 17:52:58,361 - LightControllerV3 - INFO - 🎯 active=1, passive=1, mode=engaged
2026-02-03 17:52:58,395 - LightControllerV3 - INFO - 🎯 active=1, passive=1, mode=engaged
2026-02-03 17:52:58,430 - LightControllerV3 - INFO - 🎯 active=1, passive=1, mode=engaged
2026-02-03 17:52:58,465 - LightControllerV3 - INFO - 🎯 active=1, passive=1, mode=engaged
2026-02-03 17:52:58,499 - LightControllerV3 - INFO - 🎯 active=1, passive=1, mode=engaged
2026-02-03 17:52:58,535 - LightControllerV3 - INFO - 🎯 active=1, passive=1, mode=engaged
2026-02-03 17:52:58,569 - LightControllerV3 - INFO - 🎯 active=1, passive=1, mode=engaged
2026-02-03 17:52:58,604 - LightControllerV3 - INFO - 🎯 active=1, passive=2, mode=engaged
2026-02-03 17:52:58,639 - LightControllerV3 - INFO - 🎯 active=1, passive=2, mode=engaged
2026-02-03 17:52:58,674 - LightControllerV3 - INFO - 🎯 active=1, passive=2, mode=engaged
2026-02-03 17:52:58,710 - LightControllerV3 - INFO - 🎯 active=1, passive=2, mode=engaged
2026-02-03 17:52:58,745 - LightControllerV3 - INFO - 🎯 active=1, passive=2, mode=engaged
2026-02-03 17:52:58,779 - LightControllerV3 - INFO - 🎯 active=1, passive=2, mode=engaged
2026-02-03 17:52:58,814 - LightControllerV3 - INFO - 🎯 active=1, passive=2, mode=engaged
2026-02-03 17:52:58,847 - LightControllerV3 - INFO - 🎯 active=1, passive=2, mode=engaged
2026-02-03 17:52:58,881 - LightControllerV3 - INFO - 🎯 active=1, passive=2, mode=engaged
2026-02-03 17:52:58,916 - LightControllerV3 - INFO - 🎯 active=1, passive=2, mode=engaged
2026-02-03 17:52:58,951 - LightControllerV3 - INFO - 🎯 active=1, passive=2, mode=engaged
2026-02-03 17:52:58,986 - LightControllerV3 - INFO - 🎯 active=1, passive=2, mode=engaged
2026-02-03 17:52:59,019 - LightControllerV3 - INFO - 🎯 active=1, passive=2, mode=engaged
2026-02-03 17:52:59,056 - LightControllerV3 - INFO - 🎯 active=1, passive=2, mode=engaged
2026-02-03 17:52:59,091 - LightControllerV3 - INFO - 🎯 active=1, passive=2, mode=engaged
2026-02-03 17:52:59,125 - LightControllerV3 - INFO - 🎯 active=1, passive=2, mode=engaged
2026-02-03 17:52:59,161 - LightControllerV3 - INFO - 🎯 active=1, passive=2, mode=engaged
2026-02-03 17:52:59,196 - LightControllerV3 - INFO - 🎯 active=1, passive=2, mode=engaged
2026-02-03 17:52:59,230 - LightControllerV3 - INFO - 🎯 active=1, passive=2, mode=engaged
2026-02-03 17:52:59,266 - LightControllerV3 - INFO - 🎯 active=1, passive=2, mode=engaged
2026-02-03 17:52:59,302 - LightControllerV3 - INFO - 🎯 active=1, passive=2, mode=engaged
2026-02-03 17:52:59,336 - LightControllerV3 - INFO - 🎯 active=1, passive=2, mode=engaged
2026-02-03 17:52:59,369 - LightControllerV3 - INFO - 🎯 active=1, passive=2, mode=engaged
2026-02-03 17:52:59,404 - LightControllerV3 - INFO - 🎯 active=1, passive=2, mode=engaged
2026-02-03 17:52:59,436 - LightControllerV3 - INFO - 🎯 active=1, passive=2, mode=engaged
2026-02-03 17:52:59,473 - LightControllerV3 - INFO - 🎯 active=1, passive=1, mode=engaged
2026-02-03 17:52:59,506 - LightControllerV3 - INFO - 🎯 active=1, passive=1, mode=engaged
2026-02-03 17:52:59,541 - LightControllerV3 - INFO - 🎯 active=1, passive=1, mode=engaged
2026-02-03 17:52:59,576 - LightControllerV3 - INFO - 🎯 active=1, passive=1, mode=engaged
2026-02-03 17:52:59,610 - LightControllerV3 - INFO - 🎯 active=1, passive=1, mode=engaged
2026-02-03 17:52:59,646 - LightControllerV3 - INFO - 🎯 active=1, passive=1, mode=engaged
2026-02-03 17:52:59,679 - LightControllerV3 - INFO - 🎯 active=1, passive=1, mode=engaged
2026-02-03 17:52:59,714 - LightControllerV3 - INFO - 🎯 active=1, passive=1, mode=engaged
2026-02-03 17:52:59,751 - LightControllerV3 - INFO - 🎯 active=1, passive=1, mode=engaged
2026-02-03 17:52:59,784 - LightControllerV3 - INFO - 🎯 active=1, passive=1, mode=engaged
2026-02-03 17:52:59,818 - V3Dev.tracking.osc_handler - INFO - 📥 OSC: 159 msgs, person 97 at (-125, 127), active=1, passive=1
2026-02-03 17:52:59,819 - LightControllerV3 - INFO - 🎯 active=1, passive=1, mode=engaged
2026-02-03 17:52:59,853 - LightControllerV3 - INFO - 🎯 active=1, passive=1, mode=engaged
2026-02-03 17:52:59,887 - LightControllerV3 - INFO - 🎯 active=1, passive=1, mode=engaged
2026-02-03 17:52:59,922 - LightControllerV3 - INFO - 🎯 active=1, passive=1, mode=engaged
2026-02-03 17:52:59,957 - LightControllerV3 - INFO - 🎯 active=1, passive=1, mode=engaged
2026-02-03 17:52:59,993 - LightControllerV3 - INFO - 🎯 active=1, passive=1, mode=engaged
2026-02-03 17:53:00,027 - LightControllerV3 - INFO - 🎯 active=1, passive=1, mode=engaged
2026-02-03 17:53:00,062 - LightControllerV3 - INFO - 🎯 active=1, passive=1, mode=engaged
2026-02-03 17:53:00,097 - LightControllerV3 - INFO - 🎯 active=1, passive=1, mode=engaged
2026-02-03 17:53:00,130 - LightControllerV3 - INFO - 🎯 active=1, passive=1, mode=engaged
2026-02-03 17:53:00,166 - LightControllerV3 - INFO - 🎯 active=1, passive=1, mode=engaged
2026-02-03 17:53:00,201 - LightControllerV3 - INFO - 🎯 active=1, passive=1, mode=engaged
2026-02-03 17:53:00,234 - LightControllerV3 - INFO - 🎯 active=1, passive=1, mode=engaged
2026-02-03 17:53:00,268 - LightControllerV3 - INFO - 🎯 active=1, passive=1, mode=engaged
2026-02-03 17:53:00,304 - LightControllerV3 - INFO - 🎯 active=1, passive=1, mode=engaged
2026-02-03 17:53:00,337 - LightControllerV3 - INFO - 🎯 active=1, passive=1, mode=engaged
2026-02-03 17:53:00,372 - LightControllerV3 - INFO - 🎯 active=1, passive=1, mode=engaged
2026-02-03 17:53:00,407 - LightControllerV3 - INFO - 🎯 active=1, passive=1, mode=engaged
2026-02-03 17:53:00,441 - LightControllerV3 - INFO - 🎯 active=1, passive=1, mode=engaged
2026-02-03 17:53:00,476 - LightControllerV3 - INFO - 🎯 active=1, passive=1, mode=engaged
2026-02-03 17:53:00,512 - LightControllerV3 - INFO - 🎯 active=1, passive=1, mode=engaged
2026-02-03 17:53:00,545 - LightControllerV3 - INFO - 🎯 active=1, passive=1, mode=engaged
2026-02-03 17:53:00,580 - LightControllerV3 - INFO - 🎯 active=1, passive=1, mode=engaged
2026-02-03 17:53:00,614 - LightControllerV3 - INFO - 🎯 active=1, passive=1, mode=engaged
2026-02-03 17:53:00,649 - LightControllerV3 - INFO - 🎯 active=1, passive=1, mode=engaged
2026-02-03 17:53:00,683 - LightControllerV3 - INFO - 🎯 active=1, passive=1, mode=engaged
2026-02-03 17:53:00,717 - LightControllerV3 - INFO - 🎯 active=1, passive=1, mode=engaged
2026-02-03 17:53:00,754 - LightControllerV3 - INFO - 🎯 active=1, passive=1, mode=engaged
2026-02-03 17:53:00,789 - LightControllerV3 - INFO - 🎯 active=1, passive=1, mode=engaged
2026-02-03 17:53:00,823 - LightControllerV3 - INFO - 🎯 active=1, passive=2, mode=engaged
2026-02-03 17:53:00,857 - LightControllerV3 - INFO - 🎯 active=1, passive=2, mode=engaged
2026-02-03 17:53:00,892 - LightControllerV3 - INFO - 🎯 active=1, passive=2, mode=engaged
2026-02-03 17:53:00,927 - LightControllerV3 - INFO - 🎯 active=1, passive=2, mode=engaged
2026-02-03 17:53:00,960 - LightControllerV3 - INFO - 🎯 active=1, passive=2, mode=engaged
2026-02-03 17:53:00,995 - LightControllerV3 - INFO - 🎯 active=1, passive=2, mode=engaged
2026-02-03 17:53:01,029 - LightControllerV3 - INFO - 🎯 active=1, passive=2, mode=engaged
2026-02-03 17:53:01,064 - LightControllerV3 - INFO - 🎯 active=1, passive=2, mode=engaged
2026-02-03 17:53:01,097 - LightControllerV3 - INFO - 🎯 active=1, passive=2, mode=engaged
2026-02-03 17:53:01,133 - LightControllerV3 - INFO - 🎯 active=1, passive=2, mode=engaged
2026-02-03 17:53:01,167 - LightControllerV3 - INFO - 🎯 active=1, passive=2, mode=engaged
2026-02-03 17:53:01,202 - LightControllerV3 - INFO - 🎯 active=1, passive=2, mode=engaged
2026-02-03 17:53:01,237 - LightControllerV3 - INFO - 🎯 active=1, passive=2, mode=engaged
2026-02-03 17:53:01,272 - LightControllerV3 - INFO - 🎯 active=1, passive=2, mode=engaged
2026-02-03 17:53:01,306 - LightControllerV3 - INFO - 🎯 active=1, passive=2, mode=engaged
2026-02-03 17:53:01,340 - LightControllerV3 - INFO - 🎯 active=1, passive=1, mode=engaged
2026-02-03 17:53:01,374 - LightControllerV3 - INFO - 🎯 active=1, passive=1, mode=engaged
2026-02-03 17:53:01,409 - LightControllerV3 - INFO - 🎯 active=1, passive=1, mode=engaged
2026-02-03 17:53:01,444 - LightControllerV3 - INFO - 🎯 active=1, passive=1, mode=engaged
2026-02-03 17:53:01,478 - LightControllerV3 - INFO - 🎯 active=1, passive=1, mode=engaged
2026-02-03 17:53:01,513 - LightControllerV3 - INFO - 🎯 active=1, passive=1, mode=engaged
2026-02-03 17:53:01,549 - LightControllerV3 - INFO - 🎯 active=1, passive=1, mode=engaged
2026-02-03 17:53:01,584 - LightControllerV3 - INFO - 🎯 active=1, passive=1, mode=engaged
2026-02-03 17:53:01,618 - LightControllerV3 - INFO - 🎯 active=1, passive=1, mode=engaged
2026-02-03 17:53:01,653 - LightControllerV3 - INFO - 🎯 active=1, passive=1, mode=engaged
2026-02-03 17:53:01,687 - LightControllerV3 - INFO - 🎯 active=1, passive=1, mode=engaged
2026-02-03 17:53:01,722 - LightControllerV3 - INFO - 🎯 active=1, passive=1, mode=engaged
2026-02-03 17:53:01,757 - LightControllerV3 - INFO - 🎯 active=1, passive=1, mode=engaged
2026-02-03 17:53:01,791 - LightControllerV3 - INFO - 🎯 active=1, passive=1, mode=engaged
2026-02-03 17:53:01,826 - V3Dev.tracking.osc_handler - INFO - 📥 OSC: 129 msgs, person 97 at (-125, 127), active=1, passive=1
2026-02-03 17:53:01,827 - LightControllerV3 - INFO - 🎯 active=1, passive=1, mode=engaged
2026-02-03 17:53:01,861 - LightControllerV3 - INFO - 🎯 active=1, passive=1, mode=engaged
2026-02-03 17:53:01,896 - LightControllerV3 - INFO - 🎯 active=1, passive=1, mode=engaged
2026-02-03 17:53:01,931 - LightControllerV3 - INFO - 🎯 active=1, passive=1, mode=engaged
2026-02-03 17:53:01,966 - LightControllerV3 - INFO - 🎯 active=1, passive=1, mode=engaged
2026-02-03 17:53:02,000 - LightControllerV3 - INFO - 🎯 active=1, passive=1, mode=engaged
2026-02-03 17:53:02,034 - LightControllerV3 - INFO - 🎯 active=1, passive=1, mode=engaged
2026-02-03 17:53:02,070 - LightControllerV3 - INFO - 🎯 active=1, passive=1, mode=engaged
2026-02-03 17:53:02,104 - LightControllerV3 - INFO - 🎯 active=1, passive=1, mode=engaged
2026-02-03 17:53:02,138 - LightControllerV3 - INFO - 🎯 active=1, passive=1, mode=engaged
2026-02-03 17:53:02,172 - LightControllerV3 - INFO - 🎯 active=1, passive=1, mode=engaged
2026-02-03 17:53:02,205 - LightControllerV3 - INFO - 🎯 active=1, passive=1, mode=engaged
2026-02-03 17:53:02,240 - LightControllerV3 - INFO - 🎯 active=1, passive=1, mode=engaged
2026-02-03 17:53:02,274 - LightControllerV3 - INFO - 🎯 active=1, passive=1, mode=engaged
2026-02-03 17:53:02,309 - LightControllerV3 - INFO - 🎯 active=1, passive=1, mode=engaged
2026-02-03 17:53:02,344 - LightControllerV3 - INFO - 🎯 active=1, passive=1, mode=engaged
2026-02-03 17:53:02,378 - LightControllerV3 - INFO - 🎯 active=1, passive=1, mode=engaged
2026-02-03 17:53:02,413 - LightControllerV3 - INFO - 🎯 active=1, passive=1, mode=engaged
2026-02-03 17:53:02,447 - LightControllerV3 - INFO - 🎯 active=1, passive=1, mode=engaged
2026-02-03 17:53:02,482 - LightControllerV3 - INFO - 🎯 active=1, passive=1, mode=engaged
2026-02-03 17:53:02,518 - LightControllerV3 - INFO - 🎯 active=1, passive=1, mode=engaged
2026-02-03 17:53:02,552 - LightControllerV3 - INFO - 🎯 active=1, passive=1, mode=engaged
2026-02-03 17:53:02,586 - LightControllerV3 - INFO - 🎯 active=1, passive=1, mode=engaged
2026-02-03 17:53:02,622 - LightControllerV3 - INFO - 🎯 active=1, passive=1, mode=engaged
2026-02-03 17:53:02,657 - LightControllerV3 - INFO - 🎯 active=1, passive=1, mode=engaged
2026-02-03 17:53:02,692 - LightControllerV3 - INFO - 🎯 active=1, passive=1, mode=engaged
2026-02-03 17:53:02,726 - LightControllerV3 - INFO - 🎯 active=1, passive=2, mode=engaged
2026-02-03 17:53:02,761 - LightControllerV3 - INFO - 🎯 active=1, passive=2, mode=engaged
2026-02-03 17:53:02,795 - LightControllerV3 - INFO - 🎯 active=1, passive=2, mode=engaged
2026-02-03 17:53:02,831 - LightControllerV3 - INFO - 🎯 active=1, passive=2, mode=engaged
2026-02-03 17:53:02,866 - LightControllerV3 - INFO - 🎯 active=1, passive=2, mode=engaged
2026-02-03 17:53:02,901 - LightControllerV3 - INFO - 🎯 active=1, passive=2, mode=engaged
2026-02-03 17:53:02,936 - LightControllerV3 - INFO - 🎯 active=1, passive=2, mode=engaged
2026-02-03 17:53:02,970 - LightControllerV3 - INFO - 🎯 active=1, passive=2, mode=engaged
2026-02-03 17:53:03,004 - LightControllerV3 - INFO - 🎯 active=1, passive=2, mode=engaged
2026-02-03 17:53:03,038 - LightControllerV3 - INFO - 🎯 active=1, passive=2, mode=engaged
2026-02-03 17:53:03,073 - LightControllerV3 - INFO - 🎯 active=1, passive=2, mode=engaged
2026-02-03 17:53:03,106 - LightControllerV3 - INFO - 🎯 active=1, passive=2, mode=engaged
2026-02-03 17:53:03,141 - LightControllerV3 - INFO - 🎯 active=1, passive=2, mode=engaged
2026-02-03 17:53:03,177 - LightControllerV3 - INFO - 🎯 active=1, passive=2, mode=engaged
2026-02-03 17:53:03,210 - LightControllerV3 - INFO - 🎯 active=1, passive=2, mode=engaged
2026-02-03 17:53:03,244 - LightControllerV3 - INFO - 🎯 active=1, passive=2, mode=engaged
2026-02-03 17:53:03,280 - LightControllerV3 - INFO - 🎯 active=1, passive=2, mode=engaged
2026-02-03 17:53:03,316 - LightControllerV3 - INFO - 🎯 active=1, passive=2, mode=engaged
2026-02-03 17:53:03,350 - LightControllerV3 - INFO - 🎯 active=1, passive=2, mode=engaged
2026-02-03 17:53:03,385 - LightControllerV3 - INFO - 🎯 active=1, passive=2, mode=engaged
2026-02-03 17:53:03,420 - LightControllerV3 - INFO - 🎯 active=1, passive=2, mode=engaged
2026-02-03 17:53:03,453 - LightControllerV3 - INFO - 🎯 active=1, passive=2, mode=engaged
2026-02-03 17:53:03,490 - LightControllerV3 - INFO - 🎯 active=1, passive=2, mode=engaged
2026-02-03 17:53:03,524 - LightControllerV3 - INFO - 🎯 active=1, passive=2, mode=engaged
2026-02-03 17:53:03,560 - LightControllerV3 - INFO - 🎯 active=1, passive=2, mode=engaged
2026-02-03 17:53:03,593 - LightControllerV3 - INFO - 🎯 active=1, passive=2, mode=engaged
2026-02-03 17:53:03,628 - LightControllerV3 - INFO - 🎯 active=1, passive=2, mode=engaged
2026-02-03 17:53:03,663 - LightControllerV3 - INFO - 🎯 active=1, passive=2, mode=engaged
2026-02-03 17:53:03,698 - LightControllerV3 - INFO - 🎯 active=1, passive=2, mode=engaged
2026-02-03 17:53:03,733 - LightControllerV3 - INFO - 🎯 active=1, passive=2, mode=engaged
2026-02-03 17:53:03,768 - LightControllerV3 - INFO - 🎯 active=1, passive=2, mode=engaged
2026-02-03 17:53:03,803 - LightControllerV3 - INFO - 🎯 active=1, passive=2, mode=engaged
2026-02-03 17:53:03,836 - V3Dev.tracking.osc_handler - INFO - 📥 OSC: 131 msgs, person 97 at (-89, 134), active=1, passive=2
2026-02-03 17:53:03,837 - LightControllerV3 - INFO - 🎯 active=1, passive=2, mode=engaged
2026-02-03 17:53:03,870 - LightControllerV3 - INFO - 🎯 active=1, passive=2, mode=engaged
2026-02-03 17:53:03,905 - LightControllerV3 - INFO - 🎯 active=1, passive=2, mode=engaged
2026-02-03 17:53:03,940 - LightControllerV3 - INFO - 🎯 active=1, passive=2, mode=engaged
2026-02-03 17:53:03,975 - LightControllerV3 - INFO - 🎯 active=1, passive=2, mode=engaged
2026-02-03 17:53:04,010 - LightControllerV3 - INFO - 🎯 active=1, passive=2, mode=engaged
2026-02-03 17:53:04,045 - LightControllerV3 - INFO - 🎯 active=1, passive=2, mode=engaged
2026-02-03 17:53:04,080 - LightControllerV3 - INFO - 🎯 active=1, passive=2, mode=engaged
2026-02-03 17:53:04,115 - LightControllerV3 - INFO - 🎯 active=1, passive=2, mode=engaged
2026-02-03 17:53:04,150 - LightControllerV3 - INFO - 🎯 active=1, passive=2, mode=engaged
2026-02-03 17:53:04,185 - LightControllerV3 - INFO - 🎯 active=1, passive=2, mode=engaged
2026-02-03 17:53:04,220 - LightControllerV3 - INFO - 🎯 active=1, passive=2, mode=engaged
2026-02-03 17:53:04,254 - LightControllerV3 - INFO - 🎯 active=1, passive=2, mode=engaged
2026-02-03 17:53:04,288 - LightControllerV3 - INFO - 🎯 active=1, passive=2, mode=engaged
2026-02-03 17:53:04,323 - LightControllerV3 - INFO - 🎯 active=1, passive=2, mode=engaged
2026-02-03 17:53:04,358 - LightControllerV3 - INFO - 🎯 active=1, passive=2, mode=engaged
2026-02-03 17:53:04,394 - LightControllerV3 - INFO - 🎯 active=1, passive=2, mode=engaged
2026-02-03 17:53:04,426 - LightControllerV3 - INFO - 🎯 active=1, passive=2, mode=engaged
2026-02-03 17:53:04,461 - LightControllerV3 - INFO - 🎯 active=1, passive=2, mode=engaged
2026-02-03 17:53:04,496 - LightControllerV3 - INFO - 🎯 active=1, passive=2, mode=engaged
2026-02-03 17:53:04,530 - LightControllerV3 - INFO - 🎯 active=1, passive=1, mode=engaged
2026-02-03 17:53:04,565 - LightControllerV3 - INFO - 🎯 active=1, passive=1, mode=engaged
2026-02-03 17:53:04,601 - LightControllerV3 - INFO - 🎯 active=1, passive=1, mode=engaged
2026-02-03 17:53:04,636 - LightControllerV3 - INFO - 🎯 active=1, passive=2, mode=engaged
2026-02-03 17:53:04,670 - LightControllerV3 - INFO - 🎯 active=1, passive=2, mode=engaged
2026-02-03 17:53:04,705 - LightControllerV3 - INFO - 🎯 active=1, passive=2, mode=engaged
2026-02-03 17:53:04,740 - LightControllerV3 - INFO - 🎯 active=1, passive=2, mode=engaged
2026-02-03 17:53:04,775 - LightControllerV3 - INFO - 🎯 active=1, passive=2, mode=engaged
2026-02-03 17:53:04,808 - LightControllerV3 - INFO - 🎯 active=1, passive=2, mode=engaged
2026-02-03 17:53:04,845 - LightControllerV3 - INFO - 🎯 active=1, passive=2, mode=engaged
2026-02-03 17:53:04,878 - LightControllerV3 - INFO - 🎯 active=1, passive=2, mode=engaged
2026-02-03 17:53:04,913 - LightControllerV3 - INFO - 🎯 active=1, passive=2, mode=engaged
2026-02-03 17:53:04,948 - LightControllerV3 - INFO - 🎯 active=1, passive=2, mode=engaged
2026-02-03 17:53:04,983 - LightControllerV3 - INFO - 🎯 active=1, passive=2, mode=engaged
2026-02-03 17:53:05,019 - LightControllerV3 - INFO - 🎯 active=1, passive=2, mode=engaged
2026-02-03 17:53:05,053 - LightControllerV3 - INFO - 🎯 active=1, passive=2, mode=engaged
2026-02-03 17:53:05,089 - LightControllerV3 - INFO - 🎯 active=1, passive=2, mode=engaged
2026-02-03 17:53:05,122 - LightControllerV3 - INFO - 🎯 active=1, passive=2, mode=engaged
2026-02-03 17:53:05,156 - LightControllerV3 - INFO - 🎯 active=1, passive=2, mode=engaged
2026-02-03 17:53:05,191 - LightControllerV3 - INFO - 🎯 active=1, passive=2, mode=engaged
2026-02-03 17:53:05,225 - LightControllerV3 - INFO - 🎯 active=1, passive=2, mode=engaged
2026-02-03 17:53:05,260 - LightControllerV3 - INFO - 🎯 active=1, passive=2, mode=engaged
2026-02-03 17:53:05,295 - LightControllerV3 - INFO - 🎯 active=1, passive=2, mode=engaged
2026-02-03 17:53:05,331 - LightControllerV3 - INFO - 🎯 active=1, passive=2, mode=engaged
2026-02-03 17:53:05,365 - LightControllerV3 - INFO - 🎯 active=1, passive=2, mode=engaged
2026-02-03 17:53:05,400 - LightControllerV3 - INFO - 🎯 active=1, passive=2, mode=engaged
2026-02-03 17:53:05,434 - LightControllerV3 - INFO - 🎯 active=1, passive=1, mode=engaged
2026-02-03 17:53:05,468 - LightControllerV3 - INFO - 🎯 active=1, passive=1, mode=engaged
2026-02-03 17:53:05,501 - LightControllerV3 - INFO - 🎯 active=1, passive=1, mode=engaged
2026-02-03 17:53:05,535 - LightControllerV3 - INFO - 🎯 active=1, passive=1, mode=engaged
2026-02-03 17:53:05,570 - LightControllerV3 - INFO - 🎯 active=1, passive=1, mode=engaged
2026-02-03 17:53:05,605 - LightControllerV3 - INFO - 🎯 active=1, passive=1, mode=engaged
2026-02-03 17:53:05,641 - LightControllerV3 - INFO - 🎯 active=1, passive=1, mode=engaged
2026-02-03 17:53:05,675 - LightControllerV3 - INFO - 🎯 active=1, passive=1, mode=engaged
2026-02-03 17:53:05,710 - LightControllerV3 - INFO - 🎯 active=1, passive=1, mode=engaged
2026-02-03 17:53:05,744 - LightControllerV3 - INFO - 🎯 active=1, passive=1, mode=engaged
2026-02-03 17:53:05,780 - LightControllerV3 - INFO - 🎯 active=1, passive=1, mode=engaged
2026-02-03 17:53:05,813 - LightControllerV3 - INFO - 🎯 active=1, passive=1, mode=engaged
2026-02-03 17:53:05,849 - V3Dev.tracking.osc_handler - INFO - 📥 OSC: 154 msgs, person 97 at (-89, 134), active=1, passive=1
2026-02-03 17:53:05,850 - LightControllerV3 - INFO - 🎯 active=1, passive=1, mode=engaged
2026-02-03 17:53:05,884 - LightControllerV3 - INFO - 🎯 active=1, passive=1, mode=engaged
2026-02-03 17:53:05,919 - LightControllerV3 - INFO - 🎯 active=1, passive=1, mode=engaged
2026-02-03 17:53:05,954 - LightControllerV3 - INFO - 🎯 active=1, passive=1, mode=engaged
2026-02-03 17:53:05,989 - LightControllerV3 - INFO - 🎯 active=1, passive=1, mode=engaged
2026-02-03 17:53:06,025 - LightControllerV3 - INFO - 🎯 active=1, passive=1, mode=engaged
2026-02-03 17:53:06,058 - LightControllerV3 - INFO - 🎯 active=1, passive=1, mode=engaged
2026-02-03 17:53:06,093 - LightControllerV3 - INFO - 🎯 active=1, passive=1, mode=engaged
2026-02-03 17:53:06,128 - LightControllerV3 - INFO - 🎯 active=1, passive=1, mode=engaged
2026-02-03 17:53:06,163 - LightControllerV3 - INFO - 🎯 active=1, passive=1, mode=engaged
2026-02-03 17:53:06,198 - LightControllerV3 - INFO - 🎯 active=1, passive=1, mode=engaged
2026-02-03 17:53:06,232 - LightControllerV3 - INFO - 🎯 active=1, passive=1, mode=engaged
2026-02-03 17:53:06,268 - LightControllerV3 - INFO - 🎯 active=1, passive=1, mode=engaged
2026-02-03 17:53:06,303 - LightControllerV3 - INFO - 🎯 active=1, passive=1, mode=engaged
2026-02-03 17:53:06,338 - LightControllerV3 - INFO - 🎯 active=1, passive=1, mode=engaged
2026-02-03 17:53:06,374 - LightControllerV3 - INFO - 🎯 active=1, passive=1, mode=engaged
2026-02-03 17:53:06,407 - LightControllerV3 - INFO - 🎯 active=1, passive=1, mode=engaged
2026-02-03 17:53:06,441 - LightControllerV3 - INFO - 🎯 active=1, passive=1, mode=engaged
2026-02-03 17:53:06,478 - LightControllerV3 - INFO - 🎯 active=1, passive=1, mode=engaged
2026-02-03 17:53:06,512 - LightControllerV3 - INFO - 🎯 active=1, passive=1, mode=engaged
2026-02-03 17:53:06,547 - LightControllerV3 - INFO - 🎯 active=1, passive=1, mode=engaged
2026-02-03 17:53:06,581 - LightControllerV3 - INFO - 🎯 active=1, passive=1, mode=engaged
2026-02-03 17:53:06,618 - LightControllerV3 - INFO - 🎯 active=1, passive=1, mode=engaged
2026-02-03 17:53:06,653 - LightControllerV3 - INFO - 🎯 active=1, passive=2, mode=engaged
2026-02-03 17:53:06,685 - LightControllerV3 - INFO - 🎯 active=1, passive=2, mode=engaged
2026-02-03 17:53:06,719 - LightControllerV3 - INFO - 🎯 active=1, passive=2, mode=engaged
2026-02-03 17:53:06,752 - LightControllerV3 - INFO - 🎯 active=1, passive=2, mode=engaged
2026-02-03 17:53:06,786 - LightControllerV3 - INFO - 🎯 active=1, passive=2, mode=engaged
2026-02-03 17:53:06,820 - LightControllerV3 - INFO - 🎯 active=1, passive=2, mode=engaged
2026-02-03 17:53:06,855 - LightControllerV3 - INFO - 🎯 active=1, passive=2, mode=engaged
2026-02-03 17:53:06,890 - LightControllerV3 - INFO - 🎯 active=1, passive=2, mode=engaged
2026-02-03 17:53:06,924 - LightControllerV3 - INFO - 🎯 active=1, passive=2, mode=engaged
2026-02-03 17:53:06,957 - LightControllerV3 - INFO - 🎯 active=1, passive=2, mode=engaged
2026-02-03 17:53:06,992 - LightControllerV3 - INFO - 🎯 active=1, passive=2, mode=engaged
2026-02-03 17:53:07,027 - LightControllerV3 - INFO - 🎯 active=1, passive=2, mode=engaged
2026-02-03 17:53:07,062 - LightControllerV3 - INFO - 🎯 active=1, passive=2, mode=engaged
2026-02-03 17:53:07,096 - LightControllerV3 - INFO - 🎯 active=1, passive=2, mode=engaged
2026-02-03 17:53:07,130 - LightControllerV3 - INFO - 🎯 active=1, passive=2, mode=engaged
2026-02-03 17:53:07,165 - LightControllerV3 - INFO - 🎯 active=1, passive=2, mode=engaged
2026-02-03 17:53:07,198 - LightControllerV3 - INFO - 🎯 active=1, passive=2, mode=engaged
2026-02-03 17:53:07,235 - LightControllerV3 - INFO - 🎯 active=1, passive=2, mode=engaged
2026-02-03 17:53:07,271 - LightControllerV3 - INFO - 🎯 active=1, passive=2, mode=engaged
2026-02-03 17:53:07,304 - LightControllerV3 - INFO - 🎯 active=1, passive=2, mode=engaged
2026-02-03 17:53:07,340 - LightControllerV3 - INFO - 🎯 active=1, passive=2, mode=engaged
2026-02-03 17:53:07,375 - LightControllerV3 - INFO - 🎯 active=1, passive=2, mode=engaged
2026-02-03 17:53:07,410 - LightControllerV3 - INFO - 🎯 active=1, passive=2, mode=engaged
2026-02-03 17:53:07,445 - LightControllerV3 - INFO - 🎯 active=1, passive=2, mode=engaged
2026-02-03 17:53:07,479 - LightControllerV3 - INFO - 🎯 active=1, passive=2, mode=engaged
2026-02-03 17:53:07,514 - LightControllerV3 - INFO - 🎯 active=1, passive=2, mode=engaged
2026-02-03 17:53:07,550 - LightControllerV3 - INFO - 🎯 active=1, passive=2, mode=engaged
2026-02-03 17:53:07,583 - LightControllerV3 - INFO - 🎯 active=1, passive=2, mode=engaged
2026-02-03 17:53:07,618 - LightControllerV3 - INFO - 🎯 active=1, passive=2, mode=engaged
2026-02-03 17:53:07,653 - LightControllerV3 - INFO - 🎯 active=1, passive=2, mode=engaged
2026-02-03 17:53:07,686 - LightControllerV3 - INFO - 🎯 active=1, passive=2, mode=engaged
2026-02-03 17:53:07,722 - LightControllerV3 - INFO - 🎯 active=1, passive=2, mode=engaged
2026-02-03 17:53:07,755 - LightControllerV3 - INFO - 🎯 active=1, passive=2, mode=engaged
2026-02-03 17:53:07,790 - LightControllerV3 - INFO - 🎯 active=1, passive=2, mode=engaged
2026-02-03 17:53:07,826 - LightControllerV3 - INFO - 🎯 active=1, passive=2, mode=engaged
2026-02-03 17:53:07,857 - LightControllerV3 - INFO - 🎯 active=1, passive=2, mode=engaged
2026-02-03 17:53:07,892 - V3Dev.tracking.osc_handler - INFO - 📥 OSC: 132 msgs, person 97 at (-89, 134), active=1, passive=2
2026-02-03 17:53:07,893 - LightControllerV3 - INFO - 🎯 active=1, passive=2, mode=engaged
2026-02-03 17:53:07,927 - LightControllerV3 - INFO - 🎯 active=1, passive=2, mode=engaged
2026-02-03 17:53:07,962 - LightControllerV3 - INFO - 🎯 active=1, passive=2, mode=engaged
2026-02-03 17:53:07,997 - LightControllerV3 - INFO - 🎯 active=1, passive=2, mode=engaged
2026-02-03 17:53:08,031 - LightControllerV3 - INFO - 🎯 active=1, passive=2, mode=engaged
2026-02-03 17:53:08,064 - LightControllerV3 - INFO - 🎯 active=1, passive=2, mode=engaged
2026-02-03 17:53:08,098 - LightControllerV3 - INFO - 🎯 active=1, passive=2, mode=engaged
2026-02-03 17:53:08,133 - LightControllerV3 - INFO - 🎯 active=1, passive=2, mode=engaged
2026-02-03 17:53:08,166 - LightControllerV3 - INFO - 🎯 active=1, passive=2, mode=engaged
2026-02-03 17:53:08,200 - LightControllerV3 - INFO - 🎯 active=1, passive=2, mode=engaged
2026-02-03 17:53:08,236 - LightControllerV3 - INFO - 🎯 active=1, passive=2, mode=engaged
2026-02-03 17:53:08,271 - LightControllerV3 - INFO - 🎯 active=1, passive=2, mode=engaged
2026-02-03 17:53:08,303 - LightControllerV3 - INFO - 🎯 active=1, passive=2, mode=engaged
2026-02-03 17:53:08,339 - LightControllerV3 - INFO - 🎯 active=1, passive=2, mode=engaged
2026-02-03 17:53:08,372 - LightControllerV3 - INFO - 🎯 active=1, passive=2, mode=engaged
2026-02-03 17:53:08,406 - LightControllerV3 - INFO - 🎯 active=1, passive=2, mode=engaged
2026-02-03 17:53:08,442 - LightControllerV3 - INFO - 🎯 active=1, passive=2, mode=engaged
2026-02-03 17:53:08,477 - LightControllerV3 - INFO - 🎯 active=1, passive=2, mode=engaged
2026-02-03 17:53:08,513 - LightControllerV3 - INFO - 🎯 active=1, passive=2, mode=engaged
2026-02-03 17:53:08,546 - LightControllerV3 - INFO - 🎯 active=1, passive=2, mode=engaged
2026-02-03 17:53:08,580 - LightControllerV3 - INFO - 🎯 active=1, passive=2, mode=engaged
2026-02-03 17:53:08,615 - LightControllerV3 - INFO - 🎯 active=1, passive=2, mode=engaged
2026-02-03 17:53:08,650 - LightControllerV3 - INFO - 🎯 active=1, passive=3, mode=engaged
2026-02-03 17:53:08,685 - LightControllerV3 - INFO - 🎯 active=1, passive=2, mode=engaged
2026-02-03 17:53:08,720 - LightControllerV3 - INFO - 🎯 active=1, passive=2, mode=engaged
2026-02-03 17:53:08,755 - LightControllerV3 - INFO - 🎯 active=1, passive=2, mode=engaged
2026-02-03 17:53:08,790 - LightControllerV3 - INFO - 🎯 active=1, passive=2, mode=engaged
2026-02-03 17:53:08,826 - LightControllerV3 - INFO - 🎯 active=1, passive=2, mode=engaged
2026-02-03 17:53:08,861 - LightControllerV3 - INFO - 🎯 active=1, passive=2, mode=engaged
2026-02-03 17:53:08,896 - LightControllerV3 - INFO - 🎯 active=1, passive=2, mode=engaged
2026-02-03 17:53:08,931 - LightControllerV3 - INFO - 🎯 active=1, passive=2, mode=engaged
2026-02-03 17:53:08,966 - LightControllerV3 - INFO - 🎯 active=1, passive=2, mode=engaged
2026-02-03 17:53:08,999 - LightControllerV3 - INFO - 🎯 active=1, passive=2, mode=engaged
2026-02-03 17:53:09,035 - LightControllerV3 - INFO - 🎯 active=1, passive=2, mode=engaged
2026-02-03 17:53:09,070 - LightControllerV3 - INFO - 🎯 active=1, passive=2, mode=engaged
2026-02-03 17:53:09,106 - LightControllerV3 - INFO - 🎯 active=1, passive=2, mode=engaged
2026-02-03 17:53:09,141 - LightControllerV3 - INFO - 🎯 active=1, passive=2, mode=engaged
2026-02-03 17:53:09,176 - LightControllerV3 - INFO - 🎯 active=1, passive=2, mode=engaged
2026-02-03 17:53:09,211 - LightControllerV3 - INFO - 🎯 active=1, passive=2, mode=engaged
2026-02-03 17:53:09,245 - LightControllerV3 - INFO - 🎯 active=1, passive=2, mode=engaged
2026-02-03 17:53:09,280 - LightControllerV3 - INFO - 🎯 active=1, passive=2, mode=engaged
2026-02-03 17:53:09,315 - LightControllerV3 - INFO - 🎯 active=1, passive=2, mode=engaged
2026-02-03 17:53:09,350 - LightControllerV3 - INFO - 🎯 active=1, passive=2, mode=engaged
2026-02-03 17:53:09,385 - LightControllerV3 - INFO - 🎯 active=1, passive=2, mode=engaged
2026-02-03 17:53:09,420 - LightControllerV3 - INFO - 🎯 active=1, passive=2, mode=engaged
2026-02-03 17:53:09,455 - LightControllerV3 - INFO - 🎯 active=1, passive=2, mode=engaged
2026-02-03 17:53:09,490 - LightControllerV3 - INFO - 🎯 active=1, passive=2, mode=engaged
2026-02-03 17:53:09,524 - LightControllerV3 - INFO - 🎯 active=1, passive=2, mode=engaged
2026-02-03 17:53:09,560 - LightControllerV3 - INFO - 🎯 active=1, passive=2, mode=engaged
2026-02-03 17:53:09,595 - LightControllerV3 - INFO - 🎯 active=1, passive=2, mode=engaged
2026-02-03 17:53:09,630 - LightControllerV3 - INFO - 🎯 active=1, passive=2, mode=engaged
2026-02-03 17:53:09,662 - LightControllerV3 - INFO - 🎯 active=1, passive=2, mode=engaged
2026-02-03 17:53:09,698 - LightControllerV3 - INFO - 🎯 active=1, passive=2, mode=engaged
2026-02-03 17:53:09,731 - LightControllerV3 - INFO - 🎯 active=1, passive=2, mode=engaged
2026-02-03 17:53:09,766 - LightControllerV3 - INFO - 🎯 active=1, passive=2, mode=engaged
2026-02-03 17:53:09,804 - LightControllerV3 - INFO - 🎯 active=1, passive=2, mode=engaged
2026-02-03 17:53:09,836 - LightControllerV3 - INFO - 🎯 active=1, passive=2, mode=engaged
2026-02-03 17:53:09,870 - LightControllerV3 - INFO - 🎯 active=1, passive=2, mode=engaged
2026-02-03 17:53:09,905 - V3Dev.tracking.osc_handler - INFO - 📥 OSC: 170 msgs, person 97 at (-89, 134), active=1, passive=2
2026-02-03 17:53:09,906 - LightControllerV3 - INFO - 🎯 active=1, passive=2, mode=engaged
2026-02-03 17:53:09,940 - LightControllerV3 - INFO - 🎯 active=1, passive=2, mode=engaged
2026-02-03 17:53:09,975 - LightControllerV3 - INFO - 🎯 active=1, passive=2, mode=engaged
2026-02-03 17:53:10,009 - LightControllerV3 - INFO - 🎯 active=1, passive=2, mode=engaged
2026-02-03 17:53:10,045 - LightControllerV3 - INFO - 🎯 active=1, passive=2, mode=engaged
2026-02-03 17:53:10,080 - LightControllerV3 - INFO - 🎯 active=1, passive=2, mode=engaged
2026-02-03 17:53:10,115 - LightControllerV3 - INFO - 🎯 active=1, passive=2, mode=engaged
2026-02-03 17:53:10,149 - LightControllerV3 - INFO - 🎯 active=1, passive=2, mode=engaged
2026-02-03 17:53:10,181 - LightControllerV3 - INFO - 🎯 active=1, passive=2, mode=engaged
2026-02-03 17:53:10,216 - LightControllerV3 - INFO - 🎯 active=1, passive=2, mode=engaged
2026-02-03 17:53:10,252 - LightControllerV3 - INFO - 🎯 active=1, passive=2, mode=engaged
2026-02-03 17:53:10,287 - LightControllerV3 - INFO - 🎯 active=1, passive=2, mode=engaged
2026-02-03 17:53:10,322 - LightControllerV3 - INFO - 🎯 active=1, passive=2, mode=engaged
2026-02-03 17:53:10,357 - LightControllerV3 - INFO - 🎯 active=1, passive=2, mode=engaged
2026-02-03 17:53:10,392 - LightControllerV3 - INFO - 🎯 active=1, passive=2, mode=engaged
2026-02-03 17:53:10,426 - LightControllerV3 - INFO - 🎯 active=1, passive=2, mode=engaged
2026-02-03 17:53:10,460 - LightControllerV3 - INFO - 🎯 active=1, passive=2, mode=engaged
2026-02-03 17:53:10,495 - LightControllerV3 - INFO - 🎯 active=1, passive=2, mode=engaged
2026-02-03 17:53:10,530 - LightControllerV3 - INFO - 🎯 active=1, passive=2, mode=engaged
2026-02-03 17:53:10,563 - LightControllerV3 - INFO - 🎯 active=1, passive=2, mode=engaged
2026-02-03 17:53:10,598 - LightControllerV3 - INFO - 🎯 active=1, passive=2, mode=engaged
2026-02-03 17:53:10,633 - LightControllerV3 - INFO - 🎯 active=1, passive=2, mode=engaged
2026-02-03 17:53:10,667 - LightControllerV3 - INFO - 🎯 active=1, passive=2, mode=engaged
2026-02-03 17:53:10,703 - LightControllerV3 - INFO - 🎯 active=1, passive=2, mode=engaged
2026-02-03 17:53:10,738 - LightControllerV3 - INFO - 🎯 active=1, passive=2, mode=engaged
2026-02-03 17:53:10,773 - LightControllerV3 - INFO - 🎯 active=1, passive=2, mode=engaged
2026-02-03 17:53:10,808 - LightControllerV3 - INFO - 🎯 active=1, passive=2, mode=engaged
2026-02-03 17:53:10,842 - LightControllerV3 - INFO - 🎯 active=1, passive=2, mode=engaged
2026-02-03 17:53:10,877 - LightControllerV3 - INFO - 🎯 active=1, passive=1, mode=engaged
2026-02-03 17:53:10,911 - LightControllerV3 - INFO - 🎯 active=1, passive=2, mode=engaged
2026-02-03 17:53:10,946 - LightControllerV3 - INFO - 🎯 active=1, passive=2, mode=engaged
2026-02-03 17:53:10,978 - LightControllerV3 - INFO - 🎯 active=1, passive=2, mode=engaged
2026-02-03 17:53:11,014 - LightControllerV3 - INFO - 🎯 active=1, passive=2, mode=engaged
2026-02-03 17:53:11,047 - LightControllerV3 - INFO - 🎯 active=1, passive=2, mode=engaged
2026-02-03 17:53:11,080 - LightControllerV3 - INFO - 🎯 active=1, passive=2, mode=engaged
2026-02-03 17:53:11,116 - LightControllerV3 - INFO - 🎯 active=1, passive=2, mode=engaged
2026-02-03 17:53:11,150 - LightControllerV3 - INFO - 🎯 active=1, passive=2, mode=engaged
2026-02-03 17:53:11,185 - LightControllerV3 - INFO - 🎯 active=1, passive=2, mode=engaged
2026-02-03 17:53:11,220 - LightControllerV3 - INFO - 🎯 active=1, passive=2, mode=engaged
2026-02-03 17:53:11,254 - LightControllerV3 - INFO - 🎯 active=1, passive=2, mode=engaged
2026-02-03 17:53:11,287 - LightControllerV3 - INFO - 🎯 active=1, passive=2, mode=engaged
2026-02-03 17:53:11,321 - LightControllerV3 - INFO - 🎯 active=1, passive=2, mode=engaged
2026-02-03 17:53:11,355 - LightControllerV3 - INFO - 🎯 active=1, passive=2, mode=engaged
2026-02-03 17:53:11,391 - LightControllerV3 - INFO - 🎯 active=1, passive=2, mode=engaged
2026-02-03 17:53:11,425 - LightControllerV3 - INFO - 🎯 active=1, passive=2, mode=engaged
2026-02-03 17:53:11,461 - LightControllerV3 - INFO - 🎯 active=1, passive=2, mode=engaged
2026-02-03 17:53:11,496 - LightControllerV3 - INFO - 🎯 active=1, passive=2, mode=engaged
2026-02-03 17:53:11,532 - LightControllerV3 - INFO - 🎯 active=1, passive=2, mode=engaged
2026-02-03 17:53:11,566 - LightControllerV3 - INFO - 🎯 active=1, passive=2, mode=engaged
2026-02-03 17:53:11,599 - LightControllerV3 - INFO - 🎯 active=1, passive=2, mode=engaged
2026-02-03 17:53:11,634 - LightControllerV3 - INFO - 🎯 active=1, passive=2, mode=engaged
2026-02-03 17:53:11,668 - LightControllerV3 - INFO - 🎯 active=1, passive=2, mode=engaged
2026-02-03 17:53:11,703 - LightControllerV3 - INFO - 🎯 active=1, passive=2, mode=engaged
2026-02-03 17:53:11,739 - LightControllerV3 - INFO - 🎯 active=1, passive=2, mode=engaged
2026-02-03 17:53:11,773 - LightControllerV3 - INFO - 🎯 active=1, passive=2, mode=engaged
2026-02-03 17:53:11,808 - LightControllerV3 - INFO - 🎯 active=1, passive=2, mode=engaged
2026-02-03 17:53:11,842 - LightControllerV3 - INFO - 🎯 active=1, passive=2, mode=engaged
2026-02-03 17:53:11,877 - LightControllerV3 - INFO - 🎯 active=1, passive=2, mode=engaged
2026-02-03 17:53:11,912 - V3Dev.tracking.osc_handler - INFO - 📥 OSC: 168 msgs, person 97 at (-89, 134), active=1, passive=2
2026-02-03 17:53:11,912 - LightControllerV3 - INFO - 🎯 active=1, passive=2, mode=engaged
2026-02-03 17:53:11,947 - LightControllerV3 - INFO - 🎯 active=1, passive=2, mode=engaged
2026-02-03 17:53:11,982 - LightControllerV3 - INFO - 🎯 active=1, passive=2, mode=engaged
2026-02-03 17:53:12,017 - LightControllerV3 - INFO - 🎯 active=1, passive=2, mode=engaged
2026-02-03 17:53:12,052 - LightControllerV3 - INFO - 🎯 active=1, passive=2, mode=engaged
2026-02-03 17:53:12,086 - LightControllerV3 - INFO - 🎯 active=1, passive=2, mode=engaged
2026-02-03 17:53:12,122 - LightControllerV3 - INFO - 🎯 active=1, passive=2, mode=engaged
2026-02-03 17:53:12,156 - LightControllerV3 - INFO - 🎯 active=1, passive=2, mode=engaged
2026-02-03 17:53:12,192 - LightControllerV3 - INFO - 🎯 active=1, passive=2, mode=engaged
2026-02-03 17:53:12,227 - LightControllerV3 - INFO - 🎯 active=1, passive=2, mode=engaged
2026-02-03 17:53:12,262 - LightControllerV3 - INFO - 🎯 active=1, passive=2, mode=engaged
2026-02-03 17:53:12,297 - LightControllerV3 - INFO - 🎯 active=1, passive=2, mode=engaged
2026-02-03 17:53:12,331 - LightControllerV3 - INFO - 🎯 active=1, passive=2, mode=engaged
2026-02-03 17:53:12,366 - LightControllerV3 - INFO - 🎯 active=1, passive=2, mode=engaged
2026-02-03 17:53:12,401 - LightControllerV3 - INFO - 🎯 active=1, passive=1, mode=engaged
2026-02-03 17:53:12,435 - LightControllerV3 - INFO - 🎯 active=1, passive=1, mode=engaged
2026-02-03 17:53:12,471 - LightControllerV3 - INFO - 🎯 active=1, passive=1, mode=engaged
2026-02-03 17:53:12,505 - LightControllerV3 - INFO - 🎯 active=1, passive=1, mode=engaged
2026-02-03 17:53:12,541 - LightControllerV3 - INFO - 🎯 active=1, passive=1, mode=engaged
2026-02-03 17:53:12,576 - LightControllerV3 - INFO - 🎯 active=1, passive=1, mode=engaged
2026-02-03 17:53:12,611 - LightControllerV3 - INFO - 🎯 active=1, passive=2, mode=engaged
2026-02-03 17:53:12,645 - LightControllerV3 - INFO - 🎯 active=1, passive=2, mode=engaged
2026-02-03 17:53:12,680 - LightControllerV3 - INFO - 🎯 active=1, passive=2, mode=engaged
2026-02-03 17:53:12,715 - LightControllerV3 - INFO - 🎯 active=1, passive=2, mode=engaged
2026-02-03 17:53:12,749 - LightControllerV3 - INFO - 🎯 active=1, passive=2, mode=engaged
2026-02-03 17:53:12,784 - LightControllerV3 - INFO - 🎯 active=1, passive=2, mode=engaged
2026-02-03 17:53:12,819 - LightControllerV3 - INFO - 🎯 active=1, passive=2, mode=engaged
2026-02-03 17:53:12,854 - LightControllerV3 - INFO - 🎯 active=1, passive=2, mode=engaged
2026-02-03 17:53:12,889 - LightControllerV3 - INFO - 🎯 active=1, passive=2, mode=engaged
2026-02-03 17:53:12,925 - LightControllerV3 - INFO - 🎯 active=1, passive=2, mode=engaged
2026-02-03 17:53:12,958 - LightControllerV3 - INFO - 🎯 active=1, passive=2, mode=engaged
2026-02-03 17:53:12,992 - LightControllerV3 - INFO - 🎯 active=1, passive=2, mode=engaged
2026-02-03 17:53:13,028 - LightControllerV3 - INFO - 🎯 active=1, passive=2, mode=engaged
2026-02-03 17:53:13,063 - LightControllerV3 - INFO - 🎯 active=1, passive=2, mode=engaged
2026-02-03 17:53:13,098 - LightControllerV3 - INFO - 🎯 active=1, passive=2, mode=engaged
2026-02-03 17:53:13,132 - LightControllerV3 - INFO - 🎯 active=1, passive=2, mode=engaged
2026-02-03 17:53:13,167 - LightControllerV3 - INFO - 🎯 active=1, passive=2, mode=engaged
2026-02-03 17:53:13,202 - LightControllerV3 - INFO - 🎯 active=1, passive=2, mode=engaged
2026-02-03 17:53:13,237 - LightControllerV3 - INFO - 🎯 active=1, passive=2, mode=engaged
2026-02-03 17:53:13,272 - LightControllerV3 - INFO - 🎯 active=1, passive=2, mode=engaged
2026-02-03 17:53:13,307 - LightControllerV3 - INFO - 🎯 active=1, passive=2, mode=engaged
2026-02-03 17:53:13,341 - LightControllerV3 - INFO - 🎯 active=1, passive=2, mode=engaged
2026-02-03 17:53:13,376 - LightControllerV3 - INFO - 🎯 active=1, passive=2, mode=engaged
2026-02-03 17:53:13,411 - LightControllerV3 - INFO - 🎯 active=1, passive=2, mode=engaged
2026-02-03 17:53:13,445 - LightControllerV3 - INFO - 🎯 active=1, passive=2, mode=engaged
2026-02-03 17:53:13,479 - LightControllerV3 - INFO - 🎯 active=1, passive=2, mode=engaged
2026-02-03 17:53:13,514 - LightControllerV3 - INFO - 🎯 active=1, passive=2, mode=engaged
2026-02-03 17:53:13,550 - LightControllerV3 - INFO - 🎯 active=1, passive=2, mode=engaged
2026-02-03 17:53:13,584 - LightControllerV3 - INFO - 🎯 active=1, passive=2, mode=engaged
2026-02-03 17:53:13,619 - LightControllerV3 - INFO - 🎯 active=1, passive=2, mode=engaged
2026-02-03 17:53:13,654 - LightControllerV3 - INFO - 🎯 active=1, passive=2, mode=engaged
2026-02-03 17:53:13,689 - LightControllerV3 - INFO - 🎯 active=1, passive=2, mode=engaged
2026-02-03 17:53:13,725 - LightControllerV3 - INFO - 🎯 active=1, passive=2, mode=engaged
2026-02-03 17:53:13,760 - LightControllerV3 - INFO - 🎯 active=1, passive=2, mode=engaged
2026-02-03 17:53:13,795 - LightControllerV3 - INFO - 🎯 active=1, passive=2, mode=engaged
2026-02-03 17:53:13,830 - LightControllerV3 - INFO - 🎯 active=1, passive=2, mode=engaged
2026-02-03 17:53:13,865 - LightControllerV3 - INFO - 🎯 active=1, passive=2, mode=engaged
2026-02-03 17:53:13,899 - LightControllerV3 - INFO - 🎯 active=1, passive=2, mode=engaged
2026-02-03 17:53:13,935 - V3Dev.tracking.osc_handler - INFO - 📥 OSC: 159 msgs, person 97 at (-86, 141), active=1, passive=2
2026-02-03 17:53:13,937 - LightControllerV3 - INFO - 🎯 active=1, passive=2, mode=engaged
2026-02-03 17:53:13,970 - LightControllerV3 - INFO - 🎯 active=1, passive=2, mode=engaged
2026-02-03 17:53:14,005 - LightControllerV3 - INFO - 🎯 active=1, passive=2, mode=engaged
2026-02-03 17:53:14,039 - LightControllerV3 - INFO - 🎯 active=1, passive=2, mode=engaged
2026-02-03 17:53:14,073 - LightControllerV3 - INFO - 🎯 active=1, passive=2, mode=engaged
2026-02-03 17:53:14,107 - LightControllerV3 - INFO - 🎯 active=1, passive=2, mode=engaged
2026-02-03 17:53:14,142 - LightControllerV3 - INFO - 🎯 active=1, passive=2, mode=engaged
2026-02-03 17:53:14,178 - LightControllerV3 - INFO - 🎯 active=1, passive=2, mode=engaged
2026-02-03 17:53:14,213 - LightControllerV3 - INFO - 🎯 active=1, passive=2, mode=engaged
2026-02-03 17:53:14,247 - LightControllerV3 - INFO - 🎯 active=1, passive=2, mode=engaged
2026-02-03 17:53:14,284 - LightControllerV3 - INFO - 🎯 active=1, passive=2, mode=engaged
2026-02-03 17:53:14,318 - LightControllerV3 - INFO - 🎯 active=1, passive=2, mode=engaged
2026-02-03 17:53:14,353 - LightControllerV3 - INFO - 🎯 active=1, passive=2, mode=engaged
2026-02-03 17:53:14,387 - LightControllerV3 - INFO - 🎯 active=1, passive=2, mode=engaged
2026-02-03 17:53:14,421 - LightControllerV3 - INFO - 🎯 active=1, passive=2, mode=engaged
2026-02-03 17:53:14,456 - LightControllerV3 - INFO - 🎯 active=1, passive=2, mode=engaged
2026-02-03 17:53:14,492 - LightControllerV3 - INFO - 🎯 active=1, passive=2, mode=engaged
2026-02-03 17:53:14,526 - LightControllerV3 - INFO - 🎯 active=1, passive=2, mode=engaged
2026-02-03 17:53:14,560 - LightControllerV3 - INFO - 🎯 active=1, passive=2, mode=engaged
2026-02-03 17:53:14,595 - LightControllerV3 - INFO - 🎯 active=1, passive=2, mode=engaged
2026-02-03 17:53:14,630 - LightControllerV3 - INFO - 🎯 active=1, passive=3, mode=engaged
2026-02-03 17:53:14,665 - LightControllerV3 - INFO - 🎯 active=1, passive=3, mode=engaged
2026-02-03 17:53:14,700 - LightControllerV3 - INFO - 🎯 active=1, passive=3, mode=engaged
2026-02-03 17:53:14,735 - LightControllerV3 - INFO - 🎯 active=1, passive=3, mode=engaged
2026-02-03 17:53:14,770 - LightControllerV3 - INFO - 🎯 active=1, passive=3, mode=engaged
2026-02-03 17:53:14,806 - LightControllerV3 - INFO - 🎯 active=1, passive=3, mode=engaged
2026-02-03 17:53:14,838 - LightControllerV3 - INFO - 🎯 active=1, passive=3, mode=engaged
2026-02-03 17:53:14,874 - LightControllerV3 - INFO - 🎯 active=1, passive=3, mode=engaged
2026-02-03 17:53:14,908 - LightControllerV3 - INFO - 🎯 active=1, passive=3, mode=engaged
2026-02-03 17:53:14,943 - LightControllerV3 - INFO - 🎯 active=1, passive=3, mode=engaged
2026-02-03 17:53:14,978 - LightControllerV3 - INFO - 🎯 active=1, passive=3, mode=engaged
2026-02-03 17:53:15,013 - LightControllerV3 - INFO - 🎯 active=1, passive=3, mode=engaged
2026-02-03 17:53:15,048 - LightControllerV3 - INFO - 🎯 active=1, passive=3, mode=engaged
2026-02-03 17:53:15,083 - LightControllerV3 - INFO - 🎯 active=1, passive=3, mode=engaged
2026-02-03 17:53:15,118 - LightControllerV3 - INFO - 🎯 active=1, passive=3, mode=engaged
2026-02-03 17:53:15,152 - LightControllerV3 - INFO - 🎯 active=1, passive=2, mode=engaged
2026-02-03 17:53:15,188 - LightControllerV3 - INFO - 🎯 active=1, passive=2, mode=engaged
2026-02-03 17:53:15,221 - LightControllerV3 - INFO - 🎯 active=1, passive=2, mode=engaged
2026-02-03 17:53:15,257 - LightControllerV3 - INFO - 🎯 active=1, passive=2, mode=engaged
2026-02-03 17:53:15,292 - LightControllerV3 - INFO - 🎯 active=1, passive=2, mode=engaged
2026-02-03 17:53:15,327 - LightControllerV3 - INFO - 🎯 active=1, passive=2, mode=engaged
2026-02-03 17:53:15,362 - LightControllerV3 - INFO - 🎯 active=1, passive=2, mode=engaged
2026-02-03 17:53:15,397 - LightControllerV3 - INFO - 🎯 active=1, passive=2, mode=engaged
2026-02-03 17:53:15,429 - LightControllerV3 - INFO - 🎯 active=1, passive=2, mode=engaged
2026-02-03 17:53:15,465 - LightControllerV3 - INFO - 🎯 active=1, passive=2, mode=engaged
2026-02-03 17:53:15,500 - LightControllerV3 - INFO - 🎯 active=1, passive=2, mode=engaged
2026-02-03 17:53:15,536 - LightControllerV3 - INFO - 🎯 active=1, passive=2, mode=engaged
2026-02-03 17:53:15,570 - LightControllerV3 - INFO - 🎯 active=1, passive=2, mode=engaged
2026-02-03 17:53:15,603 - LightControllerV3 - INFO - 🎯 active=1, passive=2, mode=engaged
2026-02-03 17:53:15,639 - LightControllerV3 - INFO - 🎯 active=1, passive=1, mode=engaged
2026-02-03 17:53:15,674 - LightControllerV3 - INFO - 🎯 active=1, passive=1, mode=engaged
2026-02-03 17:53:15,707 - LightControllerV3 - INFO - 🎯 active=1, passive=1, mode=engaged
2026-02-03 17:53:15,742 - LightControllerV3 - INFO - 🎯 active=1, passive=1, mode=engaged
2026-02-03 17:53:15,776 - LightControllerV3 - INFO - 🎯 active=1, passive=1, mode=engaged
2026-02-03 17:53:15,812 - LightControllerV3 - INFO - 🎯 active=1, passive=1, mode=engaged
2026-02-03 17:53:15,847 - LightControllerV3 - INFO - 🎯 active=1, passive=1, mode=engaged
2026-02-03 17:53:15,882 - LightControllerV3 - INFO - 🎯 active=1, passive=1, mode=engaged
2026-02-03 17:53:15,915 - LightControllerV3 - INFO - 🎯 active=1, passive=1, mode=engaged
2026-02-03 17:53:15,949 - LightControllerV3 - INFO - 🎯 active=1, passive=1, mode=engaged
2026-02-03 17:53:15,983 - V3Dev.tracking.osc_handler - INFO - 📥 OSC: 173 msgs, person 97 at (-126, 279), active=1, passive=1
2026-02-03 17:53:15,984 - LightControllerV3 - INFO - 🎯 active=1, passive=1, mode=engaged
2026-02-03 17:53:16,019 - LightControllerV3 - INFO - 🎯 active=1, passive=1, mode=engaged
2026-02-03 17:53:18,000 - V3Dev.tracking.osc_handler - INFO - 📥 OSC: 136 msgs, person 97 at (-285, 299), active=0, passive=2
2026-02-03 17:53:20,038 - V3Dev.tracking.osc_handler - INFO - 📥 OSC: 116 msgs, person 109 at (-132, 450), active=0, passive=1
2026-02-03 17:53:21,188 - LightControllerV3 - INFO - 🎯 active=0, passive=2, mode=idle
2026-02-03 17:53:22,053 - V3Dev.tracking.osc_handler - INFO - 📥 OSC: 87 msgs, person 110 at (-215, 321), active=0, passive=1
2026-02-03 17:53:24,060 - V3Dev.tracking.osc_handler - INFO - 📥 OSC: 89 msgs, person 110 at (-6, 322), active=0, passive=2
2026-02-03 17:53:25,682 - LightControllerV3 - INFO - 🎯 active=1, passive=2, mode=engaged
2026-02-03 17:53:25,717 - LightControllerV3 - INFO - 🎯 active=1, passive=2, mode=engaged
2026-02-03 17:53:25,752 - LightControllerV3 - INFO - 🎯 active=1, passive=2, mode=engaged
2026-02-03 17:53:25,787 - LightControllerV3 - INFO - 🎯 active=1, passive=2, mode=engaged
2026-02-03 17:53:25,822 - LightControllerV3 - INFO - 🎯 active=1, passive=2, mode=engaged
2026-02-03 17:53:25,857 - LightControllerV3 - INFO - 🎯 active=1, passive=2, mode=engaged
2026-02-03 17:53:25,890 - LightControllerV3 - INFO - 🎯 active=1, passive=2, mode=engaged
2026-02-03 17:53:25,924 - LightControllerV3 - INFO - 🎯 active=1, passive=2, mode=engaged
2026-02-03 17:53:25,960 - LightControllerV3 - INFO - 🎯 active=1, passive=2, mode=engaged
2026-02-03 17:53:25,994 - LightControllerV3 - INFO - 🎯 active=1, passive=2, mode=engaged
2026-02-03 17:53:26,029 - LightControllerV3 - INFO - 🎯 active=1, passive=2, mode=engaged
2026-02-03 17:53:26,062 - V3Dev.tracking.osc_handler - INFO - 📥 OSC: 149 msgs, person 111 at (31, 518), active=1, passive=2
2026-02-03 17:53:26,063 - LightControllerV3 - INFO - 🎯 active=1, passive=2, mode=engaged
2026-02-03 17:53:26,097 - LightControllerV3 - INFO - 🎯 active=1, passive=2, mode=engaged
2026-02-03 17:53:26,132 - LightControllerV3 - INFO - 🎯 active=1, passive=2, mode=engaged
2026-02-03 17:53:26,166 - LightControllerV3 - INFO - 🎯 active=1, passive=1, mode=engaged
2026-02-03 17:53:26,201 - LightControllerV3 - INFO - 🎯 active=1, passive=1, mode=engaged
2026-02-03 17:53:26,235 - LightControllerV3 - INFO - 🎯 active=1, passive=1, mode=engaged
2026-02-03 17:53:26,271 - LightControllerV3 - INFO - 🎯 active=1, passive=1, mode=engaged
2026-02-03 17:53:26,305 - LightControllerV3 - INFO - 🎯 active=1, passive=1, mode=engaged
2026-02-03 17:53:26,340 - LightControllerV3 - INFO - 🎯 active=1, passive=1, mode=engaged
2026-02-03 17:53:26,374 - LightControllerV3 - INFO - 🎯 active=1, passive=1, mode=engaged
2026-02-03 17:53:26,409 - LightControllerV3 - INFO - 🎯 active=1, passive=1, mode=engaged
2026-02-03 17:53:26,443 - LightControllerV3 - INFO - 🎯 active=1, passive=1, mode=engaged
2026-02-03 17:53:26,477 - LightControllerV3 - INFO - 🎯 active=1, passive=1, mode=engaged
2026-02-03 17:53:26,513 - LightControllerV3 - INFO - 🎯 active=1, passive=1, mode=engaged
2026-02-03 17:53:26,548 - LightControllerV3 - INFO - 🎯 active=1, passive=1, mode=engaged
2026-02-03 17:53:26,583 - LightControllerV3 - INFO - 🎯 active=1, passive=1, mode=engaged
2026-02-03 17:53:26,619 - LightControllerV3 - INFO - 🎯 active=1, passive=2, mode=engaged
2026-02-03 17:53:26,652 - LightControllerV3 - INFO - 🎯 active=1, passive=2, mode=engaged
2026-02-03 17:53:26,688 - LightControllerV3 - INFO - 🎯 active=1, passive=2, mode=engaged
2026-02-03 17:53:26,723 - LightControllerV3 - INFO - 🎯 active=1, passive=2, mode=engaged
2026-02-03 17:53:26,758 - LightControllerV3 - INFO - 🎯 active=1, passive=2, mode=engaged
2026-02-03 17:53:26,793 - LightControllerV3 - INFO - 🎯 active=1, passive=2, mode=engaged
2026-02-03 17:53:26,826 - LightControllerV3 - INFO - 🎯 active=1, passive=2, mode=engaged
2026-02-03 17:53:26,859 - LightControllerV3 - INFO - 🎯 active=1, passive=2, mode=engaged
2026-02-03 17:53:26,895 - LightControllerV3 - INFO - 🎯 active=1, passive=2, mode=engaged
2026-02-03 17:53:26,929 - LightControllerV3 - INFO - 🎯 active=1, passive=2, mode=engaged
2026-02-03 17:53:26,964 - LightControllerV3 - INFO - 🎯 active=1, passive=2, mode=engaged
2026-02-03 17:53:26,997 - LightControllerV3 - INFO - 🎯 active=1, passive=2, mode=engaged
2026-02-03 17:53:27,032 - LightControllerV3 - INFO - 🎯 active=1, passive=2, mode=engaged
2026-02-03 17:53:27,066 - LightControllerV3 - INFO - 🎯 active=1, passive=2, mode=engaged
2026-02-03 17:53:27,102 - LightControllerV3 - INFO - 🎯 active=1, passive=2, mode=engaged
2026-02-03 17:53:27,137 - LightControllerV3 - INFO - 🎯 active=1, passive=2, mode=engaged
2026-02-03 17:53:27,172 - LightControllerV3 - INFO - 🎯 active=1, passive=2, mode=engaged
2026-02-03 17:53:27,207 - LightControllerV3 - INFO - 🎯 active=1, passive=2, mode=engaged
2026-02-03 17:53:27,241 - LightControllerV3 - INFO - 🎯 active=1, passive=2, mode=engaged
2026-02-03 17:53:27,275 - LightControllerV3 - INFO - 🎯 active=1, passive=2, mode=engaged
2026-02-03 17:53:27,311 - LightControllerV3 - INFO - 🎯 active=1, passive=2, mode=engaged
2026-02-03 17:53:27,346 - LightControllerV3 - INFO - 🎯 active=1, passive=2, mode=engaged
2026-02-03 17:53:27,381 - LightControllerV3 - INFO - 🎯 active=1, passive=2, mode=engaged
2026-02-03 17:53:27,416 - LightControllerV3 - INFO - 🎯 active=1, passive=2, mode=engaged
2026-02-03 17:53:27,450 - LightControllerV3 - INFO - 🎯 active=1, passive=2, mode=engaged
2026-02-03 17:53:27,486 - LightControllerV3 - INFO - 🎯 active=1, passive=2, mode=engaged
2026-02-03 17:53:27,520 - LightControllerV3 - INFO - 🎯 active=1, passive=2, mode=engaged
2026-02-03 17:53:27,553 - LightControllerV3 - INFO - 🎯 active=1, passive=2, mode=engaged
2026-02-03 17:53:27,588 - LightControllerV3 - INFO - 🎯 active=1, passive=2, mode=engaged
2026-02-03 17:53:27,623 - LightControllerV3 - INFO - 🎯 active=1, passive=2, mode=engaged
2026-02-03 17:53:27,656 - LightControllerV3 - INFO - 🎯 active=1, passive=2, mode=engaged
2026-02-03 17:53:27,690 - LightControllerV3 - INFO - 🎯 active=1, passive=2, mode=engaged
2026-02-03 17:53:27,725 - LightControllerV3 - INFO - 🎯 active=1, passive=2, mode=engaged
2026-02-03 17:53:27,760 - LightControllerV3 - INFO - 🎯 active=1, passive=2, mode=engaged
2026-02-03 17:53:27,796 - LightControllerV3 - INFO - 🎯 active=1, passive=2, mode=engaged
2026-02-03 17:53:27,830 - LightControllerV3 - INFO - 🎯 active=1, passive=2, mode=engaged
2026-02-03 17:53:27,864 - LightControllerV3 - INFO - 🎯 active=1, passive=2, mode=engaged
2026-02-03 17:53:27,901 - LightControllerV3 - INFO - 🎯 active=1, passive=2, mode=engaged
2026-02-03 17:53:27,935 - LightControllerV3 - INFO - 🎯 active=1, passive=2, mode=engaged
2026-02-03 17:53:27,970 - LightControllerV3 - INFO - 🎯 active=1, passive=2, mode=engaged
2026-02-03 17:53:28,004 - LightControllerV3 - INFO - 🎯 active=1, passive=2, mode=engaged
2026-02-03 17:53:28,040 - LightControllerV3 - INFO - 🎯 active=1, passive=2, mode=engaged
2026-02-03 17:53:28,075 - V3Dev.tracking.osc_handler - INFO - 📥 OSC: 149 msgs, person 112 at (-18, 486), active=1, passive=2
2026-02-03 17:53:28,076 - LightControllerV3 - INFO - 🎯 active=1, passive=2, mode=engaged
2026-02-03 17:53:28,110 - LightControllerV3 - INFO - 🎯 active=1, passive=2, mode=engaged
2026-02-03 17:53:28,144 - LightControllerV3 - INFO - 🎯 active=1, passive=2, mode=engaged
2026-02-03 17:53:28,178 - LightControllerV3 - INFO - 🎯 active=1, passive=2, mode=engaged
2026-02-03 17:53:28,213 - LightControllerV3 - INFO - 🎯 active=1, passive=2, mode=engaged
2026-02-03 17:53:28,249 - LightControllerV3 - INFO - 🎯 active=1, passive=2, mode=engaged
2026-02-03 17:53:28,283 - LightControllerV3 - INFO - 🎯 active=1, passive=2, mode=engaged
2026-02-03 17:53:28,319 - LightControllerV3 - INFO - 🎯 active=1, passive=2, mode=engaged
2026-02-03 17:53:28,353 - LightControllerV3 - INFO - 🎯 active=1, passive=2, mode=engaged
2026-02-03 17:53:28,388 - LightControllerV3 - INFO - 🎯 active=1, passive=2, mode=engaged
2026-02-03 17:53:28,424 - LightControllerV3 - INFO - 🎯 active=1, passive=2, mode=engaged
2026-02-03 17:53:28,458 - LightControllerV3 - INFO - 🎯 active=1, passive=2, mode=engaged
2026-02-03 17:53:28,494 - LightControllerV3 - INFO - 🎯 active=1, passive=2, mode=engaged
2026-02-03 17:53:28,528 - LightControllerV3 - INFO - 🎯 active=1, passive=2, mode=engaged
2026-02-03 17:53:28,562 - LightControllerV3 - INFO - 🎯 active=1, passive=2, mode=engaged
2026-02-03 17:53:28,598 - LightControllerV3 - INFO - 🎯 active=1, passive=2, mode=engaged
2026-02-03 17:53:28,633 - LightControllerV3 - INFO - 🎯 active=1, passive=2, mode=engaged
2026-02-03 17:53:28,668 - LightControllerV3 - INFO - 🎯 active=1, passive=2, mode=engaged
2026-02-03 17:53:28,703 - LightControllerV3 - INFO - 🎯 active=1, passive=2, mode=engaged
2026-02-03 17:53:28,738 - LightControllerV3 - INFO - 🎯 active=1, passive=2, mode=engaged
2026-02-03 17:53:28,771 - LightControllerV3 - INFO - 🎯 active=1, passive=2, mode=engaged
2026-02-03 17:53:28,806 - LightControllerV3 - INFO - 🎯 active=1, passive=2, mode=engaged
2026-02-03 17:53:28,839 - LightControllerV3 - INFO - 🎯 active=1, passive=2, mode=engaged
2026-02-03 17:53:28,875 - LightControllerV3 - INFO - 🎯 active=1, passive=2, mode=engaged
2026-02-03 17:53:28,908 - LightControllerV3 - INFO - 🎯 active=1, passive=2, mode=engaged
2026-02-03 17:53:28,944 - LightControllerV3 - INFO - 🎯 active=1, passive=2, mode=engaged
2026-02-03 17:53:28,977 - LightControllerV3 - INFO - 🎯 active=1, passive=2, mode=engaged
2026-02-03 17:53:29,013 - LightControllerV3 - INFO - 🎯 active=1, passive=2, mode=engaged
2026-02-03 17:53:29,048 - LightControllerV3 - INFO - 🎯 active=1, passive=2, mode=engaged
2026-02-03 17:53:29,084 - LightControllerV3 - INFO - 🎯 active=1, passive=2, mode=engaged
2026-02-03 17:53:29,119 - LightControllerV3 - INFO - 🎯 active=1, passive=2, mode=engaged
2026-02-03 17:53:29,154 - LightControllerV3 - INFO - 🎯 active=1, passive=2, mode=engaged
2026-02-03 17:53:29,188 - LightControllerV3 - INFO - 🎯 active=1, passive=2, mode=engaged
2026-02-03 17:53:29,222 - LightControllerV3 - INFO - 🎯 active=1, passive=2, mode=engaged
2026-02-03 17:53:29,258 - LightControllerV3 - INFO - 🎯 active=1, passive=2, mode=engaged
2026-02-03 17:53:29,293 - LightControllerV3 - INFO - 🎯 active=1, passive=2, mode=engaged
2026-02-03 17:53:29,328 - LightControllerV3 - INFO - 🎯 active=1, passive=2, mode=engaged
2026-02-03 17:53:29,363 - LightControllerV3 - INFO - 🎯 active=1, passive=1, mode=engaged
2026-02-03 17:53:29,398 - LightControllerV3 - INFO - 🎯 active=1, passive=1, mode=engaged
2026-02-03 17:53:29,430 - LightControllerV3 - INFO - 🎯 active=1, passive=1, mode=engaged
2026-02-03 17:53:29,466 - LightControllerV3 - INFO - 🎯 active=1, passive=1, mode=engaged
2026-02-03 17:53:29,501 - LightControllerV3 - INFO - 🎯 active=1, passive=1, mode=engaged
2026-02-03 17:53:29,536 - LightControllerV3 - INFO - 🎯 active=1, passive=1, mode=engaged
2026-02-03 17:53:29,571 - LightControllerV3 - INFO - 🎯 active=1, passive=1, mode=engaged
2026-02-03 17:53:29,605 - LightControllerV3 - INFO - 🎯 active=1, passive=1, mode=engaged
2026-02-03 17:53:29,640 - LightControllerV3 - INFO - 🎯 active=1, passive=1, mode=engaged
2026-02-03 17:53:29,675 - LightControllerV3 - INFO - 🎯 active=1, passive=1, mode=engaged
2026-02-03 17:53:29,709 - LightControllerV3 - INFO - 🎯 active=1, passive=1, mode=engaged
2026-02-03 17:53:29,744 - LightControllerV3 - INFO - 🎯 active=1, passive=1, mode=engaged
2026-02-03 17:53:29,779 - LightControllerV3 - INFO - 🎯 active=1, passive=1, mode=engaged
2026-02-03 17:53:29,814 - LightControllerV3 - INFO - 🎯 active=1, passive=1, mode=engaged
2026-02-03 17:53:29,849 - LightControllerV3 - INFO - 🎯 active=1, passive=1, mode=engaged
2026-02-03 17:53:29,883 - LightControllerV3 - INFO - 🎯 active=1, passive=1, mode=engaged
2026-02-03 17:53:29,917 - LightControllerV3 - INFO - 🎯 active=1, passive=1, mode=engaged
2026-02-03 17:53:29,952 - LightControllerV3 - INFO - 🎯 active=1, passive=1, mode=engaged
2026-02-03 17:53:29,987 - LightControllerV3 - INFO - 🎯 active=1, passive=1, mode=engaged
2026-02-03 17:53:30,022 - LightControllerV3 - INFO - 🎯 active=1, passive=1, mode=engaged
2026-02-03 17:53:30,058 - LightControllerV3 - INFO - 🎯 active=1, passive=1, mode=engaged
2026-02-03 17:53:30,091 - V3Dev.tracking.osc_handler - INFO - 📥 OSC: 159 msgs, person 113 at (-156, 135), active=1, passive=1
2026-02-03 17:53:30,092 - LightControllerV3 - INFO - 🎯 active=1, passive=1, mode=engaged
2026-02-03 17:53:30,126 - LightControllerV3 - INFO - 🎯 active=1, passive=1, mode=engaged
2026-02-03 17:53:30,160 - LightControllerV3 - INFO - 🎯 active=1, passive=1, mode=engaged
2026-02-03 17:53:30,196 - LightControllerV3 - INFO - 🎯 active=1, passive=1, mode=engaged
2026-02-03 17:53:30,230 - LightControllerV3 - INFO - 🎯 active=1, passive=1, mode=engaged
2026-02-03 17:53:30,265 - LightControllerV3 - INFO - 🎯 active=1, passive=1, mode=engaged
2026-02-03 17:53:30,300 - LightControllerV3 - INFO - 🎯 active=1, passive=1, mode=engaged
2026-02-03 17:53:30,335 - LightControllerV3 - INFO - 🎯 active=1, passive=1, mode=engaged
2026-02-03 17:53:30,369 - LightControllerV3 - INFO - 🎯 active=1, passive=1, mode=engaged
2026-02-03 17:53:30,405 - LightControllerV3 - INFO - 🎯 active=1, passive=1, mode=engaged
2026-02-03 17:53:30,440 - LightControllerV3 - INFO - 🎯 active=1, passive=1, mode=engaged
2026-02-03 17:53:30,475 - LightControllerV3 - INFO - 🎯 active=1, passive=1, mode=engaged
2026-02-03 17:53:30,510 - LightControllerV3 - INFO - 🎯 active=1, passive=1, mode=engaged
2026-02-03 17:53:30,545 - LightControllerV3 - INFO - 🎯 active=1, passive=1, mode=engaged
2026-02-03 17:53:30,579 - LightControllerV3 - INFO - 🎯 active=1, passive=1, mode=engaged
2026-02-03 17:53:30,614 - LightControllerV3 - INFO - 🎯 active=1, passive=1, mode=engaged
2026-02-03 17:53:30,648 - LightControllerV3 - INFO - 🎯 active=1, passive=1, mode=engaged
2026-02-03 17:53:30,683 - LightControllerV3 - INFO - 🎯 active=1, passive=2, mode=engaged
2026-02-03 17:53:30,718 - LightControllerV3 - INFO - 🎯 active=1, passive=2, mode=engaged
2026-02-03 17:53:30,754 - LightControllerV3 - INFO - 🎯 active=1, passive=2, mode=engaged
2026-02-03 17:53:30,789 - LightControllerV3 - INFO - 🎯 active=1, passive=2, mode=engaged
2026-02-03 17:53:30,824 - LightControllerV3 - INFO - 🎯 active=1, passive=2, mode=engaged
2026-02-03 17:53:30,860 - LightControllerV3 - INFO - 🎯 active=1, passive=2, mode=engaged
2026-02-03 17:53:30,894 - LightControllerV3 - INFO - 🎯 active=1, passive=2, mode=engaged
2026-02-03 17:53:30,929 - LightControllerV3 - INFO - 🎯 active=1, passive=2, mode=engaged
2026-02-03 17:53:30,964 - LightControllerV3 - INFO - 🎯 active=1, passive=2, mode=engaged
2026-02-03 17:53:30,996 - LightControllerV3 - INFO - 🎯 active=1, passive=2, mode=engaged
2026-02-03 17:53:31,032 - LightControllerV3 - INFO - 🎯 active=1, passive=2, mode=engaged
2026-02-03 17:53:31,066 - LightControllerV3 - INFO - 🎯 active=1, passive=2, mode=engaged
2026-02-03 17:53:31,099 - LightControllerV3 - INFO - 🎯 active=1, passive=2, mode=engaged
2026-02-03 17:53:31,133 - LightControllerV3 - INFO - 🎯 active=1, passive=2, mode=engaged
2026-02-03 17:53:31,168 - LightControllerV3 - INFO - 🎯 active=1, passive=2, mode=engaged
2026-02-03 17:53:31,203 - LightControllerV3 - INFO - 🎯 active=1, passive=2, mode=engaged
2026-02-03 17:53:31,237 - LightControllerV3 - INFO - 🎯 active=1, passive=2, mode=engaged
2026-02-03 17:53:31,273 - LightControllerV3 - INFO - 🎯 active=1, passive=2, mode=engaged
2026-02-03 17:53:31,308 - LightControllerV3 - INFO - 🎯 active=1, passive=2, mode=engaged
2026-02-03 17:53:31,341 - LightControllerV3 - INFO - 🎯 active=1, passive=2, mode=engaged
2026-02-03 17:53:31,376 - LightControllerV3 - INFO - 🎯 active=1, passive=2, mode=engaged
2026-02-03 17:53:31,412 - LightControllerV3 - INFO - 🎯 active=1, passive=2, mode=engaged
2026-02-03 17:53:31,446 - LightControllerV3 - INFO - 🎯 active=1, passive=2, mode=engaged
2026-02-03 17:53:31,480 - LightControllerV3 - INFO - 🎯 active=1, passive=2, mode=engaged
2026-02-03 17:53:31,516 - LightControllerV3 - INFO - 🎯 active=1, passive=2, mode=engaged
2026-02-03 17:53:31,551 - LightControllerV3 - INFO - 🎯 active=1, passive=2, mode=engaged
2026-02-03 17:53:31,586 - LightControllerV3 - INFO - 🎯 active=1, passive=2, mode=engaged
2026-02-03 17:53:31,621 - LightControllerV3 - INFO - 🎯 active=1, passive=2, mode=engaged
2026-02-03 17:53:31,656 - LightControllerV3 - INFO - 🎯 active=1, passive=2, mode=engaged
2026-02-03 17:53:31,691 - LightControllerV3 - INFO - 🎯 active=1, passive=2, mode=engaged
2026-02-03 17:53:31,724 - LightControllerV3 - INFO - 🎯 active=1, passive=2, mode=engaged
2026-02-03 17:53:31,758 - LightControllerV3 - INFO - 🎯 active=1, passive=2, mode=engaged
2026-02-03 17:53:31,794 - LightControllerV3 - INFO - 🎯 active=1, passive=2, mode=engaged
2026-02-03 17:53:31,829 - LightControllerV3 - INFO - 🎯 active=1, passive=2, mode=engaged
2026-02-03 17:53:31,864 - LightControllerV3 - INFO - 🎯 active=1, passive=2, mode=engaged
2026-02-03 17:53:31,898 - LightControllerV3 - INFO - 🎯 active=1, passive=2, mode=engaged
2026-02-03 17:53:31,930 - LightControllerV3 - INFO - 🎯 active=1, passive=2, mode=engaged
2026-02-03 17:53:31,966 - LightControllerV3 - INFO - 🎯 active=1, passive=2, mode=engaged
2026-02-03 17:53:31,999 - LightControllerV3 - INFO - 🎯 active=1, passive=2, mode=engaged
2026-02-03 17:53:32,034 - LightControllerV3 - INFO - 🎯 active=1, passive=2, mode=engaged
2026-02-03 17:53:32,069 - LightControllerV3 - INFO - 🎯 active=1, passive=2, mode=engaged
2026-02-03 17:53:32,104 - V3Dev.tracking.osc_handler - INFO - 📥 OSC: 138 msgs, person 113 at (-145, 145), active=1, passive=2
2026-02-03 17:53:32,105 - LightControllerV3 - INFO - 🎯 active=1, passive=2, mode=engaged
2026-02-03 17:53:32,138 - LightControllerV3 - INFO - 🎯 active=1, passive=2, mode=engaged
2026-02-03 17:53:32,174 - LightControllerV3 - INFO - 🎯 active=1, passive=2, mode=engaged
2026-02-03 17:53:32,210 - LightControllerV3 - INFO - 🎯 active=1, passive=2, mode=engaged
2026-02-03 17:53:32,245 - LightControllerV3 - INFO - 🎯 active=1, passive=2, mode=engaged
2026-02-03 17:53:32,280 - LightControllerV3 - INFO - 🎯 active=1, passive=2, mode=engaged
2026-02-03 17:53:32,313 - LightControllerV3 - INFO - 🎯 active=1, passive=2, mode=engaged
2026-02-03 17:53:32,349 - LightControllerV3 - INFO - 🎯 active=1, passive=2, mode=engaged
2026-02-03 17:53:32,384 - LightControllerV3 - INFO - 🎯 active=1, passive=2, mode=engaged
2026-02-03 17:53:32,419 - LightControllerV3 - INFO - 🎯 active=1, passive=2, mode=engaged
2026-02-03 17:53:32,455 - LightControllerV3 - INFO - 🎯 active=1, passive=2, mode=engaged
2026-02-03 17:53:32,489 - LightControllerV3 - INFO - 🎯 active=1, passive=2, mode=engaged
2026-02-03 17:53:32,523 - LightControllerV3 - INFO - 🎯 active=1, passive=2, mode=engaged
2026-02-03 17:53:32,560 - LightControllerV3 - INFO - 🎯 active=1, passive=2, mode=engaged
2026-02-03 17:53:32,595 - LightControllerV3 - INFO - 🎯 active=1, passive=2, mode=engaged
2026-02-03 17:53:32,629 - LightControllerV3 - INFO - 🎯 active=1, passive=3, mode=engaged
2026-02-03 17:53:32,663 - LightControllerV3 - INFO - 🎯 active=1, passive=3, mode=engaged
2026-02-03 17:53:32,699 - LightControllerV3 - INFO - 🎯 active=1, passive=3, mode=engaged
2026-02-03 17:53:32,734 - LightControllerV3 - INFO - 🎯 active=1, passive=2, mode=engaged
2026-02-03 17:53:32,770 - LightControllerV3 - INFO - 🎯 active=1, passive=2, mode=engaged
2026-02-03 17:53:32,804 - LightControllerV3 - INFO - 🎯 active=1, passive=2, mode=engaged
2026-02-03 17:53:32,837 - LightControllerV3 - INFO - 🎯 active=1, passive=2, mode=engaged
2026-02-03 17:53:32,869 - LightControllerV3 - INFO - 🎯 active=1, passive=2, mode=engaged
2026-02-03 17:53:32,904 - LightControllerV3 - INFO - 🎯 active=1, passive=2, mode=engaged
2026-02-03 17:53:32,940 - LightControllerV3 - INFO - 🎯 active=1, passive=2, mode=engaged
2026-02-03 17:53:32,974 - LightControllerV3 - INFO - 🎯 active=1, passive=2, mode=engaged
2026-02-03 17:53:33,009 - LightControllerV3 - INFO - 🎯 active=1, passive=2, mode=engaged
2026-02-03 17:53:33,044 - LightControllerV3 - INFO - 🎯 active=1, passive=2, mode=engaged
2026-02-03 17:53:33,077 - LightControllerV3 - INFO - 🎯 active=1, passive=2, mode=engaged
2026-02-03 17:53:33,114 - LightControllerV3 - INFO - 🎯 active=1, passive=2, mode=engaged
2026-02-03 17:53:33,148 - LightControllerV3 - INFO - 🎯 active=1, passive=2, mode=engaged
2026-02-03 17:53:33,184 - LightControllerV3 - INFO - 🎯 active=1, passive=2, mode=engaged
2026-02-03 17:53:33,218 - LightControllerV3 - INFO - 🎯 active=1, passive=2, mode=engaged
2026-02-03 17:53:33,254 - LightControllerV3 - INFO - 🎯 active=1, passive=2, mode=engaged
2026-02-03 17:53:33,286 - LightControllerV3 - INFO - 🎯 active=1, passive=2, mode=engaged
2026-02-03 17:53:33,322 - LightControllerV3 - INFO - 🎯 active=1, passive=2, mode=engaged
2026-02-03 17:53:33,357 - LightControllerV3 - INFO - 🎯 active=1, passive=2, mode=engaged
2026-02-03 17:53:33,392 - LightControllerV3 - INFO - 🎯 active=1, passive=2, mode=engaged
2026-02-03 17:53:33,426 - LightControllerV3 - INFO - 🎯 active=1, passive=2, mode=engaged
2026-02-03 17:53:33,460 - LightControllerV3 - INFO - 🎯 active=1, passive=2, mode=engaged
2026-02-03 17:53:33,493 - LightControllerV3 - INFO - 🎯 active=1, passive=2, mode=engaged
2026-02-03 17:53:33,528 - LightControllerV3 - INFO - 🎯 active=1, passive=2, mode=engaged
2026-02-03 17:53:33,561 - LightControllerV3 - INFO - 🎯 active=1, passive=2, mode=engaged
2026-02-03 17:53:33,596 - LightControllerV3 - INFO - 🎯 active=1, passive=2, mode=engaged
2026-02-03 17:53:33,630 - LightControllerV3 - INFO - 🎯 active=1, passive=2, mode=engaged
2026-02-03 17:53:33,665 - LightControllerV3 - INFO - 🎯 active=1, passive=2, mode=engaged
2026-02-03 17:53:33,699 - LightControllerV3 - INFO - 🎯 active=1, passive=2, mode=engaged
2026-02-03 17:53:33,735 - LightControllerV3 - INFO - 🎯 active=1, passive=2, mode=engaged
2026-02-03 17:53:33,769 - LightControllerV3 - INFO - 🎯 active=1, passive=2, mode=engaged
2026-02-03 17:53:33,803 - LightControllerV3 - INFO - 🎯 active=1, passive=2, mode=engaged
2026-02-03 17:53:33,839 - LightControllerV3 - INFO - 🎯 active=1, passive=2, mode=engaged
2026-02-03 17:53:33,873 - LightControllerV3 - INFO - 🎯 active=1, passive=2, mode=engaged
2026-02-03 17:53:33,907 - LightControllerV3 - INFO - 🎯 active=1, passive=2, mode=engaged
2026-02-03 17:53:33,943 - LightControllerV3 - INFO - 🎯 active=1, passive=2, mode=engaged
2026-02-03 17:53:33,976 - LightControllerV3 - INFO - 🎯 active=1, passive=2, mode=engaged
2026-02-03 17:53:34,011 - LightControllerV3 - INFO - 🎯 active=1, passive=2, mode=engaged
2026-02-03 17:53:34,045 - LightControllerV3 - INFO - 🎯 active=1, passive=2, mode=engaged
2026-02-03 17:53:34,080 - LightControllerV3 - INFO - 🎯 active=1, passive=2, mode=engaged
2026-02-03 17:53:34,114 - V3Dev.tracking.osc_handler - INFO - 📥 OSC: 164 msgs, person 113 at (-85, 203), active=1, passive=2
2026-02-03 17:53:34,115 - LightControllerV3 - INFO - 🎯 active=1, passive=2, mode=engaged
2026-02-03 17:53:34,150 - LightControllerV3 - INFO - 🎯 active=1, passive=2, mode=engaged
2026-02-03 17:53:34,186 - LightControllerV3 - INFO - 🎯 active=1, passive=2, mode=engaged
2026-02-03 17:53:34,220 - LightControllerV3 - INFO - 🎯 active=1, passive=2, mode=engaged
2026-02-03 17:53:34,256 - LightControllerV3 - INFO - 🎯 active=1, passive=2, mode=engaged
2026-02-03 17:53:34,290 - LightControllerV3 - INFO - 🎯 active=1, passive=2, mode=engaged
2026-02-03 17:53:34,325 - LightControllerV3 - INFO - 🎯 active=1, passive=2, mode=engaged
2026-02-03 17:53:34,360 - LightControllerV3 - INFO - 🎯 active=1, passive=2, mode=engaged
2026-02-03 17:53:34,395 - LightControllerV3 - INFO - 🎯 active=1, passive=2, mode=engaged
2026-02-03 17:53:34,430 - LightControllerV3 - INFO - 🎯 active=1, passive=2, mode=engaged
2026-02-03 17:53:34,464 - LightControllerV3 - INFO - 🎯 active=1, passive=2, mode=engaged
2026-02-03 17:53:34,501 - LightControllerV3 - INFO - 🎯 active=1, passive=2, mode=engaged
2026-02-03 17:53:34,536 - LightControllerV3 - INFO - 🎯 active=1, passive=2, mode=engaged
2026-02-03 17:53:34,570 - LightControllerV3 - INFO - 🎯 active=1, passive=2, mode=engaged
2026-02-03 17:53:34,606 - LightControllerV3 - INFO - 🎯 active=1, passive=2, mode=engaged
2026-02-03 17:53:34,638 - LightControllerV3 - INFO - 🎯 active=1, passive=2, mode=engaged
2026-02-03 17:53:34,672 - LightControllerV3 - INFO - 🎯 active=1, passive=3, mode=engaged
2026-02-03 17:53:34,707 - LightControllerV3 - INFO - 🎯 active=1, passive=3, mode=engaged
2026-02-03 17:53:34,743 - LightControllerV3 - INFO - 🎯 active=1, passive=3, mode=engaged
2026-02-03 17:53:34,776 - LightControllerV3 - INFO - 🎯 active=1, passive=3, mode=engaged
2026-02-03 17:53:34,812 - LightControllerV3 - INFO - 🎯 active=1, passive=3, mode=engaged
2026-02-03 17:53:34,846 - LightControllerV3 - INFO - 🎯 active=1, passive=3, mode=engaged
2026-02-03 17:53:34,879 - LightControllerV3 - INFO - 🎯 active=1, passive=3, mode=engaged
2026-02-03 17:53:34,914 - LightControllerV3 - INFO - 🎯 active=1, passive=3, mode=engaged
2026-02-03 17:53:34,949 - LightControllerV3 - INFO - 🎯 active=1, passive=3, mode=engaged
2026-02-03 17:53:34,984 - LightControllerV3 - INFO - 🎯 active=1, passive=3, mode=engaged
2026-02-03 17:53:35,019 - LightControllerV3 - INFO - 🎯 active=1, passive=3, mode=engaged
2026-02-03 17:53:35,054 - LightControllerV3 - INFO - 🎯 active=1, passive=3, mode=engaged
2026-02-03 17:53:35,090 - LightControllerV3 - INFO - 🎯 active=1, passive=3, mode=engaged
2026-02-03 17:53:35,125 - LightControllerV3 - INFO - 🎯 active=1, passive=3, mode=engaged
2026-02-03 17:53:35,159 - LightControllerV3 - INFO - 🎯 active=1, passive=3, mode=engaged
2026-02-03 17:53:35,195 - LightControllerV3 - INFO - 🎯 active=1, passive=3, mode=engaged
2026-02-03 17:53:35,229 - LightControllerV3 - INFO - 🎯 active=1, passive=3, mode=engaged
2026-02-03 17:53:35,263 - LightControllerV3 - INFO - 🎯 active=1, passive=3, mode=engaged
2026-02-03 17:53:35,297 - LightControllerV3 - INFO - 🎯 active=1, passive=3, mode=engaged
2026-02-03 17:53:35,333 - LightControllerV3 - INFO - 🎯 active=1, passive=3, mode=engaged
2026-02-03 17:53:35,367 - LightControllerV3 - INFO - 🎯 active=1, passive=3, mode=engaged
2026-02-03 17:53:35,399 - LightControllerV3 - INFO - 🎯 active=1, passive=3, mode=engaged
2026-02-03 17:53:35,435 - LightControllerV3 - INFO - 🎯 active=1, passive=3, mode=engaged
2026-02-03 17:53:35,471 - LightControllerV3 - INFO - 🎯 active=1, passive=3, mode=engaged
2026-02-03 17:53:36,165 - V3Dev.tracking.osc_handler - INFO - 📥 OSC: 186 msgs, person 113 at (-194, 301), active=0, passive=2
2026-02-03 17:53:36,791 - LightControllerV3 - INFO - 🎯 active=0, passive=3, mode=engaged
2026-02-03 17:53:38,216 - V3Dev.tracking.osc_handler - INFO - 📥 OSC: 129 msgs, person 118 at (-29, 386), active=0, passive=2
2026-02-03 17:53:40,234 - V3Dev.tracking.osc_handler - INFO - 📥 OSC: 124 msgs, person 120 at (-234, 473), active=0, passive=1
2026-02-03 17:53:41,996 - LightControllerV3 - INFO - 🎯 active=0, passive=2, mode=idle
2026-02-03 17:53:42,274 - V3Dev.tracking.osc_handler - INFO - 📥 OSC: 92 msgs, person 120 at (-68, 472), active=0, passive=2
2026-02-03 17:53:44,283 - V3Dev.tracking.osc_handler - INFO - 📥 OSC: 141 msgs, person 120 at (98, 473), active=0, passive=2
2026-02-03 17:53:46,304 - V3Dev.tracking.osc_handler - INFO - 📥 OSC: 119 msgs, person 122 at (-324, 514), active=0, passive=2
2026-02-03 17:53:47,153 - LightControllerV3 - INFO - 🎯 active=0, passive=2, mode=idle
2026-02-03 17:53:48,307 - V3Dev.tracking.osc_handler - INFO - 📥 OSC: 117 msgs, person 124 at (-102, 505), active=0, passive=1
2026-02-03 17:53:48,545 - LightControllerV3 - INFO - Shutting down...
