{
  "cameras": {
    "Camera 1": {
      "rvec": [
        [
          2.4010185518837655
        ],
        [
          1.7891903942839014
        ],
        [
          2.1348711042452293
        ]
      ],
      "tvec": [
        [
          -8.271782423081207
        ],
        [
          -104.77949752667223
        ],
        [
          -38.7823880470258
        ]
      ],
      "camera_matrix": [
        [
          1740.8,
          0.0,
          1024.0
        ],
        [
          0.0,
          1740.8,
          768.0
        ],
        [
          0.0,
          0.0,
          1.0
        ]
      ],
      "dist_coeffs": [
        0.0,
        0.0,
        0.0,
        0.0,
        0.0
      ],
      "image_size": [
        2048,
        1536
      ]
    },
    "Camera 2": {
      "rvec": [
        [
          2.4323719952756018
        ],
        [
          -2.036762899326048
        ],
        [
          -2.2021242589464967
        ]
      ],
      "tvec": [
        [
          4.733811749897546
        ],
        [
          -55.45193204203457
        ],
        [
          187.6152167117355
        ]
      ],
      "camera_matrix": [
        [
          1740.8,
          0.0,
          1024.0
        ],
        [
          0.0,
          1740.8,
          768.0
        ],
        [
          0.0,
          0.0,
          1.0
        ]
      ],
      "dist_coeffs": [
        0.0,
        0.0,
        0.0,
        0.0,
        0.0
      ],
      "image_size": [
        2048,
        1536
      ]
    }
  },
  "synth_width": 800,
  "synth_height": 600,
  "cm_per_pixel": 1.0,
  "calibration_type": "3d_pose",
  "units": "centimeters"
}