{
  "cameras": {
    "Camera 1": {
      "rvec": [
        [
          2.4010185518837655
        ],
        [
          1.7891903942839014
        ],
        [
          2.1348711042452293
        ]
      ],
      "tvec": [
        [
          50.282996109150304
        ],
        [
          -132.47210327498163
        ],
        [
          -26.115206122461053
        ]
      ],
      "camera_matrix": [
        [
          1740.8,
          0.0,
          1024.0
        ],
        [
          0.0,
          1740.8,
          768.0
        ],
        [
          0.0,
          0.0,
          1.0
        ]
      ],
      "dist_coeffs": [
        0.0,
        0.0,
        0.0,
        0.0,
        0.0
      ],
      "image_size": [
        2048,
        1536
      ]
    },
    "Camera 2": {
      "rvec": [
        [
          2.4323719952756018
        ],
        [
          -2.036762899326048
        ],
        [
          -2.2021242589464967
        ]
      ],
      "tvec": [
        [
          -58.49203730847344
        ],
        [
          -72.90215102681677
        ],
        [
          194.96245212590557
        ]
      ],
      "camera_matrix": [
        [
          1740.8,
          0.0,
          1024.0
        ],
        [
          0.0,
          1740.8,
          768.0
        ],
        [
          0.0,
          0.0,
          1.0
        ]
      ],
      "dist_coeffs": [
        0.0,
        0.0,
        0.0,
        0.0,
        0.0
      ],
      "image_size": [
        2048,
        1536
      ]
    }
  },
  "synth_width": 800,
  "synth_height": 600,
  "cm_per_pixel": 1.0,
  "calibration_type": "3d_pose",
  "units": "centimeters",
  "street_level_y": -66.0,
  "adjusted_for_street_level": true
}